payment_id,order_id,payment_type,payment_value,payment_date
PAY000001,O000001,Debit Card,5563.17,2023-01-03
PAY000002,O000002,UPI,4521.1,2023-02-11
PAY000003,O000003,Credit Card,1028.76,2023-11-16
PAY000004,O000004,Debit Card,5149.81,2024-11-09
PAY000005,O000005,Credit Card,2702.12,2024-01-17
PAY000006,O000006,Net Banking,12116.32,2023-12-02
PAY000007,O000007,Net Banking,5647.58,2023-03-19
PAY000008,O000008,Credit Card,33123.96,2024-04-06
PAY000009,O000009,UPI,23294.68,2024-09-02
PAY000010,O000010,Credit Card,14376.91,2023-10-05
PAY000011,O000011,UPI,8448.96,2024-07-07
PAY000012,O000012,UPI,5955.02,2024-12-11
PAY000013,O000013,Debit Card,341.9,2023-06-15
PAY000014,O000014,UPI,393.27,2023-12-02
PAY000015,O000015,UPI,31388.78,2023-07-27
PAY000016,O000016,Credit Card,3211.07,2024-07-03
PAY000017,O000017,Net Banking,5090.34,2024-02-14
PAY000018,O000018,UPI,6097.42,2024-03-07
PAY000019,O000019,Net Banking,9507.11,2024-08-13
PAY000020,O000020,Credit Card,2846.2,2023-10-26
PAY000021,O000021,UPI,24366.61,2024-11-26
PAY000022,O000022,Credit Card,3798.56,2024-01-25
PAY000023,O000023,Cash on Delivery,808.81,2023-05-15
PAY000024,O000024,Credit Card,15119.08,2024-05-14
PAY000025,O000025,Debit Card,418.47,2024-07-12
PAY000026,O000026,Net Banking,1227.53,2023-08-25
PAY000027,O000027,Net Banking,21254.9,2024-10-10
PAY000028,O000028,UPI,8995.58,2024-11-10
PAY000029,O000029,Debit Card,2376.74,2023-07-02
PAY000030,O000030,Cash on Delivery,4668.58,2024-12-22
PAY000031,O000031,Debit Card,2468.94,2023-04-01
PAY000032,O000032,Net Banking,19588.64,2023-06-13
PAY000033,O000033,Credit Card,1395.26,2023-05-03
PAY000034,O000034,UPI,26641.94,2024-11-25
PAY000035,O000035,Debit Card,3022.93,2024-04-06
PAY000036,O000036,Credit Card,8816.24,2023-04-23
PAY000037,O000037,Net Banking,4514.04,2023-11-25
PAY000038,O000038,Cash on Delivery,6108.38,2024-03-03
PAY000039,O000039,Net Banking,7198.16,2023-03-05
PAY000040,O000040,Cash on Delivery,3928.55,2024-11-04
PAY000041,O000041,UPI,749.89,2024-08-09
PAY000042,O000042,Net Banking,2403.95,2023-12-27
PAY000043,O000043,UPI,35714.26,2024-12-12
PAY000044,O000044,UPI,1538.42,2023-11-07
PAY000045,O000045,Debit Card,29245.35,2024-12-05
PAY000046,O000046,Credit Card,3922.55,2024-04-16
PAY000047,O000047,Cash on Delivery,111.95,2024-03-19
PAY000048,O000048,Credit Card,33637.76,2023-05-23
PAY000049,O000049,Cash on Delivery,1668.8,2024-11-19
PAY000050,O000050,UPI,15561.93,2023-11-12
PAY000051,O000051,Net Banking,12921.0,2023-05-16
PAY000052,O000052,Net Banking,7997.06,2023-01-27
PAY000053,O000053,Debit Card,1226.49,2024-01-19
PAY000054,O000054,Credit Card,1731.5,2023-12-18
PAY000055,O000055,Net Banking,926.11,2024-05-10
PAY000056,O000056,Credit Card,9577.59,2024-11-12
PAY000057,O000057,Debit Card,18062.28,2023-03-26
PAY000058,O000058,Credit Card,7191.39,2024-06-13
PAY000059,O000059,UPI,1690.33,2023-05-02
PAY000060,O000060,UPI,7863.81,2024-10-11
PAY000061,O000061,Credit Card,6939.25,2024-09-22
PAY000062,O000062,Cash on Delivery,12098.23,2024-01-13
PAY000063,O000063,Credit Card,7240.04,2024-05-23
PAY000064,O000064,Net Banking,1577.79,2023-08-18
PAY000065,O000065,Credit Card,4932.23,2023-12-15
PAY000066,O000066,Cash on Delivery,19971.67,2024-09-17
PAY000067,O000067,Credit Card,33794.5,2023-11-02
PAY000068,O000068,UPI,9625.58,2023-09-28
PAY000069,O000069,Net Banking,18897.37,2023-12-04
PAY000070,O000070,Debit Card,4993.6,2024-09-04
PAY000071,O000071,Credit Card,7458.83,2023-09-22
PAY000072,O000072,UPI,1841.6,2023-05-17
PAY000073,O000073,UPI,58986.42,2024-05-20
PAY000074,O000074,Credit Card,945.21,2024-09-12
PAY000075,O000075,Debit Card,36860.7,2023-03-24
PAY000076,O000076,Credit Card,8480.47,2023-06-07
PAY000077,O000077,Credit Card,2685.94,2023-04-03
PAY000078,O000078,Credit Card,3881.35,2023-09-12
PAY000079,O000079,UPI,5943.82,2023-11-28
PAY000080,O000080,Debit Card,4564.56,2024-06-27
PAY000081,O000081,Debit Card,4639.94,2024-04-18
PAY000082,O000082,UPI,2442.34,2024-03-03
PAY000083,O000083,UPI,861.09,2023-09-08
PAY000084,O000084,UPI,17556.37,2024-10-05
PAY000085,O000085,Cash on Delivery,544.85,2023-12-18
PAY000086,O000086,Credit Card,1452.83,2024-12-07
PAY000087,O000087,Credit Card,31146.26,2024-03-08
PAY000088,O000088,Credit Card,13130.73,2023-04-06
PAY000089,O000089,Cash on Delivery,1960.89,2024-04-21
PAY000090,O000090,Debit Card,7847.94,2023-08-23
PAY000091,O000091,UPI,594.58,2024-05-22
PAY000092,O000092,Credit Card,616.92,2023-02-06
PAY000093,O000093,Net Banking,1221.17,2023-05-17
PAY000094,O000094,Credit Card,4234.88,2024-10-06
PAY000095,O000095,UPI,4716.89,2023-06-16
PAY000096,O000096,Cash on Delivery,8285.26,2024-09-29
PAY000097,O000097,Cash on Delivery,89386.09,2023-07-26
PAY000098,O000098,Cash on Delivery,1393.38,2024-03-27
PAY000099,O000099,UPI,203.82,2024-05-21
PAY000100,O000100,UPI,4290.1,2023-12-13
PAY000101,O000101,Credit Card,938.73,2023-08-24
PAY000102,O000102,Net Banking,7076.8,2023-06-15
PAY000103,O000103,Debit Card,7090.37,2023-01-03
PAY000104,O000104,Net Banking,5919.42,2023-08-18
PAY000105,O000105,Cash on Delivery,2401.94,2024-04-01
PAY000106,O000106,Net Banking,8285.54,2024-11-08
PAY000107,O000107,UPI,50537.12,2024-10-25
PAY000108,O000108,UPI,2290.21,2024-06-10
PAY000109,O000109,Credit Card,4408.23,2024-07-19
PAY000110,O000110,UPI,525.76,2024-04-05
PAY000111,O000111,UPI,38633.13,2023-07-15
PAY000112,O000112,Net Banking,1255.73,2024-11-06
PAY000113,O000113,UPI,4586.87,2024-04-19
PAY000114,O000114,Debit Card,64682.74,2024-01-09
PAY000115,O000115,Net Banking,3174.06,2023-03-20
PAY000116,O000116,UPI,280.8,2023-11-25
PAY000117,O000117,UPI,5672.8,2023-11-16
PAY000118,O000118,UPI,8089.25,2024-10-27
PAY000119,O000119,UPI,2619.54,2024-01-19
PAY000120,O000120,Credit Card,15184.35,2023-10-22
PAY000121,O000121,Debit Card,525.76,2024-12-24
PAY000122,O000122,Debit Card,2570.32,2023-03-03
PAY000123,O000123,Credit Card,4173.48,2023-11-11
PAY000124,O000124,Credit Card,21344.8,2023-02-15
PAY000125,O000125,Debit Card,14276.37,2024-06-04
PAY000126,O000126,UPI,945.21,2024-11-24
PAY000127,O000127,UPI,1221.17,2023-07-21
PAY000128,O000128,Net Banking,19909.74,2024-10-25
PAY000129,O000129,UPI,614.93,2023-07-03
PAY000130,O000130,Net Banking,3760.56,2024-11-02
PAY000131,O000131,UPI,393.27,2024-06-19
PAY000132,O000132,UPI,5222.98,2024-08-23
PAY000133,O000133,Credit Card,3068.88,2023-01-03
PAY000134,O000134,Net Banking,11800.62,2024-12-14
PAY000135,O000135,Net Banking,4170.2,2024-06-21
PAY000136,O000136,UPI,5976.49,2023-08-04
PAY000137,O000137,Cash on Delivery,1788.48,2024-09-11
PAY000138,O000138,Credit Card,2666.68,2023-07-06
PAY000139,O000139,UPI,9671.68,2024-10-16
PAY000140,O000140,UPI,33154.13,2023-03-03
PAY000141,O000141,Credit Card,2186.81,2024-05-04
PAY000142,O000142,Credit Card,665.2,2024-01-15
PAY000143,O000143,UPI,2218.83,2023-03-05
PAY000144,O000144,Cash on Delivery,1221.17,2023-06-18
PAY000145,O000145,Debit Card,1386.36,2023-01-13
PAY000146,O000146,Net Banking,9625.58,2023-11-18
PAY000147,O000147,Credit Card,3182.03,2023-08-17
PAY000148,O000148,Debit Card,20873.54,2024-02-03
PAY000149,O000149,Credit Card,1619.39,2023-08-14
PAY000150,O000150,Debit Card,10286.51,2023-08-04
PAY000151,O000151,Cash on Delivery,17287.19,2024-06-14
PAY000152,O000152,Debit Card,4006.75,2023-02-08
PAY000153,O000153,UPI,28958.48,2024-11-07
PAY000154,O000154,UPI,525.76,2024-10-27
PAY000155,O000155,Cash on Delivery,5055.01,2024-04-06
PAY000156,O000156,UPI,45038.37,2024-02-27
PAY000157,O000157,Net Banking,156.01,2024-11-22
PAY000158,O000158,Credit Card,1827.24,2023-05-25
PAY000159,O000159,Credit Card,7397.53,2023-03-25
PAY000160,O000160,Debit Card,4074.06,2023-06-06
PAY000161,O000161,UPI,828.31,2024-07-23
PAY000162,O000162,Credit Card,5353.94,2023-01-16
PAY000163,O000163,UPI,9608.53,2024-02-24
PAY000164,O000164,Debit Card,4089.36,2024-12-08
PAY000165,O000165,UPI,14263.93,2024-10-25
PAY000166,O000166,UPI,945.21,2023-12-17
PAY000167,O000167,Net Banking,17759.66,2023-02-23
PAY000168,O000168,Credit Card,7083.48,2024-09-18
PAY000169,O000169,UPI,2736.47,2024-02-06
PAY000170,O000170,Credit Card,695.13,2023-03-08
PAY000171,O000171,Credit Card,27369.28,2023-03-09
PAY000172,O000172,Credit Card,4194.07,2024-11-21
PAY000173,O000173,Cash on Delivery,2901.04,2024-04-13
PAY000174,O000174,Debit Card,49760.19,2024-09-22
PAY000175,O000175,UPI,773.46,2024-11-29
PAY000176,O000176,Credit Card,3672.68,2024-02-11
PAY000177,O000177,UPI,5246.57,2023-12-09
PAY000178,O000178,UPI,567.72,2023-11-24
PAY000179,O000179,Cash on Delivery,4912.16,2023-08-16
PAY000180,O000180,Credit Card,15914.42,2023-11-06
PAY000181,O000181,Net Banking,12044.24,2024-06-15
PAY000182,O000182,UPI,36503.66,2024-02-03
PAY000183,O000183,UPI,4378.77,2024-11-11
PAY000184,O000184,Credit Card,3022.93,2023-11-13
PAY000185,O000185,Credit Card,6008.22,2024-02-02
PAY000186,O000186,Debit Card,945.21,2024-03-12
PAY000187,O000187,Credit Card,44599.17,2024-02-11
PAY000188,O000188,Credit Card,974.61,2024-05-02
PAY000189,O000189,Debit Card,6230.21,2023-06-13
PAY000190,O000190,Debit Card,965.74,2023-12-09
PAY000191,O000191,Net Banking,138.23,2023-03-11
PAY000192,O000192,Credit Card,1434.6,2023-10-06
PAY000193,O000193,Net Banking,3066.98,2023-12-13
PAY000194,O000194,Credit Card,1128.44,2024-04-21
PAY000195,O000195,Debit Card,2067.45,2024-12-08
PAY000196,O000196,Net Banking,11918.13,2024-02-20
PAY000197,O000197,UPI,17354.67,2024-06-21
PAY000198,O000198,Credit Card,6755.25,2023-12-18
PAY000199,O000199,Cash on Delivery,65860.85,2024-03-06
PAY000200,O000200,Credit Card,10293.59,2023-02-27
PAY000201,O000201,Net Banking,3178.94,2023-07-06
PAY000202,O000202,UPI,689.22,2023-09-17
PAY000203,O000203,Debit Card,4830.58,2023-12-26
PAY000204,O000204,Net Banking,112781.88,2023-02-20
PAY000205,O000205,Credit Card,1154.95,2023-04-19
PAY000206,O000206,Credit Card,1861.57,2023-07-04
PAY000207,O000207,UPI,36025.87,2024-12-28
PAY000208,O000208,UPI,3552.94,2023-08-02
PAY000209,O000209,Credit Card,7153.11,2023-12-15
PAY000210,O000210,Net Banking,1082.19,2023-06-15
PAY000211,O000211,Cash on Delivery,2125.78,2024-03-09
PAY000212,O000212,Debit Card,10611.93,2023-07-07
PAY000213,O000213,Net Banking,181.25,2023-06-26
PAY000214,O000214,Debit Card,3923.97,2023-12-20
PAY000215,O000215,Debit Card,7041.22,2023-01-09
PAY000216,O000216,Net Banking,1372.84,2023-01-24
PAY000217,O000217,Credit Card,10313.48,2023-06-17
PAY000218,O000218,Credit Card,3817.05,2023-01-21
PAY000219,O000219,UPI,888.27,2023-03-29
PAY000220,O000220,Net Banking,22086.24,2023-09-06
PAY000221,O000221,UPI,21493.78,2024-08-03
PAY000222,O000222,UPI,10413.43,2024-02-10
PAY000223,O000223,Credit Card,961.34,2023-12-24
PAY000224,O000224,Cash on Delivery,988.53,2023-08-07
PAY000225,O000225,Net Banking,130.96,2024-11-21
PAY000226,O000226,Credit Card,3302.91,2023-10-11
PAY000227,O000227,Debit Card,2204.83,2023-03-15
PAY000228,O000228,Cash on Delivery,1128.44,2024-03-25
PAY000229,O000229,Credit Card,4526.14,2023-03-12
PAY000230,O000230,Credit Card,1358.42,2023-09-25
PAY000231,O000231,Credit Card,1601.27,2023-12-21
PAY000232,O000232,UPI,2947.11,2024-10-04
PAY000233,O000233,Cash on Delivery,352.13,2023-12-28
PAY000234,O000234,Net Banking,693.18,2024-05-24
PAY000235,O000235,Debit Card,7060.59,2024-12-13
PAY000236,O000236,Credit Card,1218.7,2023-04-21
PAY000237,O000237,Cash on Delivery,8668.54,2023-07-16
PAY000238,O000238,UPI,24964.59,2023-10-25
PAY000239,O000239,UPI,1804.77,2023-11-15
PAY000240,O000240,UPI,137.61,2023-11-05
PAY000241,O000241,Debit Card,525.97,2024-11-21
PAY000242,O000242,Net Banking,13281.07,2024-05-24
PAY000243,O000243,Credit Card,4891.03,2024-02-07
PAY000244,O000244,Debit Card,7737.28,2023-08-23
PAY000245,O000245,UPI,494.07,2024-09-13
PAY000246,O000246,UPI,2455.12,2024-12-15
PAY000247,O000247,UPI,6108.38,2024-09-15
PAY000248,O000248,Credit Card,10900.42,2023-01-08
PAY000249,O000249,Net Banking,9784.96,2024-03-23
PAY000250,O000250,Net Banking,3023.68,2023-02-26
PAY000251,O000251,UPI,2983.4,2023-07-23
PAY000252,O000252,UPI,11898.35,2023-02-13
PAY000253,O000253,Net Banking,7696.02,2024-02-24
PAY000254,O000254,UPI,44611.71,2024-05-18
PAY000255,O000255,Credit Card,5556.64,2023-03-14
PAY000256,O000256,UPI,3626.06,2023-10-03
PAY000257,O000257,Credit Card,3874.69,2023-11-11
PAY000258,O000258,Credit Card,5365.2,2023-09-06
PAY000259,O000259,UPI,10255.53,2023-04-05
PAY000260,O000260,Credit Card,551.82,2023-11-23
PAY000261,O000261,Credit Card,6550.48,2024-06-10
PAY000262,O000262,UPI,40209.56,2023-02-26
PAY000263,O000263,Debit Card,4595.82,2023-03-22
PAY000264,O000264,Net Banking,5891.51,2023-09-06
PAY000265,O000265,UPI,6523.65,2024-12-20
PAY000266,O000266,UPI,4341.4,2024-04-01
PAY000267,O000267,UPI,424.38,2024-04-28
PAY000268,O000268,Credit Card,10338.62,2023-09-26
PAY000269,O000269,Net Banking,3648.44,2024-02-08
PAY000270,O000270,UPI,2951.58,2023-01-17
PAY000271,O000271,Credit Card,6988.89,2024-03-03
PAY000272,O000272,UPI,3016.57,2024-11-02
PAY000273,O000273,Credit Card,2223.08,2024-03-10
PAY000274,O000274,UPI,1960.89,2024-10-19
PAY000275,O000275,Cash on Delivery,4415.16,2024-05-07
PAY000276,O000276,Debit Card,12369.15,2023-04-22
PAY000277,O000277,UPI,6049.36,2024-11-02
PAY000278,O000278,Net Banking,28181.01,2023-02-27
PAY000279,O000279,UPI,494.46,2024-01-05
PAY000280,O000280,UPI,4407.94,2023-04-06
PAY000281,O000281,Cash on Delivery,597.92,2023-01-23
PAY000282,O000282,UPI,104.43,2023-11-26
PAY000283,O000283,Cash on Delivery,7739.64,2023-08-16
PAY000284,O000284,Debit Card,14247.49,2023-12-26
PAY000285,O000285,Cash on Delivery,12567.74,2024-02-13
PAY000286,O000286,Net Banking,48167.07,2023-02-03
PAY000287,O000287,UPI,233.43,2023-04-27
PAY000288,O000288,Net Banking,4724.01,2024-01-11
PAY000289,O000289,UPI,1006.7,2023-09-04
PAY000290,O000290,Debit Card,1042.66,2024-06-23
PAY000291,O000291,Credit Card,18756.59,2024-04-02
PAY000292,O000292,Debit Card,5941.13,2024-10-24
PAY000293,O000293,Net Banking,148.21,2024-05-03
PAY000294,O000294,Net Banking,44553.79,2023-11-23
PAY000295,O000295,Net Banking,10429.62,2024-04-23
PAY000296,O000296,Net Banking,1784.65,2023-07-20
PAY000297,O000297,Credit Card,2307.22,2023-08-18
PAY000298,O000298,Net Banking,2488.34,2024-07-05
PAY000299,O000299,Debit Card,525.76,2023-11-17
PAY000300,O000300,Net Banking,463.28,2024-08-22
PAY000301,O000301,Cash on Delivery,2857.78,2024-09-27
PAY000302,O000302,UPI,37593.96,2024-10-09
PAY000303,O000303,Credit Card,5435.63,2024-11-08
PAY000304,O000304,Net Banking,7986.6,2023-11-02
PAY000305,O000305,UPI,54350.51,2023-08-27
PAY000306,O000306,Credit Card,20549.9,2024-02-29
PAY000307,O000307,Net Banking,1890.21,2023-10-20
PAY000308,O000308,UPI,124.81,2024-02-02
PAY000309,O000309,Cash on Delivery,19902.49,2024-05-18
PAY000310,O000310,Cash on Delivery,11737.06,2024-05-01
PAY000311,O000311,UPI,3464.82,2023-10-24
PAY000312,O000312,Net Banking,10186.94,2023-05-04
PAY000313,O000313,UPI,525.76,2023-11-19
PAY000314,O000314,Net Banking,5363.69,2023-04-02
PAY000315,O000315,Credit Card,4372.17,2024-11-12
PAY000316,O000316,Net Banking,2275.37,2023-09-25
PAY000317,O000317,UPI,1577.79,2023-05-02
PAY000318,O000318,Debit Card,2600.33,2023-01-12
PAY000319,O000319,Net Banking,243.64,2024-03-03
PAY000320,O000320,UPI,12582.21,2024-03-17
PAY000321,O000321,Net Banking,18812.12,2023-09-16
PAY000322,O000322,Cash on Delivery,46137.85,2023-02-16
PAY000323,O000323,Debit Card,154.51,2023-11-17
PAY000324,O000324,Net Banking,1862.85,2023-08-23
PAY000325,O000325,Credit Card,6178.23,2024-04-18
PAY000326,O000326,Credit Card,10833.02,2024-02-20
PAY000327,O000327,UPI,397.0,2023-09-27
PAY000328,O000328,Credit Card,52985.83,2023-06-06
PAY000329,O000329,Credit Card,1970.87,2024-12-01
PAY000330,O000330,Debit Card,7801.69,2023-11-22
PAY000331,O000331,UPI,25193.79,2024-05-21
PAY000332,O000332,UPI,2128.83,2023-04-20
PAY000333,O000333,Net Banking,1896.09,2023-12-11
PAY000334,O000334,UPI,19217.94,2023-01-10
PAY000335,O000335,Credit Card,86594.97,2023-12-15
PAY000336,O000336,UPI,2283.75,2024-12-18
PAY000337,O000337,Credit Card,36588.74,2023-10-05
PAY000338,O000338,Cash on Delivery,2674.64,2023-02-02
PAY000339,O000339,Net Banking,50205.65,2023-01-16
PAY000340,O000340,UPI,1253.82,2023-10-26
PAY000341,O000341,Credit Card,4763.3,2023-05-05
PAY000342,O000342,Cash on Delivery,2997.43,2023-01-25
PAY000343,O000343,Net Banking,945.21,2024-06-12
PAY000344,O000344,UPI,3968.29,2023-11-29
PAY000345,O000345,Net Banking,4472.11,2023-07-07
PAY000346,O000346,UPI,3906.8,2024-11-24
PAY000347,O000347,Credit Card,27227.18,2023-04-02
PAY000348,O000348,UPI,117.58,2024-12-03
PAY000349,O000349,Cash on Delivery,2957.4,2023-08-02
PAY000350,O000350,Net Banking,3344.99,2024-11-26
PAY000351,O000351,UPI,15870.12,2024-02-10
PAY000352,O000352,Debit Card,5626.22,2024-09-26
PAY000353,O000353,UPI,775.83,2024-12-07
PAY000354,O000354,UPI,28130.46,2023-07-08
PAY000355,O000355,Credit Card,8984.62,2024-12-18
PAY000356,O000356,Debit Card,419.38,2023-10-15
PAY000357,O000357,UPI,4799.22,2023-10-06
PAY000358,O000358,Credit Card,119513.48,2023-09-05
PAY000359,O000359,Credit Card,2219.77,2024-01-18
PAY000360,O000360,Debit Card,247.17,2023-05-07
PAY000361,O000361,UPI,9551.73,2024-01-19
PAY000362,O000362,UPI,3368.99,2024-01-06
PAY000363,O000363,UPI,26834.48,2024-06-08
PAY000364,O000364,Credit Card,5445.22,2024-09-10
PAY000365,O000365,Debit Card,443.71,2023-11-18
PAY000366,O000366,Cash on Delivery,884.51,2023-08-06
PAY000367,O000367,UPI,5415.18,2023-07-23
PAY000368,O000368,Debit Card,2436.83,2023-06-02
PAY000369,O000369,UPI,1082.19,2023-02-14
PAY000370,O000370,UPI,5746.47,2023-09-21
PAY000371,O000371,Credit Card,4760.23,2023-07-27
PAY000372,O000372,Debit Card,5748.21,2024-12-15
PAY000373,O000373,Net Banking,2887.58,2024-01-11
PAY000374,O000374,Debit Card,4214.76,2023-09-26
PAY000375,O000375,UPI,5039.59,2024-02-19
PAY000376,O000376,Debit Card,12282.14,2023-04-26
PAY000377,O000377,Net Banking,7926.33,2023-11-27
PAY000378,O000378,Credit Card,1905.52,2024-03-05
PAY000379,O000379,Cash on Delivery,4483.69,2023-12-23
PAY000380,O000380,UPI,2909.24,2023-10-16
PAY000381,O000381,Net Banking,49765.34,2024-12-05
PAY000382,O000382,UPI,24964.59,2024-11-13
PAY000383,O000383,Debit Card,163.12,2024-03-24
PAY000384,O000384,Debit Card,18117.97,2024-01-29
PAY000385,O000385,UPI,2587.57,2024-03-17
PAY000386,O000386,Cash on Delivery,7740.85,2023-06-04
PAY000387,O000387,UPI,1486.11,2023-10-16
PAY000388,O000388,UPI,988.92,2023-02-26
PAY000389,O000389,Net Banking,782.02,2023-12-19
PAY000390,O000390,UPI,33911.23,2024-01-05
PAY000391,O000391,Credit Card,3146.06,2023-06-04
PAY000392,O000392,Debit Card,463.28,2024-12-22
PAY000393,O000393,Net Banking,868.91,2024-11-10
PAY000394,O000394,Cash on Delivery,4564.56,2024-05-13
PAY000395,O000395,Net Banking,8140.34,2024-01-09
PAY000396,O000396,Net Banking,7999.86,2024-10-19
PAY000397,O000397,Cash on Delivery,18406.68,2023-04-14
PAY000398,O000398,Credit Card,6360.2,2024-07-24
PAY000399,O000399,UPI,3651.65,2023-04-26
PAY000400,O000400,Net Banking,298.57,2024-07-09
PAY000401,O000401,UPI,597.92,2023-07-23
PAY000402,O000402,UPI,7397.53,2024-11-20
PAY000403,O000403,Net Banking,3547.46,2024-12-19
PAY000404,O000404,Cash on Delivery,18014.88,2023-04-11
PAY000405,O000405,Credit Card,670.58,2023-11-15
PAY000406,O000406,UPI,19928.47,2024-12-13
PAY000407,O000407,Credit Card,46589.03,2023-12-04
PAY000408,O000408,Credit Card,36831.75,2024-10-28
PAY000409,O000409,Credit Card,12811.49,2024-02-17
PAY000410,O000410,Debit Card,9852.42,2023-10-02
PAY000411,O000411,UPI,4489.07,2023-07-28
PAY000412,O000412,Credit Card,7304.47,2023-06-26
PAY000413,O000413,Net Banking,593.92,2024-06-06
PAY000414,O000414,Debit Card,3783.97,2023-10-10
PAY000415,O000415,UPI,7507.34,2023-12-19
PAY000416,O000416,Credit Card,181.25,2023-12-11
PAY000417,O000417,UPI,7027.65,2024-02-22
PAY000418,O000418,Cash on Delivery,20716.01,2024-10-23
PAY000419,O000419,UPI,1325.5,2024-12-20
PAY000420,O000420,Cash on Delivery,525.76,2023-10-17
PAY000421,O000421,Net Banking,1709.83,2024-09-05
PAY000422,O000422,Credit Card,4397.98,2024-06-12
PAY000423,O000423,UPI,6371.98,2024-02-23
PAY000424,O000424,Net Banking,4162.61,2024-12-29
PAY000425,O000425,UPI,4898.53,2023-06-01
PAY000426,O000426,UPI,2097.31,2023-03-20
PAY000427,O000427,UPI,3748.21,2024-10-12
PAY000428,O000428,Credit Card,2761.05,2023-11-14
PAY000429,O000429,UPI,693.18,2024-10-19
PAY000430,O000430,Cash on Delivery,17557.23,2024-11-06
PAY000431,O000431,UPI,10458.76,2023-02-08
PAY000432,O000432,Net Banking,3928.55,2024-11-13
PAY000433,O000433,UPI,4668.48,2023-11-11
PAY000434,O000434,Credit Card,806.86,2023-12-06
PAY000435,O000435,UPI,8154.46,2024-03-22
PAY000436,O000436,Cash on Delivery,2674.8,2024-11-24
PAY000437,O000437,UPI,63925.39,2023-01-14
PAY000438,O000438,Debit Card,5630.82,2023-12-23
PAY000439,O000439,UPI,4590.58,2024-05-06
PAY000440,O000440,Net Banking,24632.35,2024-05-18
PAY000441,O000441,UPI,17354.67,2024-05-12
PAY000442,O000442,UPI,63.29,2023-04-15
PAY000443,O000443,Debit Card,9821.06,2023-08-25
PAY000444,O000444,UPI,1772.02,2023-09-10
PAY000445,O000445,Credit Card,8191.74,2024-08-20
PAY000446,O000446,UPI,3675.28,2023-07-03
PAY000447,O000447,Debit Card,2507.64,2023-06-23
PAY000448,O000448,Credit Card,145.51,2024-12-16
PAY000449,O000449,UPI,664.12,2023-01-05
PAY000450,O000450,Debit Card,4451.89,2024-12-09
PAY000451,O000451,UPI,12104.48,2024-04-03
PAY000452,O000452,Credit Card,2023.54,2024-09-03
PAY000453,O000453,Debit Card,5230.14,2023-08-22
PAY000454,O000454,Cash on Delivery,96.63,2023-01-03
PAY000455,O000455,UPI,6552.0,2024-06-26
PAY000456,O000456,Debit Card,896.63,2024-09-02
PAY000457,O000457,Credit Card,3750.17,2024-06-25
PAY000458,O000458,Credit Card,5379.13,2023-04-16
PAY000459,O000459,Credit Card,3499.0,2024-06-20
PAY000460,O000460,UPI,1150.31,2024-06-15
PAY000461,O000461,Credit Card,3922.55,2024-04-11
PAY000462,O000462,Debit Card,30101.46,2024-06-03
PAY000463,O000463,Credit Card,260.18,2024-10-24
PAY000464,O000464,UPI,140.4,2024-03-27
PAY000465,O000465,UPI,5053.97,2023-03-03
PAY000466,O000466,Credit Card,10970.23,2023-12-23
PAY000467,O000467,Credit Card,4290.26,2023-03-24
PAY000468,O000468,UPI,7151.52,2023-10-17
PAY000469,O000469,Credit Card,27805.44,2023-10-17
PAY000470,O000470,Debit Card,1660.83,2023-02-20
PAY000471,O000471,UPI,457.65,2023-09-28
PAY000472,O000472,Net Banking,17337.08,2023-03-25
PAY000473,O000473,Cash on Delivery,868.91,2024-08-07
PAY000474,O000474,UPI,24924.72,2024-12-06
PAY000475,O000475,UPI,1585.54,2023-02-12
PAY000476,O000476,Credit Card,25901.96,2024-12-18
PAY000477,O000477,UPI,3708.44,2023-12-04
PAY000478,O000478,Net Banking,665.2,2023-08-28
PAY000479,O000479,UPI,3393.63,2023-02-15
PAY000480,O000480,UPI,14703.08,2023-12-08
PAY000481,O000481,UPI,18862.46,2024-07-06
PAY000482,O000482,UPI,594.58,2024-05-24
PAY000483,O000483,UPI,1485.64,2023-02-21
PAY000484,O000484,UPI,2006.08,2023-02-28
PAY000485,O000485,UPI,4240.23,2023-10-13
PAY000486,O000486,Credit Card,10257.52,2023-08-05
PAY000487,O000487,UPI,6199.5,2023-06-15
PAY000488,O000488,Net Banking,2691.02,2023-07-26
PAY000489,O000489,UPI,3073.6,2024-08-21
PAY000490,O000490,UPI,13039.86,2024-11-15
PAY000491,O000491,UPI,3590.37,2023-10-28
PAY000492,O000492,Debit Card,12017.23,2024-11-09
PAY000493,O000493,Credit Card,6859.82,2023-08-04
PAY000494,O000494,UPI,6021.47,2023-12-19
PAY000495,O000495,UPI,2723.07,2023-06-25
PAY000496,O000496,Cash on Delivery,4356.45,2024-03-09
PAY000497,O000497,Net Banking,3491.52,2024-12-20
PAY000498,O000498,UPI,132.46,2024-02-18
PAY000499,O000499,Credit Card,1127.27,2023-09-23
PAY000500,O000500,Credit Card,5089.27,2024-04-19
PAY000501,O000501,UPI,5863.27,2023-04-02
PAY000502,O000502,Net Banking,567.72,2024-11-04
PAY000503,O000503,Debit Card,5002.18,2023-12-22
PAY000504,O000504,Credit Card,693.18,2023-11-08
PAY000505,O000505,Net Banking,929.75,2024-02-10
PAY000506,O000506,Credit Card,3460.57,2024-03-01
PAY000507,O000507,UPI,22884.34,2023-02-03
PAY000508,O000508,UPI,1619.39,2024-04-05
PAY000509,O000509,Credit Card,8382.75,2023-06-04
PAY000510,O000510,UPI,402.05,2024-05-22
PAY000511,O000511,Credit Card,4328.64,2024-09-19
PAY000512,O000512,UPI,2034.65,2024-08-24
PAY000513,O000513,UPI,957.43,2024-01-10
PAY000514,O000514,Net Banking,3966.21,2023-12-04
PAY000515,O000515,Cash on Delivery,3705.49,2023-04-10
PAY000516,O000516,Credit Card,9836.17,2024-07-23
PAY000517,O000517,Debit Card,2618.05,2023-07-25
PAY000518,O000518,Net Banking,43480.94,2023-12-03
PAY000519,O000519,Debit Card,9938.61,2023-07-14
PAY000520,O000520,UPI,6600.07,2023-04-03
PAY000521,O000521,Credit Card,93310.7,2024-03-16
PAY000522,O000522,Credit Card,27991.84,2023-02-07
PAY000523,O000523,Credit Card,5267.03,2024-06-07
PAY000524,O000524,UPI,18489.04,2023-08-05
PAY000525,O000525,Debit Card,1763.86,2023-01-25
PAY000526,O000526,UPI,8092.44,2023-12-23
PAY000527,O000527,UPI,5721.72,2023-02-04
PAY000528,O000528,UPI,11351.87,2023-07-24
PAY000529,O000529,UPI,1326.66,2024-05-16
PAY000530,O000530,Net Banking,20279.14,2023-02-05
PAY000531,O000531,Debit Card,3610.94,2024-10-01
PAY000532,O000532,Net Banking,7858.89,2023-01-13
PAY000533,O000533,Credit Card,8992.39,2023-07-24
PAY000534,O000534,Credit Card,34899.26,2024-06-17
PAY000535,O000535,Debit Card,3690.15,2023-08-16
PAY000536,O000536,Credit Card,9255.88,2023-03-28
PAY000537,O000537,Credit Card,6773.32,2023-09-27
PAY000538,O000538,Credit Card,2671.55,2023-07-02
PAY000539,O000539,Cash on Delivery,84452.67,2024-10-28
PAY000540,O000540,Net Banking,4450.54,2023-08-05
PAY000541,O000541,UPI,6098.7,2024-07-11
PAY000542,O000542,UPI,2877.79,2024-11-03
PAY000543,O000543,Debit Card,1196.79,2023-11-04
PAY000544,O000544,UPI,7661.16,2024-11-28
PAY000545,O000545,UPI,637.05,2023-10-27
PAY000546,O000546,UPI,4881.68,2024-12-25
PAY000547,O000547,Credit Card,814.67,2023-03-07
PAY000548,O000548,Credit Card,11754.93,2024-05-13
PAY000549,O000549,Credit Card,215.81,2023-12-23
PAY000550,O000550,Cash on Delivery,15294.01,2023-10-03
PAY000551,O000551,Credit Card,1543.13,2024-03-24
PAY000552,O000552,UPI,2262.52,2024-05-02
PAY000553,O000553,Credit Card,7782.79,2023-01-24
PAY000554,O000554,UPI,1196.79,2023-05-14
PAY000555,O000555,Cash on Delivery,7487.4,2024-05-19
PAY000556,O000556,UPI,9680.38,2024-04-16
PAY000557,O000557,Cash on Delivery,7538.42,2024-12-26
PAY000558,O000558,Credit Card,3970.63,2024-06-02
PAY000559,O000559,Net Banking,769.02,2024-12-11
PAY000560,O000560,Debit Card,14296.77,2024-05-13
PAY000561,O000561,Cash on Delivery,12390.99,2023-08-26
PAY000562,O000562,Debit Card,5056.97,2023-03-17
PAY000563,O000563,Credit Card,5876.52,2024-07-28
PAY000564,O000564,Debit Card,4912.16,2024-03-25
PAY000565,O000565,Net Banking,1226.16,2023-02-04
PAY000566,O000566,Net Banking,2468.94,2023-09-02
PAY000567,O000567,UPI,4756.04,2024-12-09
PAY000568,O000568,UPI,10329.42,2023-12-05
PAY000569,O000569,UPI,2143.16,2023-11-21
PAY000570,O000570,Credit Card,3491.52,2023-11-28
PAY000571,O000571,Net Banking,4959.68,2023-06-21
PAY000572,O000572,UPI,19910.38,2023-09-20
PAY000573,O000573,Credit Card,1619.39,2023-09-27
PAY000574,O000574,Debit Card,9144.3,2023-02-17
PAY000575,O000575,Net Banking,5994.86,2024-06-21
PAY000576,O000576,Credit Card,2873.8,2023-11-26
PAY000577,O000577,UPI,1035.28,2024-09-12
PAY000578,O000578,Cash on Delivery,3418.51,2024-10-14
PAY000579,O000579,UPI,6158.21,2023-06-23
PAY000580,O000580,Net Banking,5058.32,2024-04-11
PAY000581,O000581,UPI,17087.5,2023-12-19
PAY000582,O000582,UPI,387.48,2024-11-04
PAY000583,O000583,Net Banking,8271.74,2023-06-26
PAY000584,O000584,Net Banking,5420.4,2024-04-13
PAY000585,O000585,Credit Card,2477.91,2024-02-15
PAY000586,O000586,Debit Card,1607.9,2023-08-02
PAY000587,O000587,Credit Card,19247.92,2023-04-26
PAY000588,O000588,UPI,11886.28,2024-04-13
PAY000589,O000589,Debit Card,897.95,2024-06-01
PAY000590,O000590,Net Banking,4415.43,2023-08-02
PAY000591,O000591,Net Banking,1841.6,2024-03-20
PAY000592,O000592,Credit Card,3634.9,2023-10-23
PAY000593,O000593,Debit Card,838.76,2024-05-23
PAY000594,O000594,Credit Card,1233.6,2023-06-05
PAY000595,O000595,UPI,3333.53,2024-11-15
PAY000596,O000596,Credit Card,1919.28,2023-07-07
PAY000597,O000597,Cash on Delivery,6243.8,2023-09-06
PAY000598,O000598,UPI,973.22,2023-02-03
PAY000599,O000599,UPI,486.61,2023-03-26
PAY000600,O000600,Debit Card,4764.36,2023-12-15
PAY000601,O000601,UPI,1408.49,2023-07-09
PAY000602,O000602,Net Banking,1376.9,2024-09-17
PAY000603,O000603,UPI,499.97,2023-01-12
PAY000604,O000604,Net Banking,2262.52,2023-10-15
PAY000605,O000605,Credit Card,1284.27,2023-09-23
PAY000606,O000606,UPI,1227.56,2023-01-02
PAY000607,O000607,Net Banking,3724.99,2023-04-26
PAY000608,O000608,Debit Card,1925.8,2023-11-06
PAY000609,O000609,UPI,8236.82,2023-12-03
PAY000610,O000610,UPI,9234.4,2023-10-12
PAY000611,O000611,Credit Card,11095.42,2023-12-15
PAY000612,O000612,UPI,509.4,2024-02-20
PAY000613,O000613,Credit Card,11923.06,2023-01-03
PAY000614,O000614,Credit Card,5318.98,2023-11-03
PAY000615,O000615,Credit Card,1690.33,2024-12-07
PAY000616,O000616,UPI,17181.96,2023-12-18
PAY000617,O000617,Credit Card,12227.58,2024-04-08
PAY000618,O000618,UPI,9317.92,2023-08-20
PAY000619,O000619,Debit Card,16114.64,2024-06-08
PAY000620,O000620,Debit Card,8085.71,2024-06-12
PAY000621,O000621,UPI,221.15,2023-12-05
PAY000622,O000622,UPI,438.82,2024-12-05
PAY000623,O000623,UPI,1474.07,2023-04-14
PAY000624,O000624,Credit Card,10863.69,2023-01-19
PAY000625,O000625,Credit Card,9323.91,2024-06-16
PAY000626,O000626,Credit Card,6789.52,2024-08-12
PAY000627,O000627,Cash on Delivery,18717.61,2023-04-25
PAY000628,O000628,Credit Card,13712.79,2023-07-13
PAY000629,O000629,Debit Card,8899.17,2023-01-05
PAY000630,O000630,UPI,8617.22,2023-08-06
PAY000631,O000631,UPI,2378.25,2024-06-15
PAY000632,O000632,UPI,2255.96,2023-12-07
PAY000633,O000633,Credit Card,465.38,2023-09-08
PAY000634,O000634,UPI,42325.85,2023-10-07
PAY000635,O000635,Debit Card,2864.54,2023-01-06
PAY000636,O000636,Debit Card,12320.6,2023-08-07
PAY000637,O000637,UPI,2255.96,2024-03-27
PAY000638,O000638,Debit Card,8310.42,2024-12-02
PAY000639,O000639,UPI,1283.86,2024-10-24
PAY000640,O000640,Credit Card,436.15,2023-01-12
PAY000641,O000641,Debit Card,999.48,2024-11-03
PAY000642,O000642,Debit Card,544.85,2024-07-25
PAY000643,O000643,UPI,814.62,2024-07-03
PAY000644,O000644,UPI,665.2,2023-11-14
PAY000645,O000645,Credit Card,5266.05,2023-10-04
PAY000646,O000646,UPI,9731.85,2023-08-08
PAY000647,O000647,Cash on Delivery,3334.17,2023-02-26
PAY000648,O000648,UPI,14326.61,2023-06-24
PAY000649,O000649,Cash on Delivery,1702.76,2023-07-05
PAY000650,O000650,Cash on Delivery,51628.82,2023-12-22
PAY000651,O000651,Credit Card,4574.79,2024-06-16
PAY000652,O000652,UPI,30945.74,2023-12-06
PAY000653,O000653,Net Banking,2873.45,2023-02-28
PAY000654,O000654,UPI,4669.63,2024-12-19
PAY000655,O000655,Credit Card,15602.0,2024-12-15
PAY000656,O000656,UPI,3737.78,2024-07-28
PAY000657,O000657,Credit Card,3874.69,2024-12-06
PAY000658,O000658,UPI,4652.24,2024-01-15
PAY000659,O000659,UPI,28269.82,2024-12-02
PAY000660,O000660,Debit Card,6752.27,2023-02-13
PAY000661,O000661,Cash on Delivery,3440.17,2023-09-14
PAY000662,O000662,UPI,24051.59,2023-06-24
PAY000663,O000663,Credit Card,22208.34,2023-06-08
PAY000664,O000664,Credit Card,586.81,2023-04-24
PAY000665,O000665,UPI,53708.32,2024-03-12
PAY000666,O000666,Debit Card,930.76,2024-07-14
PAY000667,O000667,Debit Card,9780.39,2024-02-20
PAY000668,O000668,UPI,4111.01,2023-04-13
PAY000669,O000669,Net Banking,993.55,2024-08-19
PAY000670,O000670,Debit Card,3821.8,2024-03-18
PAY000671,O000671,UPI,2973.4,2023-10-05
PAY000672,O000672,Debit Card,6335.41,2024-04-04
PAY000673,O000673,Credit Card,30953.6,2023-07-25
PAY000674,O000674,Debit Card,1434.6,2023-09-25
PAY000675,O000675,Credit Card,37765.97,2024-11-12
PAY000676,O000676,UPI,1157.77,2023-07-18
PAY000677,O000677,Net Banking,1272.69,2023-11-09
PAY000678,O000678,Credit Card,8944.56,2024-11-13
PAY000679,O000679,Debit Card,15451.93,2024-05-17
PAY000680,O000680,UPI,27843.9,2023-02-05
PAY000681,O000681,Debit Card,804.9,2023-04-18
PAY000682,O000682,Credit Card,478.18,2023-01-15
PAY000683,O000683,Net Banking,4173.48,2024-03-22
PAY000684,O000684,Credit Card,22113.63,2023-11-03
PAY000685,O000685,Credit Card,2467.59,2023-04-04
PAY000686,O000686,UPI,4514.36,2024-12-11
PAY000687,O000687,Net Banking,5602.54,2023-12-07
PAY000688,O000688,Credit Card,4468.9,2023-06-23
PAY000689,O000689,Cash on Delivery,17354.67,2023-12-05
PAY000690,O000690,Credit Card,801.74,2024-04-22
PAY000691,O000691,Debit Card,4325.08,2023-02-14
PAY000692,O000692,Debit Card,8422.58,2023-07-05
PAY000693,O000693,Debit Card,104720.19,2024-08-14
PAY000694,O000694,Debit Card,12579.87,2023-11-22
PAY000695,O000695,UPI,585.57,2024-01-04
PAY000696,O000696,Credit Card,1564.78,2023-11-26
PAY000697,O000697,Credit Card,8183.31,2023-02-17
PAY000698,O000698,UPI,11027.5,2023-05-14
PAY000699,O000699,Credit Card,1452.83,2023-11-12
PAY000700,O000700,Credit Card,1515.74,2023-06-22
PAY000701,O000701,UPI,13848.75,2023-02-28
PAY000702,O000702,UPI,6738.68,2024-10-27
PAY000703,O000703,Debit Card,30643.77,2024-12-17
PAY000704,O000704,UPI,1596.26,2024-07-26
PAY000705,O000705,UPI,1605.81,2024-10-12
PAY000706,O000706,Debit Card,5876.24,2023-06-06
PAY000707,O000707,UPI,42917.54,2024-12-23
PAY000708,O000708,Credit Card,557.82,2023-06-06
PAY000709,O000709,UPI,10779.43,2024-12-23
PAY000710,O000710,Net Banking,1395.26,2024-12-27
PAY000711,O000711,UPI,39486.43,2024-05-09
PAY000712,O000712,UPI,6537.02,2024-12-12
PAY000713,O000713,Credit Card,312.02,2024-01-16
PAY000714,O000714,UPI,591.69,2023-07-06
PAY000715,O000715,Net Banking,7691.22,2023-11-03
PAY000716,O000716,Debit Card,2280.35,2024-02-06
PAY000717,O000717,Net Banking,6457.99,2023-02-19
PAY000718,O000718,Credit Card,6547.66,2024-03-10
PAY000719,O000719,Net Banking,5444.42,2024-12-14
PAY000720,O000720,Credit Card,2281.84,2023-05-06
PAY000721,O000721,UPI,3668.2,2024-07-05
PAY000722,O000722,UPI,14263.93,2024-11-18
PAY000723,O000723,Debit Card,3112.2,2024-12-21
PAY000724,O000724,Net Banking,7535.53,2024-12-17
PAY000725,O000725,UPI,2931.95,2023-12-20
PAY000726,O000726,Net Banking,1131.26,2024-12-20
PAY000727,O000727,Net Banking,544.85,2024-06-11
PAY000728,O000728,Credit Card,7945.57,2023-05-25
PAY000729,O000729,Debit Card,10175.1,2023-12-18
PAY000730,O000730,UPI,3081.77,2024-05-02
PAY000731,O000731,Net Banking,1707.78,2023-07-28
PAY000732,O000732,Debit Card,8364.96,2024-03-04
PAY000733,O000733,Credit Card,33940.52,2024-04-20
PAY000734,O000734,Net Banking,6045.86,2023-05-20
PAY000735,O000735,UPI,28527.86,2024-01-26
PAY000736,O000736,Net Banking,2815.41,2024-06-01
PAY000737,O000737,UPI,34680.06,2023-12-28
PAY000738,O000738,Net Banking,15729.6,2023-01-23
PAY000739,O000739,Credit Card,5985.16,2023-01-17
PAY000740,O000740,Debit Card,6870.72,2023-09-20
PAY000741,O000741,Credit Card,1136.05,2024-11-23
PAY000742,O000742,Net Banking,9051.8,2023-06-05
PAY000743,O000743,UPI,8003.49,2024-03-14
PAY000744,O000744,UPI,8280.39,2023-06-11
PAY000745,O000745,UPI,18978.37,2023-08-11
PAY000746,O000746,Net Banking,1478.7,2024-10-19
PAY000747,O000747,Credit Card,4705.42,2024-06-24
PAY000748,O000748,Credit Card,5335.43,2023-03-14
PAY000749,O000749,Net Banking,1309.52,2023-11-25
PAY000750,O000750,Net Banking,78586.81,2023-01-27
PAY000751,O000751,UPI,27492.2,2023-12-05
PAY000752,O000752,Credit Card,5624.3,2024-04-29
PAY000753,O000753,UPI,6983.03,2023-04-03
PAY000754,O000754,Net Banking,54632.8,2023-07-22
PAY000755,O000755,Net Banking,2664.42,2023-10-16
PAY000756,O000756,Net Banking,31740.11,2024-11-25
PAY000757,O000757,Debit Card,4355.59,2024-12-06
PAY000758,O000758,Credit Card,1983.79,2023-02-18
PAY000759,O000759,Credit Card,649.39,2024-06-16
PAY000760,O000760,Credit Card,3297.55,2023-10-09
PAY000761,O000761,UPI,4468.9,2023-10-09
PAY000762,O000762,Cash on Delivery,9148.62,2024-06-27
PAY000763,O000763,Credit Card,510.95,2024-11-05
PAY000764,O000764,Cash on Delivery,3805.41,2024-12-10
PAY000765,O000765,Net Banking,2787.92,2024-02-16
PAY000766,O000766,Net Banking,4615.11,2023-09-09
PAY000767,O000767,Credit Card,2789.84,2024-07-26
PAY000768,O000768,UPI,684.16,2023-07-03
PAY000769,O000769,UPI,563.67,2024-01-12
PAY000770,O000770,Debit Card,6108.38,2023-09-19
PAY000771,O000771,UPI,15567.39,2024-04-10
PAY000772,O000772,UPI,6959.91,2023-06-17
PAY000773,O000773,Debit Card,5555.75,2023-05-05
PAY000774,O000774,Net Banking,14433.07,2024-11-19
PAY000775,O000775,Net Banking,5774.06,2023-03-10
PAY000776,O000776,UPI,191.83,2023-12-05
PAY000777,O000777,Cash on Delivery,4874.53,2023-06-03
PAY000778,O000778,Debit Card,29345.9,2023-02-10
PAY000779,O000779,Debit Card,4639.94,2023-01-22
PAY000780,O000780,UPI,1417.21,2023-05-21
PAY000781,O000781,Debit Card,5937.58,2024-10-05
PAY000782,O000782,Debit Card,1073.05,2023-07-06
PAY000783,O000783,Credit Card,15237.29,2024-12-28
PAY000784,O000784,Credit Card,11508.21,2024-02-29
PAY000785,O000785,Net Banking,1824.18,2023-11-11
PAY000786,O000786,Cash on Delivery,3984.37,2024-02-23
PAY000787,O000787,Net Banking,9124.97,2023-12-05
PAY000788,O000788,UPI,33575.28,2024-06-06
PAY000789,O000789,Credit Card,1709.81,2023-07-10
PAY000790,O000790,UPI,4277.93,2023-09-15
PAY000791,O000791,Debit Card,15367.51,2024-11-04
PAY000792,O000792,Net Banking,21113.14,2024-12-17
PAY000793,O000793,UPI,4075.83,2024-11-07
PAY000794,O000794,Cash on Delivery,1073.05,2023-11-23
PAY000795,O000795,Debit Card,1033.1,2024-07-18
PAY000796,O000796,UPI,14587.75,2023-12-26
PAY000797,O000797,Credit Card,33442.0,2023-12-15
PAY000798,O000798,UPI,1408.5,2023-06-28
PAY000799,O000799,Credit Card,3798.22,2024-02-16
PAY000800,O000800,UPI,7950.21,2023-05-23
PAY000801,O000801,Debit Card,15994.27,2023-09-17
PAY000802,O000802,Debit Card,1186.6,2024-10-06
PAY000803,O000803,Credit Card,5596.79,2023-06-01
PAY000804,O000804,UPI,50356.26,2023-02-05
PAY000805,O000805,Debit Card,4973.54,2023-02-23
PAY000806,O000806,Credit Card,42255.96,2024-12-03
PAY000807,O000807,Cash on Delivery,7955.19,2023-12-25
PAY000808,O000808,Credit Card,14417.14,2023-11-02
PAY000809,O000809,UPI,585.84,2024-08-26
PAY000810,O000810,Debit Card,934.12,2024-09-07
PAY000811,O000811,Net Banking,7693.7,2023-09-27
PAY000812,O000812,UPI,6941.31,2024-05-19
PAY000813,O000813,Credit Card,3933.49,2024-06-05
PAY000814,O000814,Debit Card,3121.65,2024-04-04
PAY000815,O000815,UPI,3483.67,2023-04-26
PAY000816,O000816,UPI,28495.02,2024-10-13
PAY000817,O000817,Debit Card,3550.84,2024-01-06
PAY000818,O000818,Debit Card,731.93,2023-07-12
PAY000819,O000819,Net Banking,370.66,2023-11-24
PAY000820,O000820,Credit Card,691.82,2023-01-19
PAY000821,O000821,Credit Card,5314.08,2023-04-18
PAY000822,O000822,Credit Card,46715.07,2024-06-11
PAY000823,O000823,Net Banking,3467.19,2023-01-18
PAY000824,O000824,Debit Card,22100.93,2023-11-05
PAY000825,O000825,UPI,3700.24,2023-12-29
PAY000826,O000826,UPI,6753.78,2023-02-13
PAY000827,O000827,Net Banking,930.76,2024-12-22
PAY000828,O000828,Credit Card,32283.31,2023-06-27
PAY000829,O000829,UPI,4155.5,2023-08-14
PAY000830,O000830,UPI,28011.82,2023-08-12
PAY000831,O000831,Net Banking,1634.99,2023-06-04
PAY000832,O000832,Cash on Delivery,2174.58,2023-01-17
PAY000833,O000833,UPI,3994.04,2024-06-25
PAY000834,O000834,Credit Card,1363.39,2024-12-12
PAY000835,O000835,UPI,79189.11,2023-06-13
PAY000836,O000836,UPI,154.51,2024-04-25
PAY000837,O000837,Credit Card,154.51,2024-06-28
PAY000838,O000838,UPI,6153.32,2024-10-19
PAY000839,O000839,Debit Card,11509.92,2023-11-29
PAY000840,O000840,Credit Card,29455.65,2023-08-29
PAY000841,O000841,Net Banking,124696.38,2023-08-27
PAY000842,O000842,Debit Card,4671.7,2024-05-13
PAY000843,O000843,UPI,7933.39,2024-08-04
PAY000844,O000844,UPI,7211.85,2023-05-18
PAY000845,O000845,Net Banking,37918.26,2023-10-03
PAY000846,O000846,Net Banking,3171.01,2024-11-13
PAY000847,O000847,Credit Card,1029.11,2024-08-20
PAY000848,O000848,UPI,19520.74,2024-12-06
PAY000849,O000849,Net Banking,2403.95,2024-06-07
PAY000850,O000850,UPI,2265.65,2023-10-20
PAY000851,O000851,UPI,21596.28,2024-02-09
PAY000852,O000852,Cash on Delivery,351.37,2024-04-16
PAY000853,O000853,Net Banking,16248.38,2023-03-23
PAY000854,O000854,Debit Card,12313.63,2024-01-19
PAY000855,O000855,UPI,1162.26,2024-05-26
PAY000856,O000856,Credit Card,4705.42,2023-05-12
PAY000857,O000857,Debit Card,14577.63,2024-07-20
PAY000858,O000858,Net Banking,3922.55,2024-02-18
PAY000859,O000859,Credit Card,9133.79,2024-12-15
PAY000860,O000860,Cash on Delivery,387.48,2023-02-09
PAY000861,O000861,UPI,1366.76,2023-07-22
PAY000862,O000862,UPI,5376.27,2024-02-04
PAY000863,O000863,UPI,2363.52,2023-08-28
PAY000864,O000864,Debit Card,4033.77,2024-05-01
PAY000865,O000865,Debit Card,256.34,2024-06-20
PAY000866,O000866,Debit Card,851.38,2023-03-06
PAY000867,O000867,UPI,24964.59,2023-12-21
PAY000868,O000868,Net Banking,1234.05,2023-12-22
PAY000869,O000869,UPI,12238.08,2023-09-25
PAY000870,O000870,UPI,10985.35,2024-11-11
PAY000871,O000871,Debit Card,1093.82,2024-09-17
PAY000872,O000872,UPI,3269.47,2024-05-18
PAY000873,O000873,Credit Card,2663.56,2024-05-29
PAY000874,O000874,Credit Card,419.38,2023-11-02
PAY000875,O000875,UPI,3521.24,2024-11-04
PAY000876,O000876,UPI,44394.18,2024-05-11
PAY000877,O000877,Credit Card,205.07,2024-06-15
PAY000878,O000878,UPI,8720.46,2024-10-06
PAY000879,O000879,Credit Card,1171.23,2023-07-28
PAY000880,O000880,Debit Card,449.17,2024-08-23
PAY000881,O000881,UPI,3872.22,2023-06-14
PAY000882,O000882,Debit Card,18802.87,2023-09-24
PAY000883,O000883,Debit Card,5046.27,2023-09-05
PAY000884,O000884,Net Banking,27369.28,2024-12-17
PAY000885,O000885,Net Banking,3719.51,2024-10-22
PAY000886,O000886,UPI,4148.75,2024-05-16
PAY000887,O000887,UPI,2705.6,2024-06-28
PAY000888,O000888,Debit Card,3692.98,2024-01-02
PAY000889,O000889,Net Banking,2502.52,2024-12-16
PAY000890,O000890,UPI,4615.26,2023-12-21
PAY000891,O000891,Credit Card,3051.33,2023-10-25
PAY000892,O000892,Net Banking,45566.26,2023-05-19
PAY000893,O000893,Net Banking,2113.58,2024-07-28
PAY000894,O000894,Debit Card,3490.04,2024-06-26
PAY000895,O000895,UPI,27782.13,2023-10-02
PAY000896,O000896,UPI,5149.51,2023-01-11
PAY000897,O000897,Credit Card,3370.84,2024-10-12
PAY000898,O000898,UPI,2218.83,2023-01-08
PAY000899,O000899,Cash on Delivery,3166.24,2024-05-11
PAY000900,O000900,UPI,7322.1,2024-12-23
PAY000901,O000901,UPI,145.51,2023-11-11
PAY000902,O000902,UPI,2264.76,2023-06-06
PAY000903,O000903,Debit Card,3675.28,2024-05-12
PAY000904,O000904,Credit Card,3556.86,2024-09-22
PAY000905,O000905,Debit Card,1017.69,2024-01-17
PAY000906,O000906,Net Banking,83781.98,2024-12-01
PAY000907,O000907,Credit Card,29418.76,2023-02-20
PAY000908,O000908,UPI,6197.12,2023-12-11
PAY000909,O000909,Net Banking,276.21,2024-05-27
PAY000910,O000910,Net Banking,377.44,2024-10-23
PAY000911,O000911,UPI,3464.82,2023-05-11
PAY000912,O000912,UPI,15248.47,2024-08-25
PAY000913,O000913,Net Banking,3826.76,2024-01-07
PAY000914,O000914,Credit Card,3091.94,2023-10-13
PAY000915,O000915,Credit Card,1042.66,2023-04-22
PAY000916,O000916,Net Banking,6867.66,2024-10-10
PAY000917,O000917,UPI,8394.83,2023-05-11
PAY000918,O000918,Debit Card,2204.27,2023-08-04
PAY000919,O000919,UPI,6093.44,2023-07-19
PAY000920,O000920,UPI,2290.21,2024-10-11
PAY000921,O000921,Debit Card,54738.56,2024-04-19
PAY000922,O000922,UPI,5071.93,2024-08-12
PAY000923,O000923,Debit Card,3333.53,2023-07-28
PAY000924,O000924,UPI,181.25,2024-03-10
PAY000925,O000925,UPI,53260.66,2024-02-18
PAY000926,O000926,UPI,5668.37,2024-09-15
PAY000927,O000927,Net Banking,4896.05,2024-11-21
PAY000928,O000928,Credit Card,5116.38,2023-01-22
PAY000929,O000929,UPI,1082.19,2024-04-07
PAY000930,O000930,Credit Card,14091.32,2023-02-23
PAY000931,O000931,Debit Card,1494.75,2024-01-17
PAY000932,O000932,UPI,15537.87,2023-07-18
PAY000933,O000933,Net Banking,526.93,2023-08-20
PAY000934,O000934,Cash on Delivery,12737.19,2023-09-03
PAY000935,O000935,Credit Card,961.34,2024-03-12
PAY000936,O000936,Credit Card,1668.8,2023-09-08
PAY000937,O000937,Net Banking,36764.82,2024-06-29
PAY000938,O000938,Credit Card,7358.45,2023-10-12
PAY000939,O000939,Net Banking,21767.73,2023-02-28
PAY000940,O000940,UPI,6698.47,2024-07-06
PAY000941,O000941,Credit Card,2153.61,2023-07-20
PAY000942,O000942,Cash on Delivery,6279.25,2023-11-05
PAY000943,O000943,UPI,6056.16,2024-04-08
PAY000944,O000944,UPI,2061.19,2023-09-16
PAY000945,O000945,Debit Card,36618.63,2023-02-21
PAY000946,O000946,Cash on Delivery,1494.36,2023-10-09
PAY000947,O000947,UPI,14573.44,2024-12-09
PAY000948,O000948,Cash on Delivery,8872.72,2024-03-18
PAY000949,O000949,Debit Card,6823.23,2024-04-28
PAY000950,O000950,Cash on Delivery,2979.33,2024-03-27
PAY000951,O000951,Debit Card,4701.83,2023-06-28
PAY000952,O000952,Debit Card,1130.77,2023-11-11
PAY000953,O000953,Net Banking,4588.49,2024-06-12
PAY000954,O000954,UPI,12308.84,2023-03-04
PAY000955,O000955,Cash on Delivery,21219.9,2023-07-25
PAY000956,O000956,UPI,4818.6,2023-07-04
PAY000957,O000957,UPI,13730.13,2023-11-18
PAY000958,O000958,Debit Card,849.28,2024-12-20
PAY000959,O000959,UPI,1253.82,2023-02-10
PAY000960,O000960,Net Banking,8668.54,2023-12-27
PAY000961,O000961,Net Banking,19251.16,2023-05-27
PAY000962,O000962,UPI,4361.38,2024-12-24
PAY000963,O000963,UPI,12436.02,2023-03-15
PAY000964,O000964,Credit Card,593.3,2023-10-10
PAY000965,O000965,Net Banking,1139.99,2024-06-09
PAY000966,O000966,Net Banking,2920.73,2024-05-16
PAY000967,O000967,UPI,4448.95,2023-11-23
PAY000968,O000968,Cash on Delivery,8030.38,2023-09-19
PAY000969,O000969,UPI,2799.05,2023-10-22
PAY000970,O000970,UPI,520.36,2023-07-26
PAY000971,O000971,UPI,6326.2,2023-06-16
PAY000972,O000972,Credit Card,465.38,2023-12-28
PAY000973,O000973,Debit Card,75512.87,2023-07-03
PAY000974,O000974,Credit Card,2602.73,2023-07-27
PAY000975,O000975,Net Banking,2671.55,2024-04-09
PAY000976,O000976,Debit Card,418.47,2024-12-11
PAY000977,O000977,UPI,436.15,2024-02-12
PAY000978,O000978,Credit Card,4704.65,2023-02-09
PAY000979,O000979,UPI,1605.81,2023-02-11
PAY000980,O000980,Credit Card,35117.66,2024-12-10
PAY000981,O000981,Credit Card,4339.11,2023-08-07
PAY000982,O000982,UPI,1221.17,2023-03-12
PAY000983,O000983,UPI,486.61,2024-02-15
PAY000984,O000984,Net Banking,1544.75,2024-03-28
PAY000985,O000985,Credit Card,3468.37,2024-04-25
PAY000986,O000986,Cash on Delivery,3675.28,2023-07-24
PAY000987,O000987,Credit Card,2468.94,2023-01-12
PAY000988,O000988,Cash on Delivery,4468.9,2024-12-28
PAY000989,O000989,Credit Card,988.14,2023-07-07
PAY000990,O000990,Net Banking,1434.6,2024-04-18
PAY000991,O000991,UPI,420.48,2024-05-15
PAY000992,O000992,UPI,2403.95,2024-03-27
PAY000993,O000993,Net Banking,3639.2,2023-08-12
PAY000994,O000994,Net Banking,12956.71,2023-07-01
PAY000995,O000995,Net Banking,643.92,2024-02-21
PAY000996,O000996,UPI,2862.2,2024-10-16
PAY000997,O000997,Debit Card,13655.76,2024-12-02
PAY000998,O000998,UPI,1941.16,2023-03-21
PAY000999,O000999,UPI,14577.63,2023-05-07
PAY001000,O001000,Net Banking,106.0,2024-12-23
PAY001001,O001001,Credit Card,65832.81,2024-06-22
PAY001002,O001002,Cash on Delivery,7464.77,2024-11-29
PAY001003,O001003,Credit Card,3215.1,2023-06-14
PAY001004,O001004,Cash on Delivery,36340.49,2024-02-07
PAY001005,O001005,Debit Card,5843.58,2024-05-11
PAY001006,O001006,Credit Card,1949.18,2024-04-14
PAY001007,O001007,UPI,28295.03,2023-10-14
PAY001008,O001008,Net Banking,2785.62,2023-01-20
PAY001009,O001009,Net Banking,4975.17,2024-02-01
PAY001010,O001010,Credit Card,5360.75,2023-07-21
PAY001011,O001011,Debit Card,24005.76,2023-11-16
PAY001012,O001012,Credit Card,6229.74,2024-12-24
PAY001013,O001013,Debit Card,27403.19,2023-10-14
PAY001014,O001014,Cash on Delivery,9615.49,2024-10-20
PAY001015,O001015,UPI,4364.7,2023-05-04
PAY001016,O001016,Debit Card,48784.33,2024-04-20
PAY001017,O001017,Credit Card,36983.46,2024-12-24
PAY001018,O001018,Credit Card,25553.33,2023-03-25
PAY001019,O001019,Net Banking,456.9,2023-01-05
PAY001020,O001020,UPI,18130.75,2023-11-08
PAY001021,O001021,UPI,309.62,2023-03-28
PAY001022,O001022,Net Banking,3579.12,2024-06-24
PAY001023,O001023,Credit Card,6283.44,2024-11-05
PAY001024,O001024,Credit Card,13712.79,2023-11-08
PAY001025,O001025,UPI,9411.15,2023-07-28
PAY001026,O001026,UPI,9503.49,2023-11-23
PAY001027,O001027,UPI,14529.82,2024-05-07
PAY001028,O001028,Debit Card,24964.59,2023-01-11
PAY001029,O001029,Credit Card,3303.54,2024-02-16
PAY001030,O001030,Credit Card,5421.74,2024-03-23
PAY001031,O001031,UPI,12432.51,2024-03-04
PAY001032,O001032,UPI,41879.12,2023-06-05
PAY001033,O001033,UPI,393.79,2024-05-22
PAY001034,O001034,Debit Card,26980.25,2023-03-14
PAY001035,O001035,UPI,3521.79,2023-06-24
PAY001036,O001036,Cash on Delivery,10970.97,2024-11-04
PAY001037,O001037,UPI,1877.09,2024-06-03
PAY001038,O001038,Credit Card,9626.98,2023-01-08
PAY001039,O001039,Credit Card,993.55,2023-07-23
PAY001040,O001040,UPI,4364.81,2023-06-25
PAY001041,O001041,Net Banking,919.86,2023-07-10
PAY001042,O001042,Net Banking,5643.68,2023-07-10
PAY001043,O001043,UPI,2681.4,2023-02-13
PAY001044,O001044,Debit Card,11227.77,2023-11-17
PAY001045,O001045,Debit Card,8627.65,2024-06-06
PAY001046,O001046,Cash on Delivery,2512.96,2024-02-24
PAY001047,O001047,Credit Card,2722.59,2024-04-05
PAY001048,O001048,UPI,9908.73,2023-03-12
PAY001049,O001049,Credit Card,201.51,2024-12-28
PAY001050,O001050,Credit Card,6901.72,2024-10-13
PAY001051,O001051,Net Banking,7182.85,2024-08-09
PAY001052,O001052,Cash on Delivery,3471.73,2024-09-25
PAY001053,O001053,UPI,1330.18,2024-11-12
PAY001054,O001054,Net Banking,19608.52,2024-01-11
PAY001055,O001055,Cash on Delivery,764.86,2023-06-06
PAY001056,O001056,Cash on Delivery,909.9,2024-03-26
PAY001057,O001057,Net Banking,57644.72,2024-06-05
PAY001058,O001058,Debit Card,5124.34,2024-06-02
PAY001059,O001059,UPI,3874.69,2023-12-06
PAY001060,O001060,Cash on Delivery,8761.33,2023-02-15
PAY001061,O001061,Credit Card,623.86,2023-10-12
PAY001062,O001062,UPI,9703.4,2024-11-17
PAY001063,O001063,Credit Card,2431.2,2024-02-24
PAY001064,O001064,Debit Card,741.32,2024-01-13
PAY001065,O001065,Credit Card,16870.67,2023-07-11
PAY001066,O001066,Net Banking,8308.34,2023-09-18
PAY001067,O001067,Credit Card,148.21,2024-11-22
PAY001068,O001068,UPI,11131.85,2024-04-19
PAY001069,O001069,UPI,10665.86,2024-07-25
PAY001070,O001070,Credit Card,6177.4,2023-11-15
PAY001071,O001071,UPI,4084.91,2024-03-17
PAY001072,O001072,Credit Card,665.2,2023-07-12
PAY001073,O001073,UPI,16440.98,2024-05-22
PAY001074,O001074,Net Banking,20771.47,2023-11-13
PAY001075,O001075,Credit Card,8940.3,2023-11-04
PAY001076,O001076,Debit Card,111.95,2024-04-01
PAY001077,O001077,UPI,97153.53,2024-11-27
PAY001078,O001078,UPI,16587.06,2023-02-17
PAY001079,O001079,Debit Card,7824.66,2024-09-21
PAY001080,O001080,Debit Card,752.48,2023-07-25
PAY001081,O001081,UPI,5457.96,2023-11-19
PAY001082,O001082,UPI,3030.68,2023-01-29
PAY001083,O001083,Cash on Delivery,17629.56,2023-08-27
PAY001084,O001084,UPI,2204.83,2023-12-03
PAY001085,O001085,UPI,32310.59,2023-02-04
PAY001086,O001086,UPI,9453.48,2023-12-09
PAY001087,O001087,Net Banking,8754.33,2024-11-07
PAY001088,O001088,Net Banking,10443.18,2023-03-25
PAY001089,O001089,Credit Card,6837.02,2024-06-25
PAY001090,O001090,UPI,3868.05,2023-11-05
PAY001091,O001091,Credit Card,2164.32,2024-04-27
PAY001092,O001092,UPI,28027.2,2023-07-20
PAY001093,O001093,Credit Card,7565.02,2023-05-22
PAY001094,O001094,UPI,11269.79,2023-05-12
PAY001095,O001095,UPI,2815.41,2023-02-16
PAY001096,O001096,Net Banking,31542.76,2023-05-16
PAY001097,O001097,Debit Card,1841.6,2024-04-26
PAY001098,O001098,Net Banking,838.76,2024-11-13
PAY001099,O001099,Credit Card,1922.68,2024-08-15
PAY001100,O001100,Cash on Delivery,649.39,2024-04-03
PAY001101,O001101,Cash on Delivery,557.83,2023-03-16
PAY001102,O001102,UPI,6726.92,2023-07-21
PAY001103,O001103,Credit Card,836.94,2023-08-16
PAY001104,O001104,Net Banking,11548.12,2023-07-18
PAY001105,O001105,Net Banking,15113.66,2023-12-15
PAY001106,O001106,Cash on Delivery,1547.87,2024-01-17
PAY001107,O001107,Debit Card,428.98,2023-09-05
PAY001108,O001108,Credit Card,58747.19,2023-09-28
PAY001109,O001109,Credit Card,6045.29,2024-09-14
PAY001110,O001110,Credit Card,16383.48,2024-07-03
PAY001111,O001111,Net Banking,6005.87,2023-08-03
PAY001112,O001112,Cash on Delivery,5070.29,2024-11-15
PAY001113,O001113,UPI,6897.78,2024-12-23
PAY001114,O001114,Credit Card,3541.74,2023-08-27
PAY001115,O001115,Credit Card,25505.29,2023-09-10
PAY001116,O001116,Credit Card,2691.42,2023-12-25
PAY001117,O001117,Net Banking,3276.0,2024-12-04
PAY001118,O001118,Credit Card,60381.31,2024-10-16
PAY001119,O001119,UPI,2044.63,2023-03-06
PAY001120,O001120,Credit Card,2611.49,2023-10-04
PAY001121,O001121,Credit Card,14561.45,2024-01-10
PAY001122,O001122,Credit Card,9747.14,2023-12-24
PAY001123,O001123,UPI,2127.59,2023-06-22
PAY001124,O001124,UPI,4646.5,2024-10-26
PAY001125,O001125,Debit Card,4430.05,2024-04-29
PAY001126,O001126,Debit Card,28970.08,2024-09-04
PAY001127,O001127,Debit Card,42034.96,2024-10-09
PAY001128,O001128,Net Banking,3811.49,2024-06-14
PAY001129,O001129,Cash on Delivery,861.09,2023-11-01
PAY001130,O001130,Net Banking,4198.57,2024-03-02
PAY001131,O001131,Credit Card,1073.05,2023-05-17
PAY001132,O001132,UPI,5635.84,2024-04-17
PAY001133,O001133,UPI,4194.07,2023-05-28
PAY001134,O001134,Credit Card,6035.67,2024-05-23
PAY001135,O001135,Net Banking,29734.32,2023-06-22
PAY001136,O001136,Debit Card,4807.9,2023-04-11
PAY001137,O001137,Credit Card,242.14,2023-05-06
PAY001138,O001138,Debit Card,620.59,2023-01-05
PAY001139,O001139,Credit Card,27369.28,2024-05-02
PAY001140,O001140,Cash on Delivery,12981.67,2024-06-22
PAY001141,O001141,Net Banking,6212.86,2023-12-09
PAY001142,O001142,Net Banking,28585.82,2023-05-11
PAY001143,O001143,Credit Card,23191.98,2023-03-05
PAY001144,O001144,UPI,25099.16,2023-01-02
PAY001145,O001145,UPI,1131.26,2023-05-05
PAY001146,O001146,UPI,3801.34,2024-11-16
PAY001147,O001147,UPI,9546.69,2023-06-01
PAY001148,O001148,Cash on Delivery,569.99,2023-09-08
PAY001149,O001149,UPI,525.76,2023-03-27
PAY001150,O001150,UPI,2527.01,2023-06-12
PAY001151,O001151,Credit Card,7955.19,2023-12-29
PAY001152,O001152,Credit Card,3538.74,2024-02-29
PAY001153,O001153,Cash on Delivery,87478.52,2023-07-20
PAY001154,O001154,UPI,7874.54,2023-02-18
PAY001155,O001155,Cash on Delivery,868.09,2023-10-17
PAY001156,O001156,UPI,2019.49,2023-06-21
PAY001157,O001157,Cash on Delivery,4248.13,2023-06-17
PAY001158,O001158,Credit Card,4234.64,2024-12-11
PAY001159,O001159,Debit Card,2204.83,2024-03-09
PAY001160,O001160,UPI,11548.12,2024-01-16
PAY001161,O001161,Debit Card,504.3,2023-11-20
PAY001162,O001162,Debit Card,9422.74,2023-11-16
PAY001163,O001163,UPI,2920.73,2024-01-01
PAY001164,O001164,UPI,8711.76,2024-05-24
PAY001165,O001165,Cash on Delivery,3874.69,2024-05-13
PAY001166,O001166,Credit Card,742.18,2023-05-18
PAY001167,O001167,Cash on Delivery,8567.18,2023-12-22
PAY001168,O001168,Debit Card,8641.25,2023-11-29
PAY001169,O001169,Credit Card,454.18,2024-10-06
PAY001170,O001170,UPI,2290.21,2024-03-24
PAY001171,O001171,Cash on Delivery,27098.4,2024-01-28
PAY001172,O001172,Credit Card,20429.82,2023-03-13
PAY001173,O001173,UPI,26000.82,2024-02-29
PAY001174,O001174,Debit Card,8590.77,2023-04-08
PAY001175,O001175,UPI,47025.15,2023-09-25
PAY001176,O001176,Net Banking,8479.05,2023-04-17
PAY001177,O001177,UPI,1628.34,2024-05-07
PAY001178,O001178,UPI,393.27,2023-06-17
PAY001179,O001179,UPI,5523.0,2023-10-09
PAY001180,O001180,UPI,1196.79,2024-11-02
PAY001181,O001181,Credit Card,121.82,2023-06-09
PAY001182,O001182,Debit Card,40044.47,2023-12-06
PAY001183,O001183,Net Banking,5694.38,2023-11-28
PAY001184,O001184,Debit Card,851.38,2023-01-27
PAY001185,O001185,Credit Card,1444.15,2024-07-14
PAY001186,O001186,Credit Card,16908.17,2023-02-09
PAY001187,O001187,Cash on Delivery,3793.5,2023-12-08
PAY001188,O001188,Credit Card,457.65,2024-01-11
PAY001189,O001189,UPI,5075.72,2024-03-03
PAY001190,O001190,Credit Card,556.29,2024-05-10
PAY001191,O001191,UPI,14055.31,2023-07-24
PAY001192,O001192,UPI,1509.91,2023-01-23
PAY001193,O001193,Net Banking,8496.61,2024-05-15
PAY001194,O001194,Net Banking,476.64,2024-01-04
PAY001195,O001195,Credit Card,8841.82,2024-09-28
PAY001196,O001196,Net Banking,4472.37,2024-09-18
PAY001197,O001197,UPI,264.92,2024-10-04
PAY001198,O001198,Credit Card,3833.05,2023-12-05
PAY001199,O001199,Debit Card,5633.13,2023-09-06
PAY001200,O001200,Credit Card,2945.9,2024-07-23
PAY001201,O001201,UPI,29021.93,2023-11-17
PAY001202,O001202,Debit Card,4855.7,2023-05-28
PAY001203,O001203,Net Banking,591.69,2024-10-22
PAY001204,O001204,Debit Card,1478.7,2024-11-27
PAY001205,O001205,UPI,2043.36,2023-11-28
PAY001206,O001206,UPI,10523.48,2023-02-15
PAY001207,O001207,UPI,2695.19,2023-10-02
PAY001208,O001208,UPI,7782.15,2024-08-26
PAY001209,O001209,Net Banking,3199.7,2024-11-11
PAY001210,O001210,Debit Card,5925.82,2023-06-04
PAY001211,O001211,Credit Card,68620.75,2023-02-25
PAY001212,O001212,Net Banking,9143.95,2024-11-23
PAY001213,O001213,UPI,33556.69,2023-10-26
PAY001214,O001214,Debit Card,33515.32,2024-01-27
PAY001215,O001215,UPI,1556.42,2024-12-27
PAY001216,O001216,UPI,8193.53,2023-02-14
PAY001217,O001217,UPI,6090.68,2024-04-17
PAY001218,O001218,Cash on Delivery,27500.6,2023-02-02
PAY001219,O001219,Credit Card,2594.87,2023-10-01
PAY001220,O001220,UPI,317.23,2024-08-18
PAY001221,O001221,Credit Card,814.67,2023-11-11
PAY001222,O001222,UPI,52844.91,2024-12-07
PAY001223,O001223,UPI,591.69,2024-01-13
PAY001224,O001224,Net Banking,43480.94,2023-08-23
PAY001225,O001225,UPI,971.22,2023-06-21
PAY001226,O001226,Cash on Delivery,2577.5,2023-09-11
PAY001227,O001227,Credit Card,208.44,2023-10-23
PAY001228,O001228,UPI,1434.6,2023-03-01
PAY001229,O001229,UPI,6934.38,2023-09-12
PAY001230,O001230,Debit Card,4631.41,2023-11-21
PAY001231,O001231,UPI,557.83,2024-05-13
PAY001232,O001232,Credit Card,4214.3,2024-04-07
PAY001233,O001233,Net Banking,539.33,2024-05-27
PAY001234,O001234,Net Banking,418.47,2023-01-15
PAY001235,O001235,Debit Card,15955.15,2023-06-26
PAY001236,O001236,Net Banking,29626.83,2024-04-08
PAY001237,O001237,UPI,9905.36,2023-12-19
PAY001238,O001238,UPI,15176.31,2023-01-24
PAY001239,O001239,Net Banking,3872.45,2024-08-18
PAY001240,O001240,UPI,77613.53,2024-06-08
PAY001241,O001241,Credit Card,22718.91,2024-01-19
PAY001242,O001242,Debit Card,3715.28,2023-02-12
PAY001243,O001243,Credit Card,3185.88,2024-06-07
PAY001244,O001244,UPI,89288.06,2024-02-27
PAY001245,O001245,Debit Card,3321.66,2024-07-09
PAY001246,O001246,Net Banking,4326.84,2024-06-26
PAY001247,O001247,UPI,8618.18,2024-08-14
PAY001248,O001248,Credit Card,585.57,2023-12-25
PAY001249,O001249,Credit Card,913.27,2023-04-12
PAY001250,O001250,UPI,2277.55,2024-04-13
PAY001251,O001251,UPI,1841.6,2024-03-26
PAY001252,O001252,UPI,18387.8,2024-06-11
PAY001253,O001253,Debit Card,19799.64,2023-05-01
PAY001254,O001254,Credit Card,3467.19,2023-06-09
PAY001255,O001255,Cash on Delivery,18882.27,2024-11-20
PAY001256,O001256,UPI,8982.17,2024-06-11
PAY001257,O001257,Cash on Delivery,260.18,2024-11-27
PAY001258,O001258,Credit Card,1219.41,2024-06-23
PAY001259,O001259,UPI,309.98,2024-02-13
PAY001260,O001260,UPI,2300.62,2024-04-09
PAY001261,O001261,Debit Card,2516.85,2024-11-18
PAY001262,O001262,Net Banking,9975.86,2024-02-27
PAY001263,O001263,Debit Card,32955.94,2024-03-15
PAY001264,O001264,Debit Card,31261.24,2023-05-24
PAY001265,O001265,UPI,1773.78,2023-12-14
PAY001266,O001266,UPI,1841.6,2024-05-03
PAY001267,O001267,UPI,47982.29,2023-07-16
PAY001268,O001268,UPI,9501.84,2023-06-12
PAY001269,O001269,Net Banking,17261.36,2023-08-19
PAY001270,O001270,Net Banking,598.68,2023-06-25
PAY001271,O001271,UPI,46071.25,2023-06-09
PAY001272,O001272,Net Banking,6329.92,2023-11-15
PAY001273,O001273,UPI,4478.48,2024-11-14
PAY001274,O001274,UPI,5965.29,2023-12-17
PAY001275,O001275,UPI,10403.52,2023-05-23
PAY001276,O001276,UPI,2404.4,2023-02-17
PAY001277,O001277,UPI,693.18,2024-05-23
PAY001278,O001278,Credit Card,556.59,2023-10-17
PAY001279,O001279,Credit Card,920.25,2024-09-06
PAY001280,O001280,UPI,335.89,2024-04-05
PAY001281,O001281,Credit Card,9979.11,2024-08-14
PAY001282,O001282,Credit Card,393.27,2023-07-12
PAY001283,O001283,Cash on Delivery,5345.54,2024-05-03
PAY001284,O001284,Net Banking,850.69,2023-07-12
PAY001285,O001285,Cash on Delivery,1290.69,2024-12-11
PAY001286,O001286,Credit Card,2223.23,2024-03-02
PAY001287,O001287,Debit Card,14263.93,2023-08-19
PAY001288,O001288,UPI,649.39,2023-07-07
PAY001289,O001289,Net Banking,725.98,2023-05-25
PAY001290,O001290,UPI,8442.22,2024-05-05
PAY001291,O001291,UPI,4491.85,2023-06-03
PAY001292,O001292,UPI,33154.13,2024-02-17
PAY001293,O001293,Credit Card,130.92,2023-07-19
PAY001294,O001294,UPI,3874.69,2024-04-27
PAY001295,O001295,Cash on Delivery,465.38,2024-08-27
PAY001296,O001296,UPI,3616.02,2024-07-20
PAY001297,O001297,Net Banking,3569.29,2024-06-06
PAY001298,O001298,UPI,5958.66,2023-05-16
PAY001299,O001299,Debit Card,5563.17,2023-03-23
PAY001300,O001300,Debit Card,8836.66,2024-05-04
PAY001301,O001301,Credit Card,941.11,2023-09-20
PAY001302,O001302,Credit Card,4112.21,2023-11-03
PAY001303,O001303,Debit Card,14078.3,2023-01-24
PAY001304,O001304,Credit Card,9807.0,2023-07-04
PAY001305,O001305,Credit Card,4372.64,2023-01-01
PAY001306,O001306,Credit Card,19071.66,2024-11-19
PAY001307,O001307,UPI,2920.73,2023-07-19
PAY001308,O001308,UPI,6242.68,2024-01-26
PAY001309,O001309,UPI,1253.82,2023-02-02
PAY001310,O001310,Net Banking,3079.14,2024-04-19
PAY001311,O001311,Net Banking,27227.18,2023-08-09
PAY001312,O001312,UPI,17500.18,2024-11-28
PAY001313,O001313,Credit Card,39468.79,2024-11-20
PAY001314,O001314,Credit Card,494.46,2023-08-27
PAY001315,O001315,UPI,10816.13,2024-11-12
PAY001316,O001316,Net Banking,814.17,2024-12-02
PAY001317,O001317,Debit Card,5948.5,2024-09-02
PAY001318,O001318,Net Banking,5038.29,2024-10-07
PAY001319,O001319,Cash on Delivery,1150.48,2023-07-29
PAY001320,O001320,Credit Card,3367.3,2024-02-09
PAY001321,O001321,Debit Card,867.2,2023-02-05
PAY001322,O001322,Debit Card,3348.98,2023-03-10
PAY001323,O001323,Debit Card,22118.55,2024-12-10
PAY001324,O001324,Net Banking,7163.89,2023-08-05
PAY001325,O001325,Net Banking,13816.22,2024-06-06
PAY001326,O001326,UPI,840.58,2024-08-12
PAY001327,O001327,Cash on Delivery,8825.92,2024-10-23
PAY001328,O001328,Debit Card,5305.22,2024-12-14
PAY001329,O001329,UPI,16525.42,2023-06-06
PAY001330,O001330,Net Banking,2818.07,2023-02-10
PAY001331,O001331,Credit Card,37593.96,2023-11-08
PAY001332,O001332,Net Banking,1873.63,2023-04-05
PAY001333,O001333,Cash on Delivery,2920.73,2023-01-15
PAY001334,O001334,UPI,4194.07,2023-09-16
PAY001335,O001335,Net Banking,2552.58,2024-07-21
PAY001336,O001336,Net Banking,5359.43,2024-01-09
PAY001337,O001337,Debit Card,19837.02,2023-08-22
PAY001338,O001338,Credit Card,1694.06,2024-04-19
PAY001339,O001339,UPI,16677.75,2023-06-20
PAY001340,O001340,Credit Card,4764.36,2023-01-03
PAY001341,O001341,UPI,419.38,2024-06-07
PAY001342,O001342,Credit Card,4831.79,2024-03-18
PAY001343,O001343,Net Banking,13289.81,2024-06-09
PAY001344,O001344,Cash on Delivery,6614.49,2023-02-18
PAY001345,O001345,UPI,172.01,2024-09-27
PAY001346,O001346,UPI,419.96,2024-03-20
PAY001347,O001347,Net Banking,5774.06,2024-01-07
PAY001348,O001348,Credit Card,10915.92,2024-03-17
PAY001349,O001349,Cash on Delivery,11866.43,2024-10-10
PAY001350,O001350,Net Banking,5264.98,2024-02-12
PAY001351,O001351,Debit Card,973.97,2024-02-20
PAY001352,O001352,UPI,1327.2,2024-12-03
PAY001353,O001353,UPI,4764.36,2024-06-19
PAY001354,O001354,UPI,227.8,2023-11-11
PAY001355,O001355,UPI,5019.9,2024-05-24
PAY001356,O001356,Debit Card,2513.58,2023-10-06
PAY001357,O001357,Credit Card,11906.41,2023-06-10
PAY001358,O001358,Credit Card,111.95,2024-02-20
PAY001359,O001359,Net Banking,2983.6,2024-11-12
PAY001360,O001360,Credit Card,10165.64,2024-11-22
PAY001361,O001361,Credit Card,7397.53,2023-09-24
PAY001362,O001362,Net Banking,6954.76,2023-12-09
PAY001363,O001363,Credit Card,31518.15,2023-06-07
PAY001364,O001364,UPI,156.01,2024-12-11
PAY001365,O001365,Credit Card,7744.89,2024-12-05
PAY001366,O001366,Credit Card,4098.64,2024-04-20
PAY001367,O001367,Credit Card,1665.9,2024-08-01
PAY001368,O001368,UPI,7350.56,2024-05-14
PAY001369,O001369,UPI,3990.79,2024-02-17
PAY001370,O001370,Credit Card,3968.29,2023-02-19
PAY001371,O001371,UPI,1449.22,2023-11-27
PAY001372,O001372,Debit Card,27369.28,2024-04-22
PAY001373,O001373,Debit Card,2786.64,2024-04-28
PAY001374,O001374,Debit Card,3574.53,2023-10-20
PAY001375,O001375,UPI,2205.18,2024-12-07
PAY001376,O001376,UPI,7889.38,2023-05-23
PAY001377,O001377,Net Banking,8694.0,2023-12-13
PAY001378,O001378,Debit Card,5650.38,2024-05-01
PAY001379,O001379,Net Banking,5309.15,2024-05-02
PAY001380,O001380,Credit Card,4521.04,2024-04-23
PAY001381,O001381,Credit Card,41311.51,2023-07-04
PAY001382,O001382,Debit Card,10021.96,2023-05-11
PAY001383,O001383,Cash on Delivery,3435.49,2024-03-08
PAY001384,O001384,Cash on Delivery,7456.4,2024-02-03
PAY001385,O001385,Cash on Delivery,479.58,2023-05-23
PAY001386,O001386,Net Banking,2686.59,2024-05-08
PAY001387,O001387,Debit Card,3848.12,2023-11-22
PAY001388,O001388,UPI,11971.77,2024-04-28
PAY001389,O001389,Debit Card,490.36,2024-09-18
PAY001390,O001390,UPI,4279.82,2023-05-18
PAY001391,O001391,UPI,1660.83,2023-01-24
PAY001392,O001392,Debit Card,551.82,2024-07-19
PAY001393,O001393,Net Banking,1236.92,2024-03-19
PAY001394,O001394,Debit Card,1970.87,2024-05-09
PAY001395,O001395,Credit Card,427.85,2024-10-08
PAY001396,O001396,Credit Card,27425.58,2024-08-27
PAY001397,O001397,Cash on Delivery,1982.94,2024-12-29
PAY001398,O001398,Debit Card,21105.39,2024-01-23
PAY001399,O001399,Credit Card,7179.3,2023-12-20
PAY001400,O001400,Credit Card,18129.45,2023-10-18
PAY001401,O001401,Cash on Delivery,13712.79,2023-04-15
PAY001402,O001402,Credit Card,7070.92,2024-02-11
PAY001403,O001403,UPI,2472.84,2023-07-15
PAY001404,O001404,UPI,13535.13,2024-11-23
PAY001405,O001405,Credit Card,14263.93,2024-02-16
PAY001406,O001406,UPI,10102.96,2024-02-25
PAY001407,O001407,Credit Card,28902.42,2023-09-08
PAY001408,O001408,UPI,19971.67,2023-02-14
PAY001409,O001409,UPI,804.68,2023-01-08
PAY001410,O001410,UPI,3134.1,2023-11-27
PAY001411,O001411,Cash on Delivery,649.9,2023-03-14
PAY001412,O001412,Debit Card,8786.99,2024-02-08
PAY001413,O001413,UPI,841.15,2024-11-11
PAY001414,O001414,Credit Card,26407.49,2024-11-21
PAY001415,O001415,Credit Card,2923.51,2024-04-17
PAY001416,O001416,Debit Card,2455.06,2023-06-02
PAY001417,O001417,Credit Card,40562.87,2024-10-21
PAY001418,O001418,Cash on Delivery,11126.34,2024-11-09
PAY001419,O001419,Debit Card,465.38,2023-06-17
PAY001420,O001420,Cash on Delivery,5502.41,2024-06-27
PAY001421,O001421,UPI,4786.13,2023-07-27
PAY001422,O001422,Net Banking,5060.76,2024-08-20
PAY001423,O001423,Debit Card,2333.76,2024-12-26
PAY001424,O001424,UPI,9650.83,2023-01-15
PAY001425,O001425,UPI,16171.07,2024-11-03
PAY001426,O001426,Credit Card,494.07,2024-03-11
PAY001427,O001427,UPI,5229.38,2024-12-26
PAY001428,O001428,Net Banking,443.71,2023-11-27
PAY001429,O001429,Net Banking,5365.2,2024-10-10
PAY001430,O001430,UPI,3983.94,2023-02-14
PAY001431,O001431,UPI,122.86,2023-09-18
PAY001432,O001432,Cash on Delivery,37695.16,2023-02-28
PAY001433,O001433,UPI,2319.97,2024-12-04
PAY001434,O001434,UPI,9341.94,2024-09-14
PAY001435,O001435,UPI,260.18,2024-10-20
PAY001436,O001436,Cash on Delivery,4328.17,2024-11-01
PAY001437,O001437,Net Banking,3967.58,2023-03-16
PAY001438,O001438,Credit Card,585.57,2023-10-05
PAY001439,O001439,UPI,14080.83,2023-02-22
PAY001440,O001440,Credit Card,12580.73,2023-06-24
PAY001441,O001441,UPI,15564.31,2023-06-06
PAY001442,O001442,Debit Card,952.96,2023-11-14
PAY001443,O001443,UPI,30731.32,2023-07-15
PAY001444,O001444,Credit Card,24286.25,2023-03-27
PAY001445,O001445,Credit Card,4705.42,2023-05-10
PAY001446,O001446,UPI,886.26,2023-04-17
PAY001447,O001447,Cash on Delivery,17337.08,2024-12-20
PAY001448,O001448,UPI,4440.89,2024-06-05
PAY001449,O001449,UPI,2032.15,2024-12-10
PAY001450,O001450,Net Banking,18325.14,2023-11-10
PAY001451,O001451,UPI,692.47,2023-07-23
PAY001452,O001452,UPI,29367.35,2024-08-09
PAY001453,O001453,Credit Card,21492.02,2023-08-27
PAY001454,O001454,UPI,7937.79,2023-08-07
PAY001455,O001455,Cash on Delivery,882.91,2023-06-17
PAY001456,O001456,UPI,1973.17,2023-04-20
PAY001457,O001457,UPI,476.64,2023-07-16
PAY001458,O001458,Net Banking,30033.7,2023-09-21
PAY001459,O001459,UPI,1634.99,2024-04-09
PAY001460,O001460,Cash on Delivery,1772.02,2023-02-07
PAY001461,O001461,UPI,4913.12,2023-06-26
PAY001462,O001462,UPI,50182.52,2024-08-08
PAY001463,O001463,UPI,6999.92,2023-04-27
PAY001464,O001464,UPI,3418.51,2023-09-02
PAY001465,O001465,Credit Card,13004.63,2024-10-19
PAY001466,O001466,UPI,2530.15,2023-05-10
PAY001467,O001467,Credit Card,1910.99,2023-03-20
PAY001468,O001468,UPI,122.86,2023-12-02
PAY001469,O001469,Credit Card,2670.45,2023-08-07
PAY001470,O001470,UPI,168.19,2024-01-09
PAY001471,O001471,Credit Card,4835.04,2024-08-07
PAY001472,O001472,UPI,1536.86,2023-04-18
PAY001473,O001473,UPI,539.33,2024-02-01
PAY001474,O001474,Net Banking,23351.87,2023-12-10
PAY001475,O001475,Credit Card,424.64,2023-04-22
PAY001476,O001476,UPI,5143.77,2024-03-07
PAY001477,O001477,UPI,2670.21,2023-07-08
PAY001478,O001478,UPI,2041.65,2023-12-13
PAY001479,O001479,Net Banking,4567.5,2023-03-27
PAY001480,O001480,UPI,557.83,2023-11-24
PAY001481,O001481,Credit Card,26451.7,2023-08-05
PAY001482,O001482,Credit Card,851.38,2024-09-19
PAY001483,O001483,Cash on Delivery,11831.65,2023-02-13
PAY001484,O001484,UPI,34988.26,2023-11-15
PAY001485,O001485,Debit Card,5082.82,2023-11-02
PAY001486,O001486,UPI,29348.86,2024-06-19
PAY001487,O001487,Credit Card,5448.79,2024-02-19
PAY001488,O001488,Credit Card,8610.21,2024-04-06
PAY001489,O001489,UPI,344.02,2024-07-22
PAY001490,O001490,Credit Card,814.67,2024-10-05
PAY001491,O001491,Credit Card,1700.62,2023-08-17
PAY001492,O001492,UPI,3541.74,2024-01-03
PAY001493,O001493,UPI,64137.09,2024-10-07
PAY001494,O001494,UPI,818.55,2024-12-26
PAY001495,O001495,UPI,3541.74,2024-11-17
PAY001496,O001496,UPI,12216.76,2023-10-17
PAY001497,O001497,Credit Card,10530.42,2023-06-12
PAY001498,O001498,UPI,3837.82,2023-12-24
PAY001499,O001499,UPI,2815.85,2024-06-16
PAY001500,O001500,Debit Card,1205.54,2023-12-20
PAY001501,O001501,Credit Card,2731.15,2023-12-19
PAY001502,O001502,Cash on Delivery,1538.85,2024-10-08
PAY001503,O001503,Net Banking,12611.29,2023-09-28
PAY001504,O001504,Debit Card,2475.12,2024-10-08
PAY001505,O001505,UPI,2335.14,2023-10-14
PAY001506,O001506,Debit Card,23263.89,2023-08-27
PAY001507,O001507,Debit Card,2401.94,2023-11-19
PAY001508,O001508,Net Banking,2227.8,2024-06-25
PAY001509,O001509,UPI,3082.32,2023-04-15
PAY001510,O001510,Debit Card,688.87,2023-06-03
PAY001511,O001511,Debit Card,11693.64,2024-12-21
PAY001512,O001512,Credit Card,5811.47,2023-05-16
PAY001513,O001513,Debit Card,1914.19,2024-01-12
PAY001514,O001514,UPI,543.75,2024-02-10
PAY001515,O001515,Debit Card,1812.52,2023-12-06
PAY001516,O001516,Debit Card,2271.81,2024-03-10
PAY001517,O001517,UPI,4669.51,2023-06-12
PAY001518,O001518,Net Banking,7538.99,2024-01-27
PAY001519,O001519,Net Banking,26337.5,2023-10-22
PAY001520,O001520,UPI,6194.09,2024-04-10
PAY001521,O001521,UPI,3726.42,2023-04-05
PAY001522,O001522,Debit Card,7739.52,2024-02-07
PAY001523,O001523,Credit Card,8992.29,2023-05-23
PAY001524,O001524,Credit Card,3681.01,2023-07-24
PAY001525,O001525,Net Banking,2319.97,2023-06-28
PAY001526,O001526,Cash on Delivery,4455.6,2023-05-20
PAY001527,O001527,Credit Card,3579.69,2024-09-10
PAY001528,O001528,UPI,1498.81,2023-07-11
PAY001529,O001529,Credit Card,1380.19,2024-11-12
PAY001530,O001530,Debit Card,2377.33,2024-12-28
PAY001531,O001531,Net Banking,6145.83,2024-02-22
PAY001532,O001532,UPI,8496.61,2023-04-22
PAY001533,O001533,Credit Card,504.3,2023-10-06
PAY001534,O001534,Credit Card,2664.42,2024-08-08
PAY001535,O001535,Debit Card,4171.0,2023-09-08
PAY001536,O001536,UPI,342.18,2023-03-17
PAY001537,O001537,Net Banking,8538.75,2024-01-24
PAY001538,O001538,Credit Card,4355.59,2024-10-26
PAY001539,O001539,Net Banking,1983.79,2024-08-28
PAY001540,O001540,UPI,33169.16,2023-05-25
PAY001541,O001541,Debit Card,7263.78,2024-04-16
PAY001542,O001542,Cash on Delivery,7569.35,2023-06-18
PAY001543,O001543,Cash on Delivery,4492.76,2023-06-05
PAY001544,O001544,Cash on Delivery,1227.56,2024-10-17
PAY001545,O001545,UPI,1713.82,2023-07-12
PAY001546,O001546,Credit Card,1196.79,2023-07-15
PAY001547,O001547,UPI,11084.34,2023-01-26
PAY001548,O001548,UPI,27334.08,2024-10-25
PAY001549,O001549,UPI,1221.17,2024-07-11
PAY001550,O001550,Debit Card,1503.03,2024-03-01
PAY001551,O001551,Net Banking,1279.55,2024-06-02
PAY001552,O001552,Credit Card,3306.83,2023-04-20
PAY001553,O001553,Net Banking,1061.25,2023-11-21
PAY001554,O001554,UPI,5131.9,2023-09-08
PAY001555,O001555,Net Banking,17992.1,2023-03-19
PAY001556,O001556,UPI,7217.66,2023-12-16
PAY001557,O001557,Credit Card,31590.42,2024-11-19
PAY001558,O001558,Credit Card,6108.38,2023-02-11
PAY001559,O001559,Net Banking,9330.73,2023-07-04
PAY001560,O001560,Cash on Delivery,5962.23,2023-06-06
PAY001561,O001561,UPI,1749.53,2023-06-07
PAY001562,O001562,UPI,764.66,2024-11-13
PAY001563,O001563,Debit Card,8930.59,2023-11-09
PAY001564,O001564,Credit Card,11690.61,2023-11-18
PAY001565,O001565,Credit Card,3426.11,2024-06-13
PAY001566,O001566,UPI,9527.46,2023-05-07
PAY001567,O001567,Net Banking,4173.48,2023-12-06
PAY001568,O001568,UPI,72567.21,2023-11-18
PAY001569,O001569,UPI,3368.3,2024-02-24
PAY001570,O001570,UPI,486.61,2024-12-29
PAY001571,O001571,Cash on Delivery,509.76,2024-06-29
PAY001572,O001572,UPI,945.21,2023-10-15
PAY001573,O001573,Debit Card,2611.49,2024-09-17
PAY001574,O001574,UPI,172.01,2023-05-20
PAY001575,O001575,Credit Card,11164.87,2023-01-07
PAY001576,O001576,Cash on Delivery,25293.43,2023-06-22
PAY001577,O001577,UPI,13712.79,2023-09-08
PAY001578,O001578,Net Banking,4194.07,2023-12-28
PAY001579,O001579,Cash on Delivery,4904.97,2024-03-26
PAY001580,O001580,Debit Card,2204.27,2024-11-12
PAY001581,O001581,UPI,1235.19,2023-12-15
PAY001582,O001582,Net Banking,3636.5,2023-12-03
PAY001583,O001583,Net Banking,22147.93,2023-02-22
PAY001584,O001584,Cash on Delivery,11223.26,2023-01-27
PAY001585,O001585,Net Banking,664.12,2024-01-08
PAY001586,O001586,Credit Card,1160.11,2023-11-15
PAY001587,O001587,Debit Card,58796.03,2024-10-22
PAY001588,O001588,Credit Card,814.67,2023-05-19
PAY001589,O001589,Credit Card,27241.06,2023-01-24
PAY001590,O001590,Debit Card,6058.47,2023-11-29
PAY001591,O001591,Net Banking,2447.46,2023-06-21
PAY001592,O001592,Debit Card,3247.58,2023-02-22
PAY001593,O001593,Net Banking,1772.02,2024-06-17
PAY001594,O001594,UPI,798.86,2023-03-18
PAY001595,O001595,Credit Card,7287.65,2024-02-14
PAY001596,O001596,UPI,203.82,2023-07-10
PAY001597,O001597,UPI,6717.72,2023-05-02
PAY001598,O001598,Credit Card,6312.01,2023-10-04
PAY001599,O001599,Cash on Delivery,6113.79,2024-08-23
PAY001600,O001600,Credit Card,8814.95,2023-10-14
PAY001601,O001601,UPI,47166.73,2024-06-13
PAY001602,O001602,Credit Card,5825.1,2023-04-02
PAY001603,O001603,Debit Card,7898.2,2024-06-05
PAY001604,O001604,Credit Card,8315.01,2023-06-25
PAY001605,O001605,Credit Card,541.45,2024-04-04
PAY001606,O001606,UPI,36927.94,2024-01-24
PAY001607,O001607,UPI,1684.15,2024-11-17
PAY001608,O001608,Debit Card,5469.01,2023-10-06
PAY001609,O001609,Credit Card,3073.78,2023-02-02
PAY001610,O001610,UPI,2227.8,2023-01-06
PAY001611,O001611,Cash on Delivery,9025.1,2024-09-24
PAY001612,O001612,UPI,9625.58,2023-12-03
PAY001613,O001613,UPI,6083.76,2024-07-01
PAY001614,O001614,Debit Card,1173.62,2023-06-05
PAY001615,O001615,Debit Card,1857.64,2023-09-08
PAY001616,O001616,UPI,747.7,2023-01-18
PAY001617,O001617,Debit Card,3096.22,2024-12-24
PAY001618,O001618,UPI,4835.38,2024-04-21
PAY001619,O001619,Cash on Delivery,8579.94,2024-11-22
PAY001620,O001620,Debit Card,17662.88,2023-07-23
PAY001621,O001621,UPI,1474.07,2024-03-21
PAY001622,O001622,UPI,40403.88,2024-04-25
PAY001623,O001623,Credit Card,4738.72,2023-08-08
PAY001624,O001624,Debit Card,4705.42,2024-10-09
PAY001625,O001625,Net Banking,1636.07,2024-12-01
PAY001626,O001626,Cash on Delivery,7810.35,2024-11-01
PAY001627,O001627,Credit Card,1253.82,2024-06-08
PAY001628,O001628,Net Banking,21469.37,2023-07-03
PAY001629,O001629,Credit Card,5420.42,2023-07-24
PAY001630,O001630,Credit Card,227.36,2024-12-27
PAY001631,O001631,Debit Card,6031.2,2023-01-18
PAY001632,O001632,UPI,3849.21,2024-05-07
PAY001633,O001633,UPI,219.41,2024-05-15
PAY001634,O001634,Net Banking,3293.83,2024-03-08
PAY001635,O001635,Credit Card,20958.29,2024-12-12
PAY001636,O001636,Cash on Delivery,8520.63,2023-08-13
PAY001637,O001637,UPI,33103.7,2023-09-01
PAY001638,O001638,UPI,4794.33,2023-03-16
PAY001639,O001639,Credit Card,39159.0,2023-11-23
PAY001640,O001640,Credit Card,7350.56,2023-07-20
PAY001641,O001641,Cash on Delivery,245.72,2023-09-07
PAY001642,O001642,UPI,25865.82,2024-09-25
PAY001643,O001643,Credit Card,496.64,2024-11-05
PAY001644,O001644,Credit Card,6600.07,2023-05-27
PAY001645,O001645,Net Banking,6001.62,2023-10-20
PAY001646,O001646,Credit Card,1253.82,2024-11-23
PAY001647,O001647,Debit Card,487.31,2023-02-25
PAY001648,O001648,Net Banking,6177.4,2023-03-12
PAY001649,O001649,UPI,42947.19,2023-05-14
PAY001650,O001650,Cash on Delivery,16542.25,2024-02-24
PAY001651,O001651,Net Banking,572.98,2023-04-19
PAY001652,O001652,Credit Card,7858.53,2024-12-01
PAY001653,O001653,Debit Card,2853.08,2023-11-05
PAY001654,O001654,Net Banking,2630.5,2023-12-25
PAY001655,O001655,Net Banking,424.38,2023-07-08
PAY001656,O001656,UPI,46724.82,2023-12-02
PAY001657,O001657,Debit Card,16837.48,2024-04-10
PAY001658,O001658,UPI,17921.54,2024-06-14
PAY001659,O001659,UPI,3527.25,2024-06-03
PAY001660,O001660,Net Banking,4632.31,2024-02-20
PAY001661,O001661,Net Banking,1150.31,2024-11-12
PAY001662,O001662,Credit Card,14134.11,2024-09-11
PAY001663,O001663,Credit Card,2452.31,2024-06-26
PAY001664,O001664,Debit Card,8944.74,2023-02-27
PAY001665,O001665,Cash on Delivery,4639.94,2023-01-11
PAY001666,O001666,Credit Card,4521.98,2023-06-08
PAY001667,O001667,UPI,12558.5,2024-04-11
PAY001668,O001668,Net Banking,424.38,2023-11-18
PAY001669,O001669,UPI,2663.56,2023-10-09
PAY001670,O001670,UPI,5189.54,2024-11-08
PAY001671,O001671,Debit Card,2704.92,2024-11-14
PAY001672,O001672,Credit Card,8836.66,2024-11-07
PAY001673,O001673,Credit Card,7824.98,2023-08-01
PAY001674,O001674,Net Banking,1532.48,2024-05-07
PAY001675,O001675,UPI,5006.89,2023-07-06
PAY001676,O001676,UPI,2238.98,2023-05-03
PAY001677,O001677,UPI,1006.7,2023-05-28
PAY001678,O001678,UPI,2707.59,2023-09-17
PAY001679,O001679,Credit Card,1017.69,2023-11-24
PAY001680,O001680,Credit Card,3538.74,2024-09-07
PAY001681,O001681,Net Banking,3651.88,2023-04-08
PAY001682,O001682,Net Banking,4689.51,2024-06-10
PAY001683,O001683,Credit Card,19891.97,2023-12-21
PAY001684,O001684,UPI,30657.65,2023-07-13
PAY001685,O001685,Credit Card,8968.78,2023-12-17
PAY001686,O001686,Debit Card,26947.53,2023-08-15
PAY001687,O001687,UPI,15028.29,2024-02-28
PAY001688,O001688,Net Banking,5850.26,2023-11-14
PAY001689,O001689,UPI,1660.83,2023-05-03
PAY001690,O001690,Cash on Delivery,154.51,2023-04-19
PAY001691,O001691,Credit Card,435.0,2024-01-09
PAY001692,O001692,Net Banking,1449.37,2024-11-10
PAY001693,O001693,Debit Card,20958.29,2023-09-14
PAY001694,O001694,Credit Card,4194.07,2024-06-16
PAY001695,O001695,Debit Card,828.79,2024-04-05
PAY001696,O001696,Net Banking,11212.58,2024-11-06
PAY001697,O001697,Debit Card,17109.42,2024-09-02
PAY001698,O001698,Net Banking,62.19,2024-01-24
PAY001699,O001699,UPI,132.46,2024-04-13
PAY001700,O001700,UPI,39658.62,2024-11-24
PAY001701,O001701,UPI,6757.66,2023-10-16
PAY001702,O001702,Net Banking,3668.63,2023-08-14
PAY001703,O001703,UPI,752.48,2023-01-14
PAY001704,O001704,Net Banking,3189.4,2024-09-25
PAY001705,O001705,Credit Card,18010.35,2024-08-26
PAY001706,O001706,UPI,22586.63,2023-03-13
PAY001707,O001707,Credit Card,75029.03,2024-02-23
PAY001708,O001708,UPI,62349.89,2023-11-02
PAY001709,O001709,Credit Card,5002.18,2023-04-25
PAY001710,O001710,Credit Card,7749.38,2024-12-16
PAY001711,O001711,UPI,10363.95,2023-06-13
PAY001712,O001712,Net Banking,46816.36,2023-02-01
PAY001713,O001713,Credit Card,6049.36,2024-02-21
PAY001714,O001714,Credit Card,867.58,2024-06-21
PAY001715,O001715,Net Banking,28615.29,2023-01-10
PAY001716,O001716,UPI,5030.02,2024-04-23
PAY001717,O001717,Credit Card,5043.09,2024-01-05
PAY001718,O001718,Credit Card,1808.37,2023-03-23
PAY001719,O001719,Credit Card,7665.67,2023-05-23
PAY001720,O001720,UPI,5630.82,2024-01-14
PAY001721,O001721,UPI,42324.69,2023-08-15
PAY001722,O001722,Credit Card,1218.7,2024-11-17
PAY001723,O001723,UPI,50146.83,2024-09-13
PAY001724,O001724,UPI,13118.98,2024-12-25
PAY001725,O001725,UPI,6326.83,2023-07-24
PAY001726,O001726,Credit Card,5884.39,2024-12-19
PAY001727,O001727,UPI,2998.44,2023-11-13
PAY001728,O001728,Debit Card,26984.72,2023-09-07
PAY001729,O001729,Net Banking,990.53,2023-02-11
PAY001730,O001730,Debit Card,4494.03,2023-02-27
PAY001731,O001731,Net Banking,1395.26,2024-05-04
PAY001732,O001732,Debit Card,5555.15,2023-11-23
PAY001733,O001733,Credit Card,901.32,2023-06-15
PAY001734,O001734,UPI,2468.94,2024-03-24
PAY001735,O001735,UPI,1605.81,2023-07-06
PAY001736,O001736,UPI,3092.15,2024-02-16
PAY001737,O001737,UPI,7903.54,2023-09-04
PAY001738,O001738,Cash on Delivery,2349.08,2024-09-06
PAY001739,O001739,Cash on Delivery,5100.78,2024-09-10
PAY001740,O001740,UPI,42315.08,2023-12-21
PAY001741,O001741,Credit Card,568.02,2023-09-29
PAY001742,O001742,Credit Card,39359.6,2023-09-03
PAY001743,O001743,Debit Card,2168.17,2024-08-14
PAY001744,O001744,Debit Card,6001.62,2023-08-04
PAY001745,O001745,UPI,13488.91,2023-06-19
PAY001746,O001746,Debit Card,4854.67,2023-03-16
PAY001747,O001747,Debit Card,6580.1,2023-11-01
PAY001748,O001748,Credit Card,14944.29,2023-12-25
PAY001749,O001749,Credit Card,594.58,2024-10-08
PAY001750,O001750,Cash on Delivery,5281.86,2023-06-02
PAY001751,O001751,Net Banking,532.16,2023-10-17
PAY001752,O001752,Credit Card,5597.89,2024-08-21
PAY001753,O001753,UPI,47735.87,2024-09-12
PAY001754,O001754,Credit Card,3401.29,2023-10-12
PAY001755,O001755,Debit Card,4801.3,2023-11-02
PAY001756,O001756,UPI,6741.99,2023-08-11
PAY001757,O001757,Credit Card,30287.63,2024-11-28
PAY001758,O001758,UPI,2846.01,2023-04-25
PAY001759,O001759,UPI,28445.88,2024-11-17
PAY001760,O001760,UPI,28015.78,2024-04-26
PAY001761,O001761,UPI,56.63,2023-12-16
PAY001762,O001762,Credit Card,25959.15,2023-01-23
PAY001763,O001763,Net Banking,457.65,2023-12-22
PAY001764,O001764,Credit Card,2640.56,2023-10-22
PAY001765,O001765,Credit Card,1151.44,2023-05-12
PAY001766,O001766,Net Banking,3487.22,2024-04-24
PAY001767,O001767,UPI,11202.0,2024-12-15
PAY001768,O001768,UPI,4494.03,2024-01-17
PAY001769,O001769,UPI,210.24,2024-05-21
PAY001770,O001770,Net Banking,6778.58,2023-02-14
PAY001771,O001771,Debit Card,2319.97,2023-11-23
PAY001772,O001772,UPI,36031.6,2023-04-11
PAY001773,O001773,Debit Card,2863.83,2024-03-23
PAY001774,O001774,Cash on Delivery,156.01,2024-12-17
PAY001775,O001775,UPI,7908.39,2024-04-29
PAY001776,O001776,Debit Card,4938.86,2023-02-02
PAY001777,O001777,Credit Card,13889.35,2023-09-04
PAY001778,O001778,Credit Card,3566.45,2024-01-09
PAY001779,O001779,Credit Card,5882.67,2023-10-06
PAY001780,O001780,Net Banking,11285.56,2024-09-23
PAY001781,O001781,Credit Card,260.18,2024-08-15
PAY001782,O001782,Credit Card,2218.83,2024-03-06
PAY001783,O001783,UPI,6734.6,2023-10-25
PAY001784,O001784,UPI,16244.98,2023-07-24
PAY001785,O001785,Debit Card,14577.63,2023-03-23
PAY001786,O001786,UPI,3811.49,2023-09-17
PAY001787,O001787,UPI,35805.55,2023-11-24
PAY001788,O001788,UPI,82144.25,2024-04-26
PAY001789,O001789,Credit Card,2755.84,2024-04-21
PAY001790,O001790,UPI,6600.07,2023-02-25
PAY001791,O001791,Debit Card,12834.79,2023-10-21
PAY001792,O001792,UPI,8985.91,2023-05-14
PAY001793,O001793,Credit Card,30391.14,2023-05-09
PAY001794,O001794,Credit Card,424.38,2024-09-04
PAY001795,O001795,Net Banking,691.82,2023-02-12
PAY001796,O001796,Credit Card,4801.64,2023-11-08
PAY001797,O001797,Net Banking,7315.68,2023-05-19
PAY001798,O001798,UPI,43592.89,2024-11-28
PAY001799,O001799,Debit Card,22824.68,2024-01-19
PAY001800,O001800,UPI,2290.21,2023-06-03
PAY001801,O001801,Debit Card,2349.78,2023-12-08
PAY001802,O001802,UPI,2877.47,2024-06-11
PAY001803,O001803,Credit Card,1128.48,2024-12-27
PAY001804,O001804,Credit Card,6161.57,2023-06-06
PAY001805,O001805,Net Banking,5371.88,2024-11-20
PAY001806,O001806,UPI,125.84,2024-11-04
PAY001807,O001807,Debit Card,1473.58,2024-11-19
PAY001808,O001808,Cash on Delivery,3479.58,2024-03-06
PAY001809,O001809,UPI,1395.26,2024-03-09
PAY001810,O001810,Cash on Delivery,14247.51,2023-10-16
PAY001811,O001811,UPI,6571.24,2024-06-10
PAY001812,O001812,Net Banking,15392.04,2023-12-23
PAY001813,O001813,Cash on Delivery,52850.54,2024-04-20
PAY001814,O001814,Cash on Delivery,3297.14,2023-11-17
PAY001815,O001815,Credit Card,1453.36,2024-06-09
PAY001816,O001816,Net Banking,133255.39,2024-09-16
PAY001817,O001817,UPI,1018.13,2023-04-07
PAY001818,O001818,Credit Card,30374.7,2024-09-12
PAY001819,O001819,UPI,463.28,2024-01-23
PAY001820,O001820,Credit Card,7139.21,2024-10-08
PAY001821,O001821,Debit Card,25007.21,2023-11-03
PAY001822,O001822,UPI,10276.07,2023-10-17
PAY001823,O001823,Cash on Delivery,15041.03,2024-11-11
PAY001824,O001824,Debit Card,75257.82,2023-07-07
PAY001825,O001825,Net Banking,10735.69,2024-10-14
PAY001826,O001826,Net Banking,29319.98,2023-12-23
PAY001827,O001827,Net Banking,649.39,2023-12-14
PAY001828,O001828,UPI,10461.5,2023-08-18
PAY001829,O001829,Credit Card,39746.01,2024-02-10
PAY001830,O001830,UPI,2311.21,2023-08-23
PAY001831,O001831,UPI,5960.56,2023-02-05
PAY001832,O001832,UPI,7304.47,2023-07-16
PAY001833,O001833,Debit Card,5756.6,2023-01-19
PAY001834,O001834,UPI,84651.7,2024-12-16
PAY001835,O001835,Credit Card,5461.22,2024-12-08
PAY001836,O001836,Credit Card,91897.27,2023-10-25
PAY001837,O001837,UPI,2705.6,2024-06-25
PAY001838,O001838,Debit Card,3979.69,2023-09-23
PAY001839,O001839,Debit Card,5083.24,2024-04-27
PAY001840,O001840,Cash on Delivery,6797.88,2024-08-04
PAY001841,O001841,UPI,6755.25,2024-12-07
PAY001842,O001842,Credit Card,14928.18,2023-10-17
PAY001843,O001843,Credit Card,23241.34,2024-07-21
PAY001844,O001844,Cash on Delivery,308.7,2023-07-08
PAY001845,O001845,Credit Card,1288.12,2024-12-17
PAY001846,O001846,Credit Card,11295.16,2023-01-21
PAY001847,O001847,UPI,6156.9,2024-02-13
PAY001848,O001848,UPI,23503.39,2024-04-26
PAY001849,O001849,UPI,136.76,2024-05-04
PAY001850,O001850,Debit Card,764.66,2023-04-29
PAY001851,O001851,Debit Card,6157.44,2024-12-21
PAY001852,O001852,UPI,29490.94,2023-05-01
PAY001853,O001853,Credit Card,7267.72,2024-03-05
PAY001854,O001854,UPI,4336.33,2023-06-22
PAY001855,O001855,Debit Card,5876.52,2023-08-02
PAY001856,O001856,Net Banking,3879.88,2024-01-19
PAY001857,O001857,Net Banking,5328.84,2023-11-23
PAY001858,O001858,UPI,87311.28,2023-05-27
PAY001859,O001859,Debit Card,15075.36,2023-05-16
PAY001860,O001860,Cash on Delivery,1395.26,2023-11-15
PAY001861,O001861,Debit Card,11928.51,2024-06-05
PAY001862,O001862,Credit Card,11548.12,2024-11-24
PAY001863,O001863,Debit Card,16718.28,2023-03-14
PAY001864,O001864,Debit Card,8944.74,2023-10-27
PAY001865,O001865,Credit Card,3541.74,2023-03-17
PAY001866,O001866,UPI,19309.78,2023-01-23
PAY001867,O001867,Debit Card,2582.28,2024-04-25
PAY001868,O001868,Net Banking,5047.97,2024-02-04
PAY001869,O001869,Cash on Delivery,670.58,2023-05-21
PAY001870,O001870,UPI,12766.51,2023-06-02
PAY001871,O001871,Debit Card,27369.28,2023-01-03
PAY001872,O001872,UPI,2125.78,2024-09-07
PAY001873,O001873,Cash on Delivery,503.35,2024-12-09
PAY001874,O001874,UPI,1596.88,2023-04-03
PAY001875,O001875,Credit Card,26000.82,2023-06-10
PAY001876,O001876,UPI,1217.93,2024-10-14
PAY001877,O001877,Debit Card,7621.1,2024-11-08
PAY001878,O001878,UPI,3276.0,2023-11-17
PAY001879,O001879,Debit Card,10734.33,2023-02-18
PAY001880,O001880,Credit Card,4705.42,2023-02-18
PAY001881,O001881,Credit Card,13001.24,2024-02-17
PAY001882,O001882,UPI,3382.04,2023-10-04
PAY001883,O001883,UPI,3333.53,2023-01-03
PAY001884,O001884,UPI,27843.9,2024-02-11
PAY001885,O001885,Debit Card,11014.27,2023-01-20
PAY001886,O001886,Credit Card,3419.66,2024-07-19
PAY001887,O001887,UPI,5774.06,2023-08-05
PAY001888,O001888,Credit Card,8100.51,2023-02-14
PAY001889,O001889,UPI,2815.41,2024-02-09
PAY001890,O001890,Credit Card,30517.31,2023-10-21
PAY001891,O001891,Cash on Delivery,1042.66,2024-12-03
PAY001892,O001892,UPI,1410.8,2024-01-15
PAY001893,O001893,Debit Card,49903.33,2023-07-07
PAY001894,O001894,Debit Card,2807.47,2024-05-25
PAY001895,O001895,Credit Card,16766.63,2023-07-24
PAY001896,O001896,Credit Card,958.38,2024-11-24
PAY001897,O001897,Credit Card,7063.35,2023-10-22
PAY001898,O001898,UPI,868.91,2024-01-17
PAY001899,O001899,Net Banking,3822.0,2023-02-14
PAY001900,O001900,Debit Card,7907.27,2023-11-26
PAY001901,O001901,Cash on Delivery,1123.42,2024-09-01
PAY001902,O001902,Debit Card,162.4,2024-08-03
PAY001903,O001903,Credit Card,33512.04,2023-06-19
PAY001904,O001904,Debit Card,33154.13,2023-06-18
PAY001905,O001905,Debit Card,1082.9,2024-09-12
PAY001906,O001906,Debit Card,21902.16,2024-11-12
PAY001907,O001907,Net Banking,1982.94,2023-03-09
PAY001908,O001908,Cash on Delivery,131.33,2023-11-04
PAY001909,O001909,UPI,2663.56,2023-09-14
PAY001910,O001910,UPI,34493.42,2024-10-04
PAY001911,O001911,Debit Card,519.51,2023-03-24
PAY001912,O001912,Credit Card,8580.7,2023-06-27
PAY001913,O001913,Debit Card,8041.1,2024-06-13
PAY001914,O001914,Credit Card,5196.72,2023-02-28
PAY001915,O001915,Credit Card,215.99,2023-12-10
PAY001916,O001916,UPI,27227.18,2023-11-12
PAY001917,O001917,Debit Card,29802.83,2023-09-06
PAY001918,O001918,UPI,26172.83,2023-10-25
PAY001919,O001919,Debit Card,5285.01,2023-12-18
PAY001920,O001920,Cash on Delivery,17354.67,2023-05-14
PAY001921,O001921,UPI,4143.72,2024-02-06
PAY001922,O001922,UPI,3984.95,2024-08-17
PAY001923,O001923,UPI,2441.0,2024-06-06
PAY001924,O001924,Credit Card,509.76,2023-04-20
PAY001925,O001925,UPI,1584.56,2023-04-22
PAY001926,O001926,Credit Card,14371.22,2023-07-26
PAY001927,O001927,Credit Card,1629.34,2023-09-14
PAY001928,O001928,UPI,190.32,2023-10-06
PAY001929,O001929,Debit Card,2204.83,2024-04-26
PAY001930,O001930,Cash on Delivery,4675.21,2023-02-10
PAY001931,O001931,UPI,4764.33,2023-01-18
PAY001932,O001932,Net Banking,2827.99,2023-10-21
PAY001933,O001933,UPI,65345.23,2024-05-25
PAY001934,O001934,UPI,31160.28,2023-06-04
PAY001935,O001935,Credit Card,11718.26,2024-03-24
PAY001936,O001936,UPI,11591.92,2023-07-06
PAY001937,O001937,UPI,8592.46,2024-11-03
PAY001938,O001938,UPI,6571.24,2024-11-19
PAY001939,O001939,Cash on Delivery,892.53,2023-08-28
PAY001940,O001940,UPI,2986.9,2023-06-22
PAY001941,O001941,Net Banking,7239.21,2023-11-16
PAY001942,O001942,Debit Card,3501.36,2023-06-23
PAY001943,O001943,UPI,691.82,2024-04-01
PAY001944,O001944,UPI,11126.34,2024-09-28
PAY001945,O001945,UPI,5848.18,2024-04-24
PAY001946,O001946,UPI,11371.5,2024-09-19
PAY001947,O001947,UPI,9126.77,2023-10-08
PAY001948,O001948,UPI,14232.04,2023-05-28
PAY001949,O001949,UPI,9501.43,2024-06-02
PAY001950,O001950,UPI,1130.77,2023-09-06
PAY001951,O001951,Credit Card,3000.18,2024-04-17
PAY001952,O001952,UPI,2000.02,2023-07-04
PAY001953,O001953,Cash on Delivery,5384.14,2023-03-05
PAY001954,O001954,UPI,20864.52,2024-12-16
PAY001955,O001955,Debit Card,12907.46,2023-05-13
PAY001956,O001956,Cash on Delivery,556.29,2024-12-22
PAY001957,O001957,UPI,1984.06,2024-12-19
PAY001958,O001958,Credit Card,2611.49,2024-07-04
PAY001959,O001959,Credit Card,13535.13,2024-04-17
PAY001960,O001960,Cash on Delivery,4099.96,2024-02-08
PAY001961,O001961,Debit Card,7354.47,2024-10-22
PAY001962,O001962,UPI,9420.37,2023-07-07
PAY001963,O001963,Debit Card,591.69,2023-11-18
PAY001964,O001964,Credit Card,4494.03,2024-03-21
PAY001965,O001965,UPI,15619.2,2023-11-21
PAY001966,O001966,Net Banking,9796.99,2023-11-02
PAY001967,O001967,Debit Card,5524.17,2023-08-14
PAY001968,O001968,UPI,4173.48,2024-01-15
PAY001969,O001969,Net Banking,5721.72,2024-10-04
PAY001970,O001970,Credit Card,322.05,2023-06-06
PAY001971,O001971,Debit Card,503.35,2024-11-17
PAY001972,O001972,Credit Card,1483.38,2024-05-25
PAY001973,O001973,Net Banking,18736.04,2024-09-08
PAY001974,O001974,Debit Card,6177.4,2024-01-12
PAY001975,O001975,Credit Card,5457.96,2024-07-14
PAY001976,O001976,Cash on Delivery,3699.63,2023-01-26
PAY001977,O001977,UPI,1038.41,2024-09-13
PAY001978,O001978,UPI,12954.5,2023-02-01
PAY001979,O001979,Credit Card,3507.72,2024-11-23
PAY001980,O001980,Credit Card,264.92,2024-12-07
PAY001981,O001981,Credit Card,3934.44,2023-08-05
PAY001982,O001982,Debit Card,19241.53,2023-06-24
PAY001983,O001983,Debit Card,804.68,2024-06-22
PAY001984,O001984,Credit Card,917.18,2023-07-15
PAY001985,O001985,Net Banking,12485.36,2024-10-17
PAY001986,O001986,Debit Card,17379.12,2023-03-05
PAY001987,O001987,Net Banking,17354.67,2023-04-13
PAY001988,O001988,Cash on Delivery,512.68,2024-12-28
PAY001989,O001989,UPI,3158.86,2024-04-04
PAY001990,O001990,Debit Card,1806.96,2024-10-01
PAY001991,O001991,UPI,16745.93,2023-08-13
PAY001992,O001992,Net Banking,5119.74,2024-04-25
PAY001993,O001993,Debit Card,9571.08,2024-02-03
PAY001994,O001994,UPI,50046.76,2024-02-12
PAY001995,O001995,Cash on Delivery,818.04,2024-04-25
PAY001996,O001996,Debit Card,4351.54,2024-02-16
PAY001997,O001997,Cash on Delivery,11931.49,2023-11-17
PAY001998,O001998,UPI,29797.39,2023-07-08
PAY001999,O001999,Net Banking,5323.75,2024-06-07
PAY002000,O002000,Debit Card,1540.92,2023-06-25
PAY002001,O002001,Credit Card,11197.36,2024-05-23
PAY002002,O002002,Net Banking,494.07,2023-06-17
PAY002003,O002003,Debit Card,861.09,2024-03-24
PAY002004,O002004,Debit Card,57763.65,2024-06-06
PAY002005,O002005,UPI,254.88,2023-06-20
PAY002006,O002006,Net Banking,10700.88,2023-02-06
PAY002007,O002007,Debit Card,1827.54,2023-04-07
PAY002008,O002008,Net Banking,12354.8,2024-02-28
PAY002009,O002009,Credit Card,9305.83,2024-10-15
PAY002010,O002010,UPI,78224.6,2023-02-23
PAY002011,O002011,UPI,446.72,2024-06-08
PAY002012,O002012,Net Banking,1237.56,2023-09-16
PAY002013,O002013,UPI,18434.16,2023-12-14
PAY002014,O002014,UPI,22818.74,2024-11-11
PAY002015,O002015,Debit Card,6113.79,2023-09-12
PAY002016,O002016,UPI,13848.75,2023-11-23
PAY002017,O002017,Cash on Delivery,5424.03,2023-01-12
PAY002018,O002018,Credit Card,19540.34,2023-03-01
PAY002019,O002019,Cash on Delivery,13581.41,2023-07-24
PAY002020,O002020,UPI,3798.56,2023-01-11
PAY002021,O002021,UPI,18041.76,2024-03-21
PAY002022,O002022,Credit Card,2707.59,2023-11-09
PAY002023,O002023,Debit Card,23225.5,2024-01-12
PAY002024,O002024,UPI,3744.13,2023-05-05
PAY002025,O002025,Credit Card,5511.68,2023-08-22
PAY002026,O002026,Cash on Delivery,4588.15,2024-04-28
PAY002027,O002027,UPI,2204.83,2024-12-12
PAY002028,O002028,Debit Card,8806.07,2023-02-13
PAY002029,O002029,Debit Card,3850.73,2024-11-19
PAY002030,O002030,UPI,2898.74,2024-02-12
PAY002031,O002031,Debit Card,1341.16,2024-01-19
PAY002032,O002032,Credit Card,10377.83,2023-12-22
PAY002033,O002033,UPI,1292.0,2023-02-03
PAY002034,O002034,UPI,2830.36,2023-03-08
PAY002035,O002035,Net Banking,34736.04,2024-02-15
PAY002036,O002036,UPI,814.17,2023-09-20
PAY002037,O002037,Credit Card,90711.34,2024-11-25
PAY002038,O002038,Debit Card,6934.38,2023-10-24
PAY002039,O002039,UPI,60623.72,2023-04-05
PAY002040,O002040,Cash on Delivery,26925.21,2024-05-23
PAY002041,O002041,UPI,1857.64,2023-08-29
PAY002042,O002042,UPI,1760.62,2023-12-21
PAY002043,O002043,Debit Card,887.41,2024-05-14
PAY002044,O002044,UPI,4711.37,2024-11-14
PAY002045,O002045,Debit Card,514.38,2024-07-26
PAY002046,O002046,Cash on Delivery,1175.86,2024-04-20
PAY002047,O002047,UPI,776.7,2024-04-05
PAY002048,O002048,Credit Card,1330.4,2024-12-03
PAY002049,O002049,UPI,2739.72,2023-08-24
PAY002050,O002050,Net Banking,81681.54,2023-01-23
PAY002051,O002051,UPI,1444.15,2023-07-17
PAY002052,O002052,UPI,5568.42,2023-06-13
PAY002053,O002053,Debit Card,3401.95,2024-04-07
PAY002054,O002054,Credit Card,10121.28,2024-03-07
PAY002055,O002055,UPI,12745.72,2024-02-27
PAY002056,O002056,Cash on Delivery,3674.12,2023-01-17
PAY002057,O002057,UPI,4627.18,2024-06-18
PAY002058,O002058,Credit Card,36223.48,2023-08-29
PAY002059,O002059,UPI,1082.19,2024-04-19
PAY002060,O002060,Net Banking,1478.7,2024-01-09
PAY002061,O002061,UPI,1396.59,2023-09-08
PAY002062,O002062,UPI,56235.09,2023-04-22
PAY002063,O002063,UPI,31415.74,2023-03-10
PAY002064,O002064,Cash on Delivery,5305.14,2024-09-09
PAY002065,O002065,UPI,15901.51,2024-11-04
PAY002066,O002066,UPI,2707.59,2024-04-13
PAY002067,O002067,Credit Card,53439.69,2023-03-12
PAY002068,O002068,Credit Card,10225.57,2023-10-23
PAY002069,O002069,Net Banking,99468.99,2024-06-21
PAY002070,O002070,Debit Card,2652.5,2024-07-03
PAY002071,O002071,UPI,3360.32,2023-04-01
PAY002072,O002072,Credit Card,6402.7,2023-01-25
PAY002073,O002073,UPI,1369.52,2024-05-10
PAY002074,O002074,Credit Card,130.64,2023-09-22
PAY002075,O002075,Debit Card,26808.37,2023-07-24
PAY002076,O002076,Credit Card,1784.65,2023-01-21
PAY002077,O002077,UPI,3333.53,2024-01-16
PAY002078,O002078,UPI,7741.64,2024-10-07
PAY002079,O002079,Net Banking,5609.88,2024-12-26
PAY002080,O002080,Net Banking,7350.56,2024-01-06
PAY002081,O002081,UPI,43655.64,2023-12-25
PAY002082,O002082,UPI,851.38,2023-03-12
PAY002083,O002083,Cash on Delivery,8761.65,2024-01-07
PAY002084,O002084,Credit Card,4969.01,2023-10-20
PAY002085,O002085,Credit Card,2369.77,2024-02-21
PAY002086,O002086,Debit Card,585.57,2023-10-11
PAY002087,O002087,UPI,11930.58,2023-06-27
PAY002088,O002088,Credit Card,9004.04,2023-03-21
PAY002089,O002089,Net Banking,199.73,2023-08-06
PAY002090,O002090,UPI,3535.7,2023-03-08
PAY002091,O002091,Debit Card,17466.62,2023-05-27
PAY002092,O002092,Credit Card,1362.87,2024-12-05
PAY002093,O002093,Cash on Delivery,8226.29,2023-11-01
PAY002094,O002094,UPI,1299.74,2024-01-01
PAY002095,O002095,Net Banking,4641.67,2024-10-22
PAY002096,O002096,UPI,49138.19,2024-12-08
PAY002097,O002097,Credit Card,8836.66,2024-02-09
PAY002098,O002098,UPI,6128.94,2024-08-02
PAY002099,O002099,Net Banking,40209.56,2023-08-04
PAY002100,O002100,UPI,7761.48,2023-08-06
PAY002101,O002101,Net Banking,7289.85,2023-10-16
PAY002102,O002102,Credit Card,15130.99,2024-04-16
PAY002103,O002103,Net Banking,138.13,2024-04-03
PAY002104,O002104,UPI,276.47,2023-08-10
PAY002105,O002105,UPI,23696.52,2023-04-02
PAY002106,O002106,Credit Card,6402.65,2024-03-19
PAY002107,O002107,Credit Card,4752.07,2023-04-18
PAY002108,O002108,Credit Card,4194.07,2024-02-08
PAY002109,O002109,Debit Card,12003.24,2024-05-13
PAY002110,O002110,UPI,18734.59,2024-05-22
PAY002111,O002111,Debit Card,8668.54,2024-06-22
PAY002112,O002112,UPI,1837.72,2024-10-24
PAY002113,O002113,UPI,1062.14,2023-12-07
PAY002114,O002114,Cash on Delivery,2755.84,2024-06-05
PAY002115,O002115,Credit Card,18786.12,2024-03-04
PAY002116,O002116,Net Banking,3366.84,2023-05-05
PAY002117,O002117,UPI,369.0,2023-01-03
PAY002118,O002118,UPI,7367.59,2023-07-12
PAY002119,O002119,Credit Card,7830.04,2023-11-14
PAY002120,O002120,UPI,4419.55,2024-03-22
PAY002121,O002121,UPI,3275.32,2024-10-10
PAY002122,O002122,UPI,2085.21,2023-06-09
PAY002123,O002123,UPI,1761.51,2023-04-13
PAY002124,O002124,UPI,2117.27,2024-12-05
PAY002125,O002125,Net Banking,1378.44,2023-03-05
PAY002126,O002126,Credit Card,1325.5,2023-12-20
PAY002127,O002127,Debit Card,5175.31,2024-02-09
PAY002128,O002128,UPI,478.34,2024-01-12
PAY002129,O002129,Net Banking,1857.64,2023-03-26
PAY002130,O002130,UPI,10097.62,2023-02-15
PAY002131,O002131,UPI,1812.52,2023-03-13
PAY002132,O002132,UPI,541.45,2024-02-18
PAY002133,O002133,Credit Card,2163.55,2024-01-18
PAY002134,O002134,Net Banking,170.95,2023-06-04
PAY002135,O002135,Credit Card,1259.21,2024-03-04
PAY002136,O002136,Cash on Delivery,42325.85,2024-09-07
PAY002137,O002137,Net Banking,17944.94,2023-02-19
PAY002138,O002138,UPI,1374.35,2023-12-04
PAY002139,O002139,UPI,75047.62,2024-05-13
PAY002140,O002140,Cash on Delivery,28181.01,2023-07-06
PAY002141,O002141,UPI,3874.69,2023-08-06
PAY002142,O002142,Net Banking,10195.04,2024-03-07
PAY002143,O002143,Cash on Delivery,4795.92,2024-11-24
PAY002144,O002144,Net Banking,12122.98,2024-08-23
PAY002145,O002145,Debit Card,27227.18,2024-02-13
PAY002146,O002146,Net Banking,7270.72,2024-06-24
PAY002147,O002147,Debit Card,113.68,2023-09-03
PAY002148,O002148,Credit Card,13027.15,2024-03-23
PAY002149,O002149,UPI,1982.63,2023-11-28
PAY002150,O002150,Net Banking,1855.98,2023-05-06
PAY002151,O002151,Cash on Delivery,1454.49,2024-05-04
PAY002152,O002152,Credit Card,3333.51,2024-01-20
PAY002153,O002153,Credit Card,752.48,2023-09-25
PAY002154,O002154,Credit Card,8988.06,2024-11-24
PAY002155,O002155,Net Banking,25165.28,2023-01-18
PAY002156,O002156,UPI,4614.79,2023-08-25
PAY002157,O002157,Debit Card,1684.15,2023-02-22
PAY002158,O002158,Cash on Delivery,4010.97,2024-06-10
PAY002159,O002159,UPI,130.64,2024-05-02
PAY002160,O002160,Cash on Delivery,61409.86,2023-08-25
PAY002161,O002161,Cash on Delivery,6421.15,2024-04-28
PAY002162,O002162,Cash on Delivery,21791.5,2023-10-15
PAY002163,O002163,Credit Card,19891.97,2024-06-27
PAY002164,O002164,Credit Card,2108.27,2023-11-17
PAY002165,O002165,Debit Card,2021.41,2023-11-09
PAY002166,O002166,UPI,6195.75,2024-11-09
PAY002167,O002167,UPI,324.95,2023-07-13
PAY002168,O002168,Cash on Delivery,557.82,2023-04-14
PAY002169,O002169,Debit Card,19116.18,2024-02-08
PAY002170,O002170,UPI,752.48,2024-12-25
PAY002171,O002171,UPI,4419.55,2023-10-27
PAY002172,O002172,Debit Card,1946.67,2023-02-12
PAY002173,O002173,Net Banking,3544.04,2023-09-14
PAY002174,O002174,Credit Card,2201.97,2023-12-02
PAY002175,O002175,UPI,872.3,2023-05-07
PAY002176,O002176,Debit Card,2664.42,2024-04-13
PAY002177,O002177,UPI,7511.16,2024-12-29
PAY002178,O002178,UPI,8456.09,2023-11-08
PAY002179,O002179,Credit Card,2001.04,2023-09-19
PAY002180,O002180,Credit Card,1449.37,2023-10-21
PAY002181,O002181,Credit Card,3923.97,2023-03-11
PAY002182,O002182,Net Banking,7646.95,2024-11-07
PAY002183,O002183,Credit Card,7797.88,2023-11-09
PAY002184,O002184,Cash on Delivery,26005.62,2023-10-19
PAY002185,O002185,Net Banking,8988.06,2024-04-26
PAY002186,O002186,Debit Card,2570.98,2023-11-02
PAY002187,O002187,UPI,5921.51,2024-04-01
PAY002188,O002188,Net Banking,3129.11,2023-02-10
PAY002189,O002189,Cash on Delivery,15830.26,2024-08-07
PAY002190,O002190,Credit Card,5447.28,2024-12-14
PAY002191,O002191,Credit Card,3724.99,2024-04-06
PAY002192,O002192,UPI,805.12,2024-12-04
PAY002193,O002193,UPI,44892.56,2023-04-25
PAY002194,O002194,Credit Card,33689.73,2023-12-17
PAY002195,O002195,UPI,14181.24,2024-02-19
PAY002196,O002196,UPI,58277.29,2024-02-28
PAY002197,O002197,Credit Card,1490.24,2023-10-06
PAY002198,O002198,Net Banking,1237.56,2023-09-03
PAY002199,O002199,Net Banking,12730.89,2023-04-24
PAY002200,O002200,Cash on Delivery,6526.82,2023-10-05
PAY002201,O002201,Credit Card,1790.72,2023-05-07
PAY002202,O002202,Credit Card,5863.81,2024-06-12
PAY002203,O002203,Net Banking,10647.5,2023-06-05
PAY002204,O002204,Debit Card,2618.05,2023-02-12
PAY002205,O002205,UPI,4648.34,2024-01-15
PAY002206,O002206,Credit Card,5142.87,2024-02-25
PAY002207,O002207,Cash on Delivery,4639.94,2024-10-08
PAY002208,O002208,UPI,1538.4,2024-02-21
PAY002209,O002209,UPI,2350.34,2023-09-19
PAY002210,O002210,Credit Card,5549.39,2024-08-26
PAY002211,O002211,Cash on Delivery,5186.96,2024-01-25
PAY002212,O002212,UPI,4764.36,2023-03-28
PAY002213,O002213,Debit Card,4468.9,2024-01-15
PAY002214,O002214,UPI,2714.35,2024-11-10
PAY002215,O002215,Credit Card,5324.44,2023-10-09
PAY002216,O002216,Credit Card,15832.51,2023-08-13
PAY002217,O002217,UPI,684.28,2023-04-23
PAY002218,O002218,Cash on Delivery,7696.02,2023-04-15
PAY002219,O002219,Net Banking,6554.35,2023-11-02
PAY002220,O002220,UPI,27843.9,2024-02-11
PAY002221,O002221,UPI,16237.63,2023-03-20
PAY002222,O002222,UPI,2247.6,2024-12-15
PAY002223,O002223,Net Banking,79552.44,2024-06-28
PAY002224,O002224,UPI,7953.0,2024-02-13
PAY002225,O002225,UPI,140.41,2024-09-15
PAY002226,O002226,Credit Card,2650.99,2023-03-09
PAY002227,O002227,UPI,6016.42,2023-12-20
PAY002228,O002228,UPI,23716.36,2024-03-24
PAY002229,O002229,Credit Card,56046.63,2024-09-19
PAY002230,O002230,UPI,6328.03,2024-07-28
PAY002231,O002231,Net Banking,6262.04,2023-07-14
PAY002232,O002232,Cash on Delivery,10825.86,2024-12-29
PAY002233,O002233,Credit Card,2575.16,2023-04-13
PAY002234,O002234,Credit Card,2676.17,2024-10-03
PAY002235,O002235,Debit Card,6205.98,2024-12-16
PAY002236,O002236,Debit Card,2125.78,2023-05-27
PAY002237,O002237,UPI,27316.31,2024-05-04
PAY002238,O002238,UPI,13767.95,2023-02-13
PAY002239,O002239,Net Banking,1684.15,2023-10-08
PAY002240,O002240,UPI,457.32,2023-12-03
PAY002241,O002241,Credit Card,17354.67,2024-02-21
PAY002242,O002242,Debit Card,2235.63,2024-11-24
PAY002243,O002243,UPI,4030.75,2024-04-05
PAY002244,O002244,Net Banking,3380.66,2023-12-03
PAY002245,O002245,Net Banking,2507.64,2024-08-16
PAY002246,O002246,UPI,4101.76,2024-12-07
PAY002247,O002247,Net Banking,36251.42,2023-01-02
PAY002248,O002248,UPI,4735.51,2024-12-26
PAY002249,O002249,Net Banking,47569.23,2023-03-15
PAY002250,O002250,Debit Card,469.05,2024-08-02
PAY002251,O002251,Credit Card,223.16,2023-07-14
PAY002252,O002252,UPI,12167.02,2023-04-07
PAY002253,O002253,Credit Card,8836.66,2023-11-03
PAY002254,O002254,Cash on Delivery,9842.57,2024-03-23
PAY002255,O002255,Credit Card,1889.57,2023-10-14
PAY002256,O002256,Credit Card,4455.6,2023-02-23
PAY002257,O002257,Cash on Delivery,8324.02,2024-02-02
PAY002258,O002258,Credit Card,23302.1,2024-11-12
PAY002259,O002259,Credit Card,591.69,2023-10-06
PAY002260,O002260,Net Banking,47094.66,2023-06-15
PAY002261,O002261,Cash on Delivery,29458.06,2023-11-18
PAY002262,O002262,Credit Card,362.3,2023-02-07
PAY002263,O002263,Credit Card,31149.73,2024-09-12
PAY002264,O002264,Cash on Delivery,28555.62,2024-09-13
PAY002265,O002265,UPI,26592.16,2024-02-27
PAY002266,O002266,UPI,2239.24,2023-09-24
PAY002267,O002267,Credit Card,3368.99,2024-08-21
PAY002268,O002268,UPI,2997.43,2024-01-22
PAY002269,O002269,Credit Card,3365.56,2024-09-28
PAY002270,O002270,Debit Card,9158.77,2024-03-11
PAY002271,O002271,UPI,8388.14,2024-07-15
PAY002272,O002272,Net Banking,860.28,2024-02-29
PAY002273,O002273,UPI,1290.69,2023-11-26
PAY002274,O002274,Credit Card,664.12,2024-12-17
PAY002275,O002275,UPI,10095.61,2024-01-15
PAY002276,O002276,Net Banking,5562.31,2024-02-16
PAY002277,O002277,UPI,418.47,2023-06-05
PAY002278,O002278,UPI,7516.68,2024-03-24
PAY002279,O002279,Cash on Delivery,1408.5,2024-02-21
PAY002280,O002280,Cash on Delivery,80419.11,2023-05-07
PAY002281,O002281,UPI,14608.94,2023-02-01
PAY002282,O002282,UPI,7613.76,2024-02-13
PAY002283,O002283,Debit Card,14198.97,2024-06-11
PAY002284,O002284,Debit Card,5149.55,2023-12-28
PAY002285,O002285,Cash on Delivery,1290.69,2023-06-16
PAY002286,O002286,UPI,19654.77,2024-04-15
PAY002287,O002287,UPI,121.82,2023-03-28
PAY002288,O002288,Debit Card,16300.2,2023-11-25
PAY002289,O002289,Credit Card,4543.62,2023-05-06
PAY002290,O002290,Debit Card,8346.96,2023-05-12
PAY002291,O002291,Net Banking,8231.59,2023-06-19
PAY002292,O002292,Credit Card,630.91,2023-10-28
PAY002293,O002293,UPI,2554.14,2023-02-23
PAY002294,O002294,Credit Card,4456.9,2023-10-24
PAY002295,O002295,Credit Card,3745.72,2023-12-05
PAY002296,O002296,Credit Card,13193.92,2023-12-27
PAY002297,O002297,Cash on Delivery,17494.74,2023-10-01
PAY002298,O002298,Credit Card,3325.13,2024-10-04
PAY002299,O002299,UPI,14453.06,2023-04-26
PAY002300,O002300,Credit Card,1709.82,2023-12-05
PAY002301,O002301,UPI,4087.43,2023-02-17
PAY002302,O002302,UPI,6262.04,2023-02-10
PAY002303,O002303,Debit Card,22258.94,2024-02-25
PAY002304,O002304,Debit Card,7842.49,2024-01-14
PAY002305,O002305,Credit Card,11039.1,2024-11-28
PAY002306,O002306,Credit Card,465.38,2024-01-12
PAY002307,O002307,UPI,9525.7,2024-12-27
PAY002308,O002308,UPI,873.76,2023-02-27
PAY002309,O002309,UPI,597.92,2023-03-10
PAY002310,O002310,Net Banking,9491.97,2023-02-10
PAY002311,O002311,Net Banking,4613.5,2023-05-03
PAY002312,O002312,Cash on Delivery,2087.97,2024-01-06
PAY002313,O002313,Debit Card,52237.64,2024-03-28
PAY002314,O002314,Credit Card,4194.07,2023-02-12
PAY002315,O002315,UPI,7077.48,2024-12-15
PAY002316,O002316,UPI,109.64,2024-10-14
PAY002317,O002317,Debit Card,11182.73,2023-08-21
PAY002318,O002318,Credit Card,18489.78,2023-03-20
PAY002319,O002319,Net Banking,5284.27,2023-05-18
PAY002320,O002320,Credit Card,2401.94,2023-04-05
PAY002321,O002321,Cash on Delivery,6535.31,2023-04-21
PAY002322,O002322,Credit Card,102.31,2023-12-26
PAY002323,O002323,UPI,17505.2,2023-07-27
PAY002324,O002324,Net Banking,18294.05,2023-09-11
PAY002325,O002325,Credit Card,35976.97,2024-12-04
PAY002326,O002326,Net Banking,20958.29,2024-04-01
PAY002327,O002327,UPI,13613.49,2024-12-05
PAY002328,O002328,Debit Card,13313.82,2023-04-24
PAY002329,O002329,UPI,42786.08,2023-10-19
PAY002330,O002330,UPI,11282.21,2024-01-24
PAY002331,O002331,Debit Card,42485.66,2023-02-16
PAY002332,O002332,UPI,10778.62,2023-01-13
PAY002333,O002333,UPI,4436.1,2024-04-21
PAY002334,O002334,Net Banking,14485.92,2024-03-08
PAY002335,O002335,Cash on Delivery,2006.08,2023-11-08
PAY002336,O002336,UPI,7264.91,2023-12-26
PAY002337,O002337,UPI,16427.67,2023-11-10
PAY002338,O002338,Debit Card,3753.85,2023-01-09
PAY002339,O002339,Net Banking,2435.04,2023-09-01
PAY002340,O002340,Cash on Delivery,5052.82,2023-05-15
PAY002341,O002341,UPI,113.68,2023-03-05
PAY002342,O002342,Credit Card,2752.8,2024-12-16
PAY002343,O002343,UPI,2997.43,2024-02-08
PAY002344,O002344,UPI,3811.49,2024-06-16
PAY002345,O002345,UPI,1073.05,2023-08-04
PAY002346,O002346,UPI,3192.33,2023-10-03
PAY002347,O002347,Credit Card,764.64,2023-06-15
PAY002348,O002348,UPI,7136.72,2023-03-10
PAY002349,O002349,Net Banking,1143.53,2023-05-19
PAY002350,O002350,Debit Card,1690.33,2024-08-13
PAY002351,O002351,UPI,12388.18,2024-04-21
PAY002352,O002352,Net Banking,10829.51,2024-01-06
PAY002353,O002353,Cash on Delivery,7178.24,2023-12-09
PAY002354,O002354,Credit Card,4937.88,2024-11-01
PAY002355,O002355,UPI,2997.43,2023-02-17
PAY002356,O002356,UPI,5329.11,2023-07-13
PAY002357,O002357,UPI,2833.67,2023-09-11
PAY002358,O002358,Credit Card,8937.8,2024-07-04
PAY002359,O002359,UPI,2908.98,2024-12-05
PAY002360,O002360,Credit Card,6001.62,2023-06-16
PAY002361,O002361,UPI,7885.5,2024-10-13
PAY002362,O002362,Credit Card,23863.13,2024-09-21
PAY002363,O002363,Credit Card,5338.91,2023-06-24
PAY002364,O002364,UPI,1789.31,2023-10-13
PAY002365,O002365,Credit Card,6108.38,2023-11-06
PAY002366,O002366,Credit Card,5363.14,2024-12-29
PAY002367,O002367,Net Banking,7270.53,2023-05-13
PAY002368,O002368,Debit Card,7515.91,2024-08-27
PAY002369,O002369,Credit Card,824.69,2023-09-11
PAY002370,O002370,Cash on Delivery,1882.59,2024-06-08
PAY002371,O002371,Net Banking,1668.8,2023-11-15
PAY002372,O002372,UPI,31322.11,2024-02-21
PAY002373,O002373,UPI,567.72,2024-09-05
PAY002374,O002374,UPI,4639.27,2024-08-14
PAY002375,O002375,UPI,6653.31,2024-10-12
PAY002376,O002376,Credit Card,3922.55,2023-02-28
PAY002377,O002377,Credit Card,2685.94,2024-05-02
PAY002378,O002378,Net Banking,5383.04,2023-04-20
PAY002379,O002379,UPI,402.56,2023-11-20
PAY002380,O002380,Credit Card,3395.86,2024-01-12
PAY002381,O002381,Credit Card,14618.34,2023-10-04
PAY002382,O002382,Cash on Delivery,1237.56,2023-12-12
PAY002383,O002383,UPI,33363.32,2024-12-06
PAY002384,O002384,UPI,18417.85,2023-04-03
PAY002385,O002385,UPI,3981.74,2024-04-13
PAY002386,O002386,Credit Card,18852.42,2023-10-12
PAY002387,O002387,Credit Card,5522.59,2023-04-12
PAY002388,O002388,Net Banking,9044.35,2023-05-12
PAY002389,O002389,UPI,10914.91,2024-12-19
PAY002390,O002390,UPI,12238.08,2024-11-19
PAY002391,O002391,Credit Card,13777.36,2024-11-11
PAY002392,O002392,Net Banking,10398.81,2024-12-17
PAY002393,O002393,Credit Card,8219.21,2023-06-19
PAY002394,O002394,Net Banking,865.75,2023-09-22
PAY002395,O002395,Credit Card,5114.52,2024-04-14
PAY002396,O002396,UPI,3577.76,2023-12-12
PAY002397,O002397,Net Banking,9041.51,2023-11-03
PAY002398,O002398,UPI,23273.9,2023-09-02
PAY002399,O002399,UPI,3169.31,2024-02-04
PAY002400,O002400,UPI,4843.25,2024-02-20
PAY002401,O002401,UPI,1304.02,2023-05-14
PAY002402,O002402,Credit Card,5149.55,2023-12-11
PAY002403,O002403,Credit Card,551.82,2024-01-29
PAY002404,O002404,Credit Card,16620.65,2024-01-15
PAY002405,O002405,Credit Card,1246.99,2023-06-13
PAY002406,O002406,Credit Card,836.94,2024-06-02
PAY002407,O002407,UPI,2908.98,2023-01-02
PAY002408,O002408,Debit Card,1380.19,2023-09-05
PAY002409,O002409,UPI,738.0,2024-07-10
PAY002410,O002410,Debit Card,2674.64,2024-01-26
PAY002411,O002411,Credit Card,3419.66,2023-07-04
PAY002412,O002412,Credit Card,2979.33,2024-05-17
PAY002413,O002413,Debit Card,15619.2,2024-01-10
PAY002414,O002414,UPI,4125.11,2024-08-17
PAY002415,O002415,Credit Card,4918.81,2024-06-27
PAY002416,O002416,Credit Card,5226.41,2024-03-05
PAY002417,O002417,Credit Card,31916.15,2023-12-02
PAY002418,O002418,Credit Card,5626.11,2023-04-04
PAY002419,O002419,UPI,7000.47,2023-07-15
PAY002420,O002420,UPI,1735.16,2023-11-03
PAY002421,O002421,Debit Card,2022.21,2024-02-26
PAY002422,O002422,UPI,6001.62,2023-12-19
PAY002423,O002423,UPI,419.38,2023-07-29
PAY002424,O002424,Cash on Delivery,42325.85,2023-01-11
PAY002425,O002425,UPI,13410.69,2023-12-27
PAY002426,O002426,Credit Card,8819.7,2023-07-24
PAY002427,O002427,Net Banking,243.52,2024-06-20
PAY002428,O002428,UPI,3965.88,2023-01-06
PAY002429,O002429,Cash on Delivery,5876.52,2024-02-06
PAY002430,O002430,UPI,805.12,2024-12-28
PAY002431,O002431,UPI,8043.78,2023-05-15
PAY002432,O002432,UPI,34326.06,2023-12-18
PAY002433,O002433,Credit Card,34780.92,2023-03-22
PAY002434,O002434,Cash on Delivery,5853.49,2024-03-12
PAY002435,O002435,Net Banking,6689.56,2024-01-16
PAY002436,O002436,Debit Card,12580.28,2023-10-09
PAY002437,O002437,UPI,1749.52,2023-12-25
PAY002438,O002438,Net Banking,27986.84,2024-11-03
PAY002439,O002439,Net Banking,14263.93,2023-06-02
PAY002440,O002440,UPI,8625.09,2023-01-16
PAY002441,O002441,Net Banking,11025.84,2024-10-04
PAY002442,O002442,Net Banking,13636.55,2024-02-28
PAY002443,O002443,Debit Card,2663.56,2024-11-18
PAY002444,O002444,UPI,3990.3,2024-02-12
PAY002445,O002445,Cash on Delivery,22742.68,2024-08-24
PAY002446,O002446,UPI,13200.14,2023-11-05
PAY002447,O002447,Debit Card,13591.62,2024-06-06
PAY002448,O002448,UPI,2206.97,2024-11-13
PAY002449,O002449,Cash on Delivery,6556.83,2024-02-20
PAY002450,O002450,UPI,2723.13,2023-05-13
PAY002451,O002451,Credit Card,11892.86,2023-07-10
PAY002452,O002452,UPI,7754.63,2023-06-23
PAY002453,O002453,Credit Card,5732.07,2023-07-20
PAY002454,O002454,Cash on Delivery,37593.96,2023-08-05
PAY002455,O002455,Cash on Delivery,4124.36,2024-01-24
PAY002456,O002456,UPI,4929.04,2024-02-01
PAY002457,O002457,Credit Card,30732.45,2023-11-10
PAY002458,O002458,UPI,3526.96,2024-03-23
PAY002459,O002459,Credit Card,8231.69,2023-03-09
PAY002460,O002460,Net Banking,1043.43,2023-03-04
PAY002461,O002461,Debit Card,551.82,2023-05-08
PAY002462,O002462,UPI,10514.59,2023-12-15
PAY002463,O002463,Credit Card,585.57,2023-06-02
PAY002464,O002464,Debit Card,168.19,2023-07-13
PAY002465,O002465,UPI,17789.26,2023-10-14
PAY002466,O002466,UPI,557.83,2024-08-07
PAY002467,O002467,UPI,16281.57,2023-01-20
PAY002468,O002468,UPI,8400.51,2024-04-17
PAY002469,O002469,Credit Card,2780.61,2024-04-05
PAY002470,O002470,Cash on Delivery,7409.83,2024-08-22
PAY002471,O002471,UPI,1748.06,2024-11-09
PAY002472,O002472,Net Banking,6091.71,2023-01-02
PAY002473,O002473,Credit Card,4918.83,2023-04-09
PAY002474,O002474,Debit Card,4557.65,2024-11-09
PAY002475,O002475,UPI,1254.2,2023-11-24
PAY002476,O002476,UPI,227.36,2024-01-13
PAY002477,O002477,UPI,17195.83,2024-04-09
PAY002478,O002478,Debit Card,1226.16,2024-04-24
PAY002479,O002479,Debit Card,145.51,2024-11-08
PAY002480,O002480,Cash on Delivery,707.76,2024-12-08
PAY002481,O002481,Credit Card,6753.78,2024-05-10
PAY002482,O002482,Credit Card,2748.7,2023-07-10
PAY002483,O002483,Credit Card,8203.25,2024-11-05
PAY002484,O002484,UPI,5149.55,2023-02-24
PAY002485,O002485,UPI,1195.21,2023-06-10
PAY002486,O002486,Net Banking,4531.3,2024-11-06
PAY002487,O002487,UPI,324.95,2023-07-04
PAY002488,O002488,Net Banking,486.61,2023-06-11
PAY002489,O002489,UPI,961.34,2023-04-22
PAY002490,O002490,UPI,2659.1,2024-10-12
PAY002491,O002491,Credit Card,23372.71,2023-12-09
PAY002492,O002492,UPI,7103.73,2024-04-26
PAY002493,O002493,Cash on Delivery,5563.17,2023-06-13
PAY002494,O002494,Net Banking,22852.39,2024-06-02
PAY002495,O002495,Debit Card,2920.73,2024-06-08
PAY002496,O002496,Cash on Delivery,5320.2,2023-08-03
PAY002497,O002497,UPI,1650.93,2023-11-08
PAY002498,O002498,Credit Card,14577.63,2023-06-06
PAY002499,O002499,Net Banking,5728.06,2024-12-26
PAY002500,O002500,Credit Card,974.96,2024-03-11
PAY002501,O002501,UPI,586.81,2024-11-16
PAY002502,O002502,UPI,1964.98,2023-08-19
PAY002503,O002503,Credit Card,1502.67,2024-07-12
PAY002504,O002504,Debit Card,850.88,2024-06-28
PAY002505,O002505,UPI,5288.87,2024-05-24
PAY002506,O002506,Credit Card,6036.54,2024-12-25
PAY002507,O002507,UPI,16932.55,2023-10-28
PAY002508,O002508,Credit Card,3536.15,2023-04-04
PAY002509,O002509,Net Banking,260.18,2024-04-25
PAY002510,O002510,Credit Card,9129.12,2024-06-06
PAY002511,O002511,Credit Card,3160.11,2024-02-08
PAY002512,O002512,UPI,5439.0,2023-06-13
PAY002513,O002513,UPI,7470.22,2023-12-19
PAY002514,O002514,UPI,5582.69,2023-08-15
PAY002515,O002515,Debit Card,3521.24,2023-11-24
PAY002516,O002516,UPI,13393.64,2024-03-21
PAY002517,O002517,Credit Card,868.09,2024-06-22
PAY002518,O002518,Debit Card,3112.2,2023-06-15
PAY002519,O002519,Debit Card,261.28,2023-10-23
PAY002520,O002520,Credit Card,2415.16,2023-07-14
PAY002521,O002521,Credit Card,59.96,2023-06-08
PAY002522,O002522,UPI,1796.8,2024-07-28
PAY002523,O002523,UPI,29827.69,2024-11-15
PAY002524,O002524,Credit Card,3467.19,2023-10-27
PAY002525,O002525,UPI,26275.55,2024-06-01
PAY002526,O002526,UPI,664.12,2024-11-06
PAY002527,O002527,Net Banking,4309.18,2024-10-05
PAY002528,O002528,Debit Card,2542.82,2023-05-21
PAY002529,O002529,UPI,4531.3,2024-12-11
PAY002530,O002530,UPI,34337.12,2023-10-11
PAY002531,O002531,Credit Card,10794.96,2023-09-02
PAY002532,O002532,UPI,353.94,2023-02-20
PAY002533,O002533,UPI,11698.83,2023-12-17
PAY002534,O002534,Debit Card,4311.45,2023-03-15
PAY002535,O002535,UPI,162.51,2023-07-02
PAY002536,O002536,UPI,27843.9,2023-08-06
PAY002537,O002537,Credit Card,7461.54,2024-08-27
PAY002538,O002538,Net Banking,12238.08,2024-10-25
PAY002539,O002539,Net Banking,12075.58,2023-08-04
PAY002540,O002540,Net Banking,6287.25,2024-10-24
PAY002541,O002541,Credit Card,4494.03,2024-10-19
PAY002542,O002542,Net Banking,11405.72,2024-06-08
PAY002543,O002543,Net Banking,2271.81,2023-04-13
PAY002544,O002544,Credit Card,2725.74,2024-05-22
PAY002545,O002545,UPI,3213.0,2024-12-14
PAY002546,O002546,Debit Card,14014.55,2024-04-10
PAY002547,O002547,Cash on Delivery,1684.15,2023-09-10
PAY002548,O002548,Cash on Delivery,7632.57,2023-12-15
PAY002549,O002549,UPI,961.34,2024-03-26
PAY002550,O002550,Cash on Delivery,2094.59,2023-12-26
PAY002551,O002551,Credit Card,9644.57,2023-04-05
PAY002552,O002552,UPI,12641.73,2023-08-07
PAY002553,O002553,Cash on Delivery,2125.78,2024-08-03
PAY002554,O002554,Net Banking,6709.87,2024-10-21
PAY002555,O002555,Debit Card,393.27,2023-04-06
PAY002556,O002556,Net Banking,7844.25,2024-12-17
PAY002557,O002557,Debit Card,8892.43,2023-08-12
PAY002558,O002558,Credit Card,5411.2,2024-04-23
PAY002559,O002559,Cash on Delivery,915.3,2024-06-12
PAY002560,O002560,Cash on Delivery,1634.99,2024-08-14
PAY002561,O002561,UPI,13603.18,2024-12-02
PAY002562,O002562,Credit Card,43580.3,2023-08-26
PAY002563,O002563,Credit Card,39859.61,2024-10-26
PAY002564,O002564,Net Banking,16352.48,2023-04-11
PAY002565,O002565,Net Banking,6555.44,2024-05-25
PAY002566,O002566,Cash on Delivery,5486.62,2024-06-14
PAY002567,O002567,Credit Card,9241.37,2024-04-15
PAY002568,O002568,Debit Card,1227.56,2023-07-18
PAY002569,O002569,Net Banking,5536.4,2024-10-09
PAY002570,O002570,UPI,12423.61,2023-05-11
PAY002571,O002571,Debit Card,1478.7,2023-02-28
PAY002572,O002572,Credit Card,1854.22,2024-05-24
PAY002573,O002573,Debit Card,32228.27,2023-12-18
PAY002574,O002574,Debit Card,11138.05,2024-10-02
PAY002575,O002575,Net Banking,6870.63,2023-10-18
PAY002576,O002576,UPI,868.09,2023-05-25
PAY002577,O002577,UPI,9167.53,2024-09-09
PAY002578,O002578,Net Banking,8983.63,2024-01-28
PAY002579,O002579,Credit Card,7857.98,2023-05-21
PAY002580,O002580,UPI,43045.83,2024-05-17
PAY002581,O002581,UPI,45601.85,2023-12-07
PAY002582,O002582,UPI,85125.94,2024-02-01
PAY002583,O002583,Net Banking,29152.21,2023-11-05
PAY002584,O002584,Debit Card,14680.06,2024-09-08
PAY002585,O002585,Credit Card,8346.96,2024-09-16
PAY002586,O002586,Debit Card,2628.66,2024-05-17
PAY002587,O002587,Credit Card,1237.56,2023-03-02
PAY002588,O002588,UPI,1474.07,2024-10-16
PAY002589,O002589,Net Banking,10044.61,2024-04-08
PAY002590,O002590,Credit Card,13712.79,2024-05-28
PAY002591,O002591,UPI,17647.76,2023-09-28
PAY002592,O002592,Debit Card,6571.24,2024-11-04
PAY002593,O002593,UPI,1362.87,2024-06-22
PAY002594,O002594,UPI,14577.63,2023-03-05
PAY002595,O002595,UPI,36721.28,2023-10-07
PAY002596,O002596,Cash on Delivery,13613.97,2024-11-24
PAY002597,O002597,Credit Card,6640.55,2023-02-17
PAY002598,O002598,UPI,24964.59,2024-12-04
PAY002599,O002599,Net Banking,7003.92,2024-04-12
PAY002600,O002600,Net Banking,2445.31,2024-03-14
PAY002601,O002601,Credit Card,1017.27,2023-07-26
PAY002602,O002602,UPI,1186.6,2023-07-14
PAY002603,O002603,Credit Card,1546.52,2024-12-02
PAY002604,O002604,UPI,6498.66,2023-08-05
PAY002605,O002605,Debit Card,9337.16,2024-07-19
PAY002606,O002606,Credit Card,1702.76,2023-10-21
PAY002607,O002607,Credit Card,8496.61,2023-04-20
PAY002608,O002608,Debit Card,16791.26,2023-01-06
PAY002609,O002609,Credit Card,11753.04,2024-01-28
PAY002610,O002610,Cash on Delivery,4752.07,2024-12-18
PAY002611,O002611,Credit Card,20366.27,2023-09-21
PAY002612,O002612,Credit Card,11063.34,2023-09-25
PAY002613,O002613,Net Banking,29288.05,2023-09-23
PAY002614,O002614,UPI,3984.37,2023-12-26
PAY002615,O002615,UPI,3418.51,2023-11-11
PAY002616,O002616,Net Banking,3264.21,2024-11-13
PAY002617,O002617,Credit Card,3923.97,2023-12-22
PAY002618,O002618,Credit Card,5075.2,2023-12-17
PAY002619,O002619,Net Banking,9625.58,2023-04-18
PAY002620,O002620,Debit Card,8495.03,2024-12-13
PAY002621,O002621,Net Banking,29050.96,2023-07-27
PAY002622,O002622,Net Banking,4711.37,2023-02-03
PAY002623,O002623,UPI,591.69,2024-04-25
PAY002624,O002624,Debit Card,1976.73,2024-02-23
PAY002625,O002625,Cash on Delivery,861.09,2023-11-22
PAY002626,O002626,Credit Card,5598.1,2023-11-08
PAY002627,O002627,Debit Card,13398.9,2024-07-25
PAY002628,O002628,Credit Card,5280.06,2023-06-06
PAY002629,O002629,UPI,27517.25,2024-09-04
PAY002630,O002630,UPI,14902.58,2024-04-10
PAY002631,O002631,Credit Card,17354.67,2023-11-29
PAY002632,O002632,Credit Card,9410.84,2023-11-15
PAY002633,O002633,Credit Card,8836.66,2023-07-20
PAY002634,O002634,Cash on Delivery,9559.79,2024-06-11
PAY002635,O002635,UPI,295.2,2023-12-15
PAY002636,O002636,Credit Card,2886.58,2023-08-20
PAY002637,O002637,Credit Card,21763.7,2024-02-10
PAY002638,O002638,Cash on Delivery,4660.66,2024-12-23
PAY002639,O002639,Credit Card,145.51,2023-11-07
PAY002640,O002640,Net Banking,1176.09,2024-11-14
PAY002641,O002641,Debit Card,1093.82,2023-09-27
PAY002642,O002642,Credit Card,1178.12,2023-02-20
PAY002643,O002643,UPI,20958.29,2023-06-25
PAY002644,O002644,UPI,9870.68,2023-11-18
PAY002645,O002645,UPI,23678.54,2023-06-06
PAY002646,O002646,UPI,769.93,2023-01-24
PAY002647,O002647,Credit Card,15753.62,2024-11-17
PAY002648,O002648,Debit Card,3817.22,2024-10-12
PAY002649,O002649,UPI,20673.99,2024-06-29
PAY002650,O002650,UPI,897.95,2023-05-03
PAY002651,O002651,Debit Card,1580.28,2023-04-13
PAY002652,O002652,UPI,3591.98,2023-02-03
PAY002653,O002653,UPI,27227.18,2024-05-08
PAY002654,O002654,Cash on Delivery,1459.83,2024-11-19
PAY002655,O002655,UPI,31033.14,2023-11-08
PAY002656,O002656,UPI,12742.88,2023-04-24
PAY002657,O002657,UPI,46530.82,2023-12-28
PAY002658,O002658,Net Banking,18640.01,2023-09-04
PAY002659,O002659,Credit Card,6926.16,2023-10-29
PAY002660,O002660,UPI,7836.34,2024-03-17
PAY002661,O002661,Debit Card,463.28,2024-05-20
PAY002662,O002662,UPI,28245.98,2023-03-24
PAY002663,O002663,Credit Card,467.06,2023-01-17
PAY002664,O002664,Debit Card,31456.72,2024-12-03
PAY002665,O002665,UPI,1378.34,2023-06-10
PAY002666,O002666,Credit Card,5631.41,2023-02-19
PAY002667,O002667,Credit Card,15650.95,2023-05-02
PAY002668,O002668,Cash on Delivery,13712.79,2023-02-04
PAY002669,O002669,Cash on Delivery,55932.39,2023-10-27
PAY002670,O002670,Debit Card,9816.38,2024-08-03
PAY002671,O002671,Net Banking,15887.62,2023-09-15
PAY002672,O002672,Debit Card,69641.79,2023-11-20
PAY002673,O002673,Net Banking,32317.79,2024-04-25
PAY002674,O002674,Credit Card,42465.92,2023-12-03
PAY002675,O002675,Debit Card,83916.8,2024-10-09
PAY002676,O002676,Net Banking,154.38,2024-10-14
PAY002677,O002677,Cash on Delivery,1634.99,2023-01-27
PAY002678,O002678,UPI,1660.83,2024-07-02
PAY002679,O002679,UPI,6113.79,2023-11-27
PAY002680,O002680,Cash on Delivery,4803.88,2024-12-21
PAY002681,O002681,Credit Card,15786.83,2023-12-22
PAY002682,O002682,Cash on Delivery,850.88,2024-12-19
PAY002683,O002683,Net Banking,7578.25,2024-06-14
PAY002684,O002684,Net Banking,9351.21,2023-07-24
PAY002685,O002685,Credit Card,3010.12,2024-01-06
PAY002686,O002686,UPI,3785.86,2024-12-04
PAY002687,O002687,Credit Card,6161.57,2024-10-12
PAY002688,O002688,Net Banking,7997.82,2023-03-14
PAY002689,O002689,Debit Card,1392.07,2024-05-19
PAY002690,O002690,Credit Card,85218.06,2023-09-14
PAY002691,O002691,Net Banking,14450.4,2023-01-26
PAY002692,O002692,Debit Card,3112.2,2023-10-02
PAY002693,O002693,Cash on Delivery,12409.03,2023-06-24
PAY002694,O002694,UPI,2474.06,2024-09-02
PAY002695,O002695,UPI,27369.28,2023-09-05
PAY002696,O002696,Credit Card,3344.88,2024-09-11
PAY002697,O002697,Credit Card,4390.12,2023-01-13
PAY002698,O002698,Cash on Delivery,776.25,2023-08-08
PAY002699,O002699,UPI,8385.28,2023-06-20
PAY002700,O002700,Cash on Delivery,1263.18,2023-06-23
PAY002701,O002701,Cash on Delivery,2085.32,2023-02-04
PAY002702,O002702,UPI,10656.64,2023-05-07
PAY002703,O002703,Net Banking,16225.65,2024-01-27
PAY002704,O002704,Credit Card,465.38,2023-07-08
PAY002705,O002705,Net Banking,2085.32,2023-11-25
PAY002706,O002706,UPI,2738.19,2023-10-22
PAY002707,O002707,Cash on Delivery,12596.58,2024-10-23
PAY002708,O002708,Debit Card,1960.89,2024-11-04
PAY002709,O002709,Net Banking,5881.25,2023-12-14
PAY002710,O002710,Debit Card,8442.22,2023-08-16
PAY002711,O002711,Credit Card,3167.83,2023-03-07
PAY002712,O002712,UPI,6112.39,2024-12-10
PAY002713,O002713,UPI,481.23,2023-02-07
PAY002714,O002714,Credit Card,1453.36,2023-08-25
PAY002715,O002715,Net Banking,14734.23,2023-08-08
PAY002716,O002716,UPI,2439.19,2023-08-21
PAY002717,O002717,Cash on Delivery,10537.9,2023-05-04
PAY002718,O002718,Net Banking,2265.65,2024-07-03
PAY002719,O002719,Credit Card,462.28,2023-04-20
PAY002720,O002720,UPI,1399.48,2024-03-10
PAY002721,O002721,Cash on Delivery,1690.33,2023-04-16
PAY002722,O002722,UPI,4273.19,2023-02-02
PAY002723,O002723,UPI,123.68,2024-11-13
PAY002724,O002724,UPI,25169.87,2023-05-15
PAY002725,O002725,Cash on Delivery,387.48,2024-09-03
PAY002726,O002726,Debit Card,4764.36,2024-01-13
PAY002727,O002727,UPI,12101.23,2023-03-25
PAY002728,O002728,UPI,4800.44,2024-12-25
PAY002729,O002729,Credit Card,6194.09,2023-07-26
PAY002730,O002730,UPI,20463.58,2024-10-25
PAY002731,O002731,Net Banking,6107.16,2023-05-28
PAY002732,O002732,Credit Card,818.04,2024-10-24
PAY002733,O002733,Debit Card,7777.7,2023-01-02
PAY002734,O002734,UPI,17460.19,2023-12-13
PAY002735,O002735,Credit Card,51468.03,2024-06-28
PAY002736,O002736,UPI,958.38,2024-11-15
PAY002737,O002737,Net Banking,16934.2,2024-11-19
PAY002738,O002738,Net Banking,7357.22,2024-09-10
PAY002739,O002739,UPI,3744.65,2024-11-15
PAY002740,O002740,UPI,5881.34,2023-06-06
PAY002741,O002741,Net Banking,4054.36,2023-07-26
PAY002742,O002742,UPI,31043.1,2023-07-03
PAY002743,O002743,Credit Card,1017.2,2023-10-18
PAY002744,O002744,Credit Card,6877.1,2023-10-20
PAY002745,O002745,UPI,29490.94,2024-01-20
PAY002746,O002746,Credit Card,3680.96,2023-05-09
PAY002747,O002747,Credit Card,3549.92,2024-05-26
PAY002748,O002748,Credit Card,486.61,2023-05-26
PAY002749,O002749,Credit Card,2900.2,2023-08-11
PAY002750,O002750,Net Banking,1221.17,2023-12-11
PAY002751,O002751,UPI,2534.54,2024-08-06
PAY002752,O002752,Credit Card,3717.18,2024-06-01
PAY002753,O002753,UPI,524.23,2024-03-16
PAY002754,O002754,Net Banking,567.72,2023-05-29
PAY002755,O002755,UPI,476.64,2024-01-21
PAY002756,O002756,Net Banking,3791.58,2023-03-16
PAY002757,O002757,Debit Card,27227.18,2023-10-25
PAY002758,O002758,Net Banking,2685.94,2023-11-28
PAY002759,O002759,Credit Card,123.61,2023-02-21
PAY002760,O002760,Credit Card,6789.97,2023-07-28
PAY002761,O002761,Net Banking,6605.82,2024-12-02
PAY002762,O002762,Credit Card,8125.66,2024-12-22
PAY002763,O002763,Net Banking,2475.12,2023-09-23
PAY002764,O002764,UPI,4188.11,2023-02-15
PAY002765,O002765,Credit Card,4092.09,2023-05-18
PAY002766,O002766,Net Banking,31281.46,2023-10-03
PAY002767,O002767,Net Banking,6262.04,2024-12-29
PAY002768,O002768,Net Banking,4926.1,2023-04-24
PAY002769,O002769,Debit Card,1362.87,2024-06-09
PAY002770,O002770,Cash on Delivery,12223.26,2023-03-04
PAY002771,O002771,UPI,2642.33,2024-12-04
PAY002772,O002772,UPI,11526.04,2023-10-08
PAY002773,O002773,UPI,12323.14,2024-07-19
PAY002774,O002774,Cash on Delivery,2507.64,2023-09-28
PAY002775,O002775,UPI,4827.72,2024-03-03
PAY002776,O002776,Net Banking,7857.1,2023-05-11
PAY002777,O002777,UPI,210.24,2023-04-11
PAY002778,O002778,UPI,2705.6,2024-11-12
PAY002779,O002779,Debit Card,393.27,2024-11-22
PAY002780,O002780,Credit Card,8836.66,2024-11-11
PAY002781,O002781,UPI,5635.84,2024-03-06
PAY002782,O002782,Credit Card,2997.43,2024-08-10
PAY002783,O002783,UPI,1227.56,2023-02-01
PAY002784,O002784,Credit Card,5333.33,2023-09-08
PAY002785,O002785,UPI,903.57,2023-08-24
PAY002786,O002786,Debit Card,945.42,2024-03-26
PAY002787,O002787,UPI,2707.59,2023-09-12
PAY002788,O002788,Credit Card,9121.78,2023-04-27
PAY002789,O002789,UPI,28407.04,2024-02-23
PAY002790,O002790,Credit Card,420.48,2024-08-14
PAY002791,O002791,Credit Card,18532.2,2023-10-03
PAY002792,O002792,Net Banking,4086.3,2023-04-18
PAY002793,O002793,Debit Card,11165.39,2023-06-18
PAY002794,O002794,Cash on Delivery,13091.39,2023-06-19
PAY002795,O002795,Cash on Delivery,584.91,2023-08-17
PAY002796,O002796,Debit Card,764.66,2024-03-18
PAY002797,O002797,Net Banking,4402.16,2024-02-10
PAY002798,O002798,Debit Card,1290.69,2024-05-19
PAY002799,O002799,Debit Card,4511.59,2023-09-12
PAY002800,O002800,Debit Card,12579.26,2024-09-26
PAY002801,O002801,UPI,1253.82,2023-06-16
PAY002802,O002802,Credit Card,1841.6,2023-11-08
PAY002803,O002803,Credit Card,5097.61,2024-08-14
PAY002804,O002804,Debit Card,419.38,2023-05-12
PAY002805,O002805,Credit Card,28495.02,2023-03-13
PAY002806,O002806,UPI,4436.1,2024-11-20
PAY002807,O002807,Credit Card,27653.48,2023-09-27
PAY002808,O002808,Cash on Delivery,2671.55,2024-04-19
PAY002809,O002809,UPI,463.28,2023-01-08
PAY002810,O002810,Debit Card,1050.72,2024-05-05
PAY002811,O002811,Cash on Delivery,17354.67,2023-08-26
PAY002812,O002812,Credit Card,1587.17,2023-02-12
PAY002813,O002813,Net Banking,494.46,2024-03-15
PAY002814,O002814,Net Banking,1606.61,2023-06-05
PAY002815,O002815,UPI,14577.63,2023-10-08
PAY002816,O002816,UPI,27809.49,2023-03-01
PAY002817,O002817,UPI,1776.47,2023-04-14
PAY002818,O002818,Credit Card,1629.34,2023-08-23
PAY002819,O002819,Cash on Delivery,11274.39,2023-03-04
PAY002820,O002820,UPI,1253.82,2024-11-03
PAY002821,O002821,Cash on Delivery,1299.74,2023-01-29
PAY002822,O002822,UPI,382.43,2023-12-14
PAY002823,O002823,Cash on Delivery,4028.47,2023-04-14
PAY002824,O002824,UPI,1304.02,2023-08-09
PAY002825,O002825,Debit Card,32051.6,2024-11-04
PAY002826,O002826,UPI,4240.1,2023-05-12
PAY002827,O002827,UPI,6911.04,2024-12-20
PAY002828,O002828,UPI,1332.13,2023-06-03
PAY002829,O002829,UPI,13369.94,2024-06-15
PAY002830,O002830,UPI,16135.99,2024-01-14
PAY002831,O002831,Credit Card,3033.89,2024-11-16
PAY002832,O002832,Credit Card,2393.58,2024-01-24
PAY002833,O002833,Debit Card,219.41,2024-01-26
PAY002834,O002834,Debit Card,24998.64,2023-06-17
PAY002835,O002835,Net Banking,126.58,2023-05-19
PAY002836,O002836,Net Banking,4470.15,2024-11-22
PAY002837,O002837,Net Banking,915.3,2023-08-12
PAY002838,O002838,Credit Card,41360.62,2023-10-18
PAY002839,O002839,UPI,3467.19,2024-06-09
PAY002840,O002840,Credit Card,46050.72,2023-09-09
PAY002841,O002841,Credit Card,5101.38,2024-12-03
PAY002842,O002842,UPI,13263.86,2024-06-17
PAY002843,O002843,Credit Card,494.07,2024-02-15
PAY002844,O002844,UPI,6040.85,2024-11-12
PAY002845,O002845,UPI,1887.65,2023-02-05
PAY002846,O002846,Debit Card,162.51,2023-07-24
PAY002847,O002847,UPI,424.38,2023-11-09
PAY002848,O002848,UPI,557.83,2023-06-12
PAY002849,O002849,UPI,13007.08,2024-06-05
PAY002850,O002850,Credit Card,2425.82,2024-11-17
PAY002851,O002851,UPI,4173.48,2023-11-06
PAY002852,O002852,Credit Card,242.14,2023-09-20
PAY002853,O002853,UPI,10984.86,2024-12-22
PAY002854,O002854,UPI,32898.47,2023-11-05
PAY002855,O002855,UPI,932.5,2023-12-18
PAY002856,O002856,Credit Card,507.3,2023-09-02
PAY002857,O002857,UPI,397.0,2024-11-18
PAY002858,O002858,Net Banking,13748.62,2024-01-08
PAY002859,O002859,Credit Card,6943.19,2024-06-28
PAY002860,O002860,Credit Card,2546.46,2024-08-11
PAY002861,O002861,Credit Card,17011.68,2023-09-24
PAY002862,O002862,Credit Card,5820.74,2023-11-05
PAY002863,O002863,Cash on Delivery,3965.88,2024-10-04
PAY002864,O002864,UPI,6270.07,2023-09-28
PAY002865,O002865,UPI,6364.06,2024-07-15
PAY002866,O002866,UPI,446.72,2024-12-04
PAY002867,O002867,Net Banking,3815.01,2024-03-24
PAY002868,O002868,Cash on Delivery,41999.17,2024-06-13
PAY002869,O002869,Net Banking,11624.07,2024-08-26
PAY002870,O002870,Credit Card,1628.34,2024-10-03
PAY002871,O002871,Cash on Delivery,3922.55,2023-10-18
PAY002872,O002872,UPI,3591.66,2023-02-16
PAY002873,O002873,Debit Card,8292.43,2023-10-12
PAY002874,O002874,Cash on Delivery,961.34,2024-04-05
PAY002875,O002875,Net Banking,8668.54,2023-11-18
PAY002876,O002876,UPI,1553.24,2024-06-27
PAY002877,O002877,Debit Card,19857.39,2023-09-22
PAY002878,O002878,UPI,773.46,2024-03-09
PAY002879,O002879,UPI,2533.87,2023-05-13
PAY002880,O002880,Debit Card,1709.83,2024-06-07
PAY002881,O002881,UPI,808.16,2024-01-06
PAY002882,O002882,UPI,3727.77,2023-06-07
PAY002883,O002883,Credit Card,13825.45,2023-07-11
PAY002884,O002884,Debit Card,1892.19,2024-06-03
PAY002885,O002885,UPI,8326.02,2023-12-25
PAY002886,O002886,UPI,18357.13,2023-06-01
PAY002887,O002887,Net Banking,6348.27,2024-12-18
PAY002888,O002888,UPI,21238.37,2024-05-24
PAY002889,O002889,Credit Card,2255.96,2024-12-15
PAY002890,O002890,Cash on Delivery,373.21,2023-11-21
PAY002891,O002891,Credit Card,13736.1,2023-12-19
PAY002892,O002892,UPI,154.81,2024-11-12
PAY002893,O002893,Credit Card,1092.79,2023-12-23
PAY002894,O002894,Debit Card,1430.57,2024-05-28
PAY002895,O002895,Net Banking,33663.82,2023-07-22
PAY002896,O002896,Debit Card,298.57,2023-11-27
PAY002897,O002897,UPI,2835.63,2023-04-21
PAY002898,O002898,UPI,664.12,2023-06-16
PAY002899,O002899,Credit Card,37768.66,2023-01-09
PAY002900,O002900,Debit Card,2152.37,2023-02-22
PAY002901,O002901,Credit Card,868.09,2024-12-06
PAY002902,O002902,UPI,5810.42,2023-06-22
PAY002903,O002903,Net Banking,94.84,2024-04-23
PAY002904,O002904,Debit Card,45074.55,2024-10-06
PAY002905,O002905,Net Banking,3874.69,2024-01-27
PAY002906,O002906,Credit Card,6667.03,2023-04-14
PAY002907,O002907,Credit Card,35917.66,2024-06-10
PAY002908,O002908,Credit Card,317.23,2024-02-08
PAY002909,O002909,Debit Card,9091.71,2024-06-19
PAY002910,O002910,Net Banking,19891.97,2024-06-09
PAY002911,O002911,Debit Card,24683.5,2024-12-15
PAY002912,O002912,UPI,8475.05,2024-02-16
PAY002913,O002913,Debit Card,2262.52,2023-09-09
PAY002914,O002914,UPI,5866.99,2024-04-09
PAY002915,O002915,Net Banking,12675.72,2023-02-27
PAY002916,O002916,UPI,43480.94,2024-11-20
PAY002917,O002917,UPI,3263.72,2023-04-07
PAY002918,O002918,UPI,1619.39,2023-08-04
PAY002919,O002919,UPI,467.06,2024-08-11
PAY002920,O002920,UPI,46279.4,2024-02-18
PAY002921,O002921,UPI,16747.12,2023-10-01
PAY002922,O002922,UPI,9264.22,2023-12-25
PAY002923,O002923,UPI,1290.69,2024-10-13
PAY002924,O002924,Net Banking,16363.49,2023-09-18
PAY002925,O002925,UPI,3077.96,2024-10-03
PAY002926,O002926,Cash on Delivery,32762.61,2023-03-12
PAY002927,O002927,Net Banking,4973.45,2024-07-06
PAY002928,O002928,UPI,15072.91,2024-10-28
PAY002929,O002929,UPI,15037.13,2023-05-11
PAY002930,O002930,UPI,11043.61,2023-11-12
PAY002931,O002931,Credit Card,3114.2,2023-05-18
PAY002932,O002932,Debit Card,130.64,2024-05-03
PAY002933,O002933,UPI,7116.1,2024-01-04
PAY002934,O002934,UPI,7720.78,2024-03-16
PAY002935,O002935,Credit Card,27843.9,2023-06-11
PAY002936,O002936,UPI,42325.85,2023-06-26
PAY002937,O002937,Cash on Delivery,9020.94,2023-02-09
PAY002938,O002938,Credit Card,1186.6,2023-08-28
PAY002939,O002939,UPI,2089.72,2024-01-28
PAY002940,O002940,UPI,24231.54,2024-10-28
PAY002941,O002941,Debit Card,2216.69,2024-04-04
PAY002942,O002942,UPI,1221.17,2023-11-24
PAY002943,O002943,UPI,162.51,2024-12-14
PAY002944,O002944,UPI,10496.31,2024-05-24
PAY002945,O002945,UPI,24504.46,2024-11-05
PAY002946,O002946,Debit Card,56226.38,2023-12-20
PAY002947,O002947,UPI,8081.64,2023-07-28
PAY002948,O002948,Debit Card,43180.93,2023-02-24
PAY002949,O002949,UPI,25723.5,2024-06-09
PAY002950,O002950,Credit Card,2409.05,2023-04-04
PAY002951,O002951,Debit Card,130.64,2023-08-19
PAY002952,O002952,Credit Card,6140.4,2024-01-03
PAY002953,O002953,Debit Card,2254.69,2024-01-18
PAY002954,O002954,UPI,3059.05,2024-02-10
PAY002955,O002955,Cash on Delivery,446.72,2023-05-17
PAY002956,O002956,Credit Card,4969.01,2023-10-13
PAY002957,O002957,UPI,1093.82,2024-03-23
PAY002958,O002958,UPI,1051.52,2024-12-08
PAY002959,O002959,UPI,5630.82,2024-06-13
PAY002960,O002960,Debit Card,593.06,2024-11-15
PAY002961,O002961,UPI,9540.2,2024-06-20
PAY002962,O002962,Cash on Delivery,6279.25,2024-02-11
PAY002963,O002963,UPI,33490.06,2023-05-26
PAY002964,O002964,Credit Card,16811.9,2024-04-06
PAY002965,O002965,Debit Card,2705.6,2024-03-16
PAY002966,O002966,Net Banking,1019.4,2024-02-04
PAY002967,O002967,UPI,7304.47,2023-12-20
PAY002968,O002968,Cash on Delivery,824.69,2023-12-27
PAY002969,O002969,Cash on Delivery,7362.35,2023-09-09
PAY002970,O002970,Cash on Delivery,3333.53,2023-12-16
PAY002971,O002971,Net Banking,7049.97,2023-06-10
PAY002972,O002972,Net Banking,3947.2,2024-08-28
PAY002973,O002973,Credit Card,1634.99,2023-05-12
PAY002974,O002974,Net Banking,5315.72,2023-03-14
PAY002975,O002975,Credit Card,3694.2,2023-11-26
PAY002976,O002976,Credit Card,2734.81,2024-04-17
PAY002977,O002977,Credit Card,47052.32,2023-11-12
PAY002978,O002978,Cash on Delivery,8154.98,2023-07-12
PAY002979,O002979,UPI,17947.43,2024-01-16
PAY002980,O002980,Net Banking,1135.44,2023-09-29
PAY002981,O002981,UPI,13157.51,2024-11-03
PAY002982,O002982,Credit Card,1175.86,2024-11-24
PAY002983,O002983,UPI,2659.1,2023-12-06
PAY002984,O002984,Credit Card,14475.67,2023-08-06
PAY002985,O002985,Cash on Delivery,594.58,2024-06-05
PAY002986,O002986,Credit Card,14479.1,2023-01-16
PAY002987,O002987,Debit Card,961.57,2023-12-14
PAY002988,O002988,UPI,7122.09,2023-09-22
PAY002989,O002989,Cash on Delivery,11341.42,2024-11-05
PAY002990,O002990,Net Banking,912.09,2023-01-18
PAY002991,O002991,Credit Card,28566.07,2024-01-02
PAY002992,O002992,UPI,2664.42,2024-06-14
PAY002993,O002993,Credit Card,2777.16,2023-12-23
PAY002994,O002994,Credit Card,804.9,2023-03-11
PAY002995,O002995,UPI,37555.86,2024-12-10
PAY002996,O002996,Cash on Delivery,12990.59,2023-12-08
PAY002997,O002997,Net Banking,309.62,2024-03-10
PAY002998,O002998,UPI,5140.49,2023-06-07
PAY002999,O002999,Cash on Delivery,9644.54,2023-12-25
PAY003000,O003000,UPI,438.82,2023-11-24
PAY003001,O003001,Credit Card,42538.65,2023-02-11
PAY003002,O003002,Credit Card,8030.08,2023-03-05
PAY003003,O003003,UPI,123.68,2024-09-10
PAY003004,O003004,UPI,6428.59,2023-06-07
PAY003005,O003005,UPI,544.85,2023-06-18
PAY003006,O003006,Debit Card,20958.29,2023-12-05
PAY003007,O003007,Cash on Delivery,14845.94,2024-06-15
PAY003008,O003008,Debit Card,741.32,2023-02-03
PAY003009,O003009,Credit Card,7019.68,2024-02-19
PAY003010,O003010,Credit Card,34710.3,2023-04-22
PAY003011,O003011,Credit Card,33533.26,2023-01-09
PAY003012,O003012,Net Banking,9410.84,2023-02-25
PAY003013,O003013,Credit Card,14848.66,2024-09-21
PAY003014,O003014,UPI,40555.05,2023-04-09
PAY003015,O003015,UPI,59610.35,2023-02-03
PAY003016,O003016,Cash on Delivery,544.85,2023-11-04
PAY003017,O003017,UPI,1827.09,2024-10-10
PAY003018,O003018,Cash on Delivery,3166.24,2023-07-20
PAY003019,O003019,UPI,3849.13,2023-11-18
PAY003020,O003020,Debit Card,4994.3,2023-02-26
PAY003021,O003021,UPI,1609.8,2023-11-25
PAY003022,O003022,Net Banking,9585.74,2024-02-26
PAY003023,O003023,Credit Card,4118.41,2024-02-17
PAY003024,O003024,UPI,2273.9,2023-09-01
PAY003025,O003025,UPI,1093.82,2023-08-04
PAY003026,O003026,UPI,5435.63,2023-03-17
PAY003027,O003027,Net Banking,12984.68,2023-09-04
PAY003028,O003028,Net Banking,28468.15,2023-03-18
PAY003029,O003029,Net Banking,11428.65,2024-06-23
PAY003030,O003030,UPI,8121.43,2024-12-11
PAY003031,O003031,Credit Card,7795.19,2024-12-04
PAY003032,O003032,Cash on Delivery,39290.08,2024-10-14
PAY003033,O003033,Net Banking,1472.22,2024-02-13
PAY003034,O003034,UPI,2870.77,2024-05-11
PAY003035,O003035,Debit Card,3965.79,2023-07-18
PAY003036,O003036,Debit Card,12857.18,2024-03-27
PAY003037,O003037,Credit Card,62.19,2023-11-21
PAY003038,O003038,UPI,23193.09,2023-12-06
PAY003039,O003039,UPI,465.38,2024-06-16
PAY003040,O003040,Cash on Delivery,4305.42,2023-07-26
PAY003041,O003041,UPI,3182.03,2023-08-05
PAY003042,O003042,Credit Card,1131.3,2024-11-07
PAY003043,O003043,Net Banking,5444.42,2023-02-13
PAY003044,O003044,Debit Card,2226.68,2023-12-22
PAY003045,O003045,Cash on Delivery,13332.9,2024-11-15
PAY003046,O003046,UPI,1521.3,2024-03-18
PAY003047,O003047,Debit Card,21783.12,2024-01-12
PAY003048,O003048,UPI,11361.75,2023-07-02
PAY003049,O003049,UPI,13035.42,2023-09-17
PAY003050,O003050,UPI,3266.99,2024-10-19
PAY003051,O003051,Debit Card,8872.72,2024-01-05
PAY003052,O003052,Debit Card,16274.27,2023-12-17
PAY003053,O003053,Credit Card,43480.94,2023-03-02
PAY003054,O003054,UPI,117.58,2023-01-16
PAY003055,O003055,Debit Card,3146.14,2024-12-24
PAY003056,O003056,UPI,54923.15,2023-10-09
PAY003057,O003057,UPI,8382.85,2024-02-20
PAY003058,O003058,Credit Card,242.14,2023-03-24
PAY003059,O003059,UPI,27938.79,2024-04-17
PAY003060,O003060,Credit Card,1623.52,2024-11-29
PAY003061,O003061,Debit Card,535.12,2024-02-18
PAY003062,O003062,UPI,16531.46,2023-04-02
PAY003063,O003063,Net Banking,8191.74,2024-02-24
PAY003064,O003064,Credit Card,3156.13,2024-06-28
PAY003065,O003065,UPI,145.51,2023-10-29
PAY003066,O003066,Debit Card,19284.79,2024-11-16
PAY003067,O003067,Credit Card,2006.08,2024-04-03
PAY003068,O003068,Debit Card,47735.87,2024-11-29
PAY003069,O003069,Net Banking,23106.68,2024-03-28
PAY003070,O003070,Cash on Delivery,2705.6,2023-04-21
PAY003071,O003071,Cash on Delivery,17225.5,2023-08-07
PAY003072,O003072,Credit Card,913.24,2023-06-13
PAY003073,O003073,Credit Card,4799.69,2024-11-27
PAY003074,O003074,UPI,7262.25,2024-06-02
PAY003075,O003075,Net Banking,110628.08,2024-04-28
PAY003076,O003076,UPI,1706.77,2023-08-06
PAY003077,O003077,Debit Card,3156.93,2023-05-21
PAY003078,O003078,UPI,18451.92,2024-06-17
PAY003079,O003079,UPI,5598.1,2023-12-22
PAY003080,O003080,UPI,13731.09,2023-06-27
PAY003081,O003081,UPI,13288.06,2024-03-10
PAY003082,O003082,UPI,764.66,2023-02-11
PAY003083,O003083,UPI,3038.16,2023-08-28
PAY003084,O003084,Credit Card,15722.23,2023-11-20
PAY003085,O003085,Credit Card,51155.08,2023-04-04
PAY003086,O003086,Credit Card,11636.57,2024-12-24
PAY003087,O003087,Credit Card,620.3,2023-06-12
PAY003088,O003088,Net Banking,121.82,2023-04-02
PAY003089,O003089,Debit Card,4945.88,2023-06-26
PAY003090,O003090,UPI,2255.96,2024-06-15
PAY003091,O003091,UPI,851.38,2023-11-08
PAY003092,O003092,UPI,30742.0,2024-01-29
PAY003093,O003093,Cash on Delivery,6179.72,2023-01-25
PAY003094,O003094,UPI,108.0,2023-01-11
PAY003095,O003095,Debit Card,8378.58,2023-11-24
PAY003096,O003096,UPI,4639.94,2024-08-10
PAY003097,O003097,Credit Card,692.04,2024-11-12
PAY003098,O003098,Net Banking,1462.82,2023-03-27
PAY003099,O003099,UPI,1088.09,2024-01-07
PAY003100,O003100,Credit Card,9331.18,2024-11-10
PAY003101,O003101,Cash on Delivery,3675.28,2023-10-10
PAY003102,O003102,UPI,172.01,2024-09-12
PAY003103,O003103,Credit Card,1082.19,2023-04-13
PAY003104,O003104,Credit Card,4391.47,2024-11-17
PAY003105,O003105,Cash on Delivery,37593.96,2024-06-21
PAY003106,O003106,Net Banking,227.36,2024-12-06
PAY003107,O003107,UPI,2898.67,2024-04-20
PAY003108,O003108,Cash on Delivery,2997.43,2023-09-18
PAY003109,O003109,UPI,11260.91,2024-11-24
PAY003110,O003110,UPI,20888.38,2023-07-22
PAY003111,O003111,Credit Card,5491.42,2023-09-23
PAY003112,O003112,Debit Card,9539.27,2024-05-28
PAY003113,O003113,Debit Card,2116.41,2024-06-10
PAY003114,O003114,Credit Card,59486.37,2024-11-26
PAY003115,O003115,Credit Card,4408.54,2023-06-07
PAY003116,O003116,Cash on Delivery,9322.31,2024-08-23
PAY003117,O003117,Net Banking,17745.44,2024-06-16
PAY003118,O003118,Debit Card,26386.64,2023-02-20
PAY003119,O003119,UPI,32649.81,2023-10-03
PAY003120,O003120,Net Banking,43480.94,2023-07-22
PAY003121,O003121,Debit Card,67567.93,2023-08-06
PAY003122,O003122,Cash on Delivery,16962.97,2024-12-07
PAY003123,O003123,UPI,947.91,2024-03-06
PAY003124,O003124,Debit Card,4711.37,2024-05-16
PAY003125,O003125,Cash on Delivery,5849.95,2024-12-20
PAY003126,O003126,Credit Card,6571.24,2023-10-14
PAY003127,O003127,Debit Card,7290.85,2024-08-17
PAY003128,O003128,Cash on Delivery,1875.87,2023-11-25
PAY003129,O003129,Credit Card,2162.3,2024-10-12
PAY003130,O003130,Debit Card,370.66,2023-05-14
PAY003131,O003131,UPI,691.82,2024-12-09
PAY003132,O003132,Credit Card,7565.86,2023-06-05
PAY003133,O003133,UPI,3872.22,2023-08-25
PAY003134,O003134,UPI,43655.64,2024-06-20
PAY003135,O003135,Debit Card,3584.76,2023-10-17
PAY003136,O003136,UPI,1006.0,2024-02-21
PAY003137,O003137,Cash on Delivery,1478.7,2023-11-07
PAY003138,O003138,Credit Card,122.86,2024-06-06
PAY003139,O003139,Debit Card,1150.31,2023-06-12
PAY003140,O003140,UPI,29042.57,2023-02-26
PAY003141,O003141,UPI,41924.54,2023-08-27
PAY003142,O003142,UPI,3440.17,2023-12-13
PAY003143,O003143,UPI,43655.64,2023-05-22
PAY003144,O003144,Net Banking,2389.83,2023-09-10
PAY003145,O003145,Net Banking,486.61,2023-10-29
PAY003146,O003146,Net Banking,2929.98,2023-03-01
PAY003147,O003147,Debit Card,7408.4,2024-02-06
PAY003148,O003148,Debit Card,3278.38,2024-11-16
PAY003149,O003149,Credit Card,133740.17,2023-04-13
PAY003150,O003150,UPI,1219.41,2024-02-14
PAY003151,O003151,Debit Card,5439.17,2024-04-09
PAY003152,O003152,UPI,958.38,2023-11-13
PAY003153,O003153,Credit Card,6697.93,2024-05-26
PAY003154,O003154,UPI,2619.82,2023-11-26
PAY003155,O003155,Credit Card,4409.66,2023-12-27
PAY003156,O003156,UPI,5851.96,2023-01-29
PAY003157,O003157,UPI,23218.11,2024-05-12
PAY003158,O003158,Credit Card,13231.05,2024-04-25
PAY003159,O003159,UPI,6451.26,2023-01-09
PAY003160,O003160,UPI,28002.14,2023-09-13
PAY003161,O003161,Credit Card,7553.5,2024-12-17
PAY003162,O003162,Credit Card,2269.72,2023-11-21
PAY003163,O003163,Net Banking,6001.62,2023-12-03
PAY003164,O003164,Credit Card,3922.55,2024-11-05
PAY003165,O003165,Net Banking,2229.26,2024-05-02
PAY003166,O003166,UPI,6279.25,2024-02-15
PAY003167,O003167,Credit Card,113.68,2024-08-14
PAY003168,O003168,Credit Card,4891.03,2024-10-15
PAY003169,O003169,UPI,95805.11,2023-11-10
PAY003170,O003170,UPI,4907.95,2023-12-27
PAY003171,O003171,Debit Card,4366.02,2023-10-09
PAY003172,O003172,Debit Card,6518.21,2024-12-18
PAY003173,O003173,UPI,1131.26,2024-05-27
PAY003174,O003174,UPI,1381.77,2023-03-25
PAY003175,O003175,Debit Card,172.19,2024-10-26
PAY003176,O003176,UPI,1619.39,2023-12-11
PAY003177,O003177,Cash on Delivery,4455.6,2023-02-18
PAY003178,O003178,Cash on Delivery,593.3,2024-01-22
PAY003179,O003179,Net Banking,6042.46,2023-11-14
PAY003180,O003180,UPI,2556.02,2024-11-10
PAY003181,O003181,UPI,691.82,2023-06-24
PAY003182,O003182,Cash on Delivery,12722.54,2024-09-20
PAY003183,O003183,UPI,50517.59,2024-01-13
PAY003184,O003184,UPI,111.58,2023-03-01
PAY003185,O003185,UPI,2663.56,2024-12-05
PAY003186,O003186,UPI,11126.34,2023-12-19
PAY003187,O003187,Debit Card,664.12,2023-07-28
PAY003188,O003188,Cash on Delivery,43655.64,2023-11-05
PAY003189,O003189,Net Banking,12995.5,2024-10-10
PAY003190,O003190,Debit Card,473.35,2023-08-28
PAY003191,O003191,UPI,3941.3,2023-05-16
PAY003192,O003192,Credit Card,26467.15,2023-04-15
PAY003193,O003193,UPI,693.18,2023-08-29
PAY003194,O003194,UPI,1709.83,2024-07-12
PAY003195,O003195,UPI,19774.48,2023-12-23
PAY003196,O003196,Debit Card,2877.47,2023-06-15
PAY003197,O003197,UPI,4912.16,2023-05-10
PAY003198,O003198,Cash on Delivery,8442.22,2023-09-02
PAY003199,O003199,Cash on Delivery,2223.22,2024-12-06
PAY003200,O003200,UPI,6001.62,2023-09-15
PAY003201,O003201,Credit Card,1073.05,2024-12-11
PAY003202,O003202,Net Banking,681.1,2023-12-03
PAY003203,O003203,Cash on Delivery,7146.95,2023-05-13
PAY003204,O003204,Net Banking,1854.22,2024-11-13
PAY003205,O003205,UPI,4706.9,2023-11-04
PAY003206,O003206,UPI,2883.48,2024-05-06
PAY003207,O003207,UPI,31902.39,2024-12-21
PAY003208,O003208,Credit Card,418.84,2023-02-10
PAY003209,O003209,Credit Card,845.23,2023-03-17
PAY003210,O003210,Net Banking,6781.05,2024-05-03
PAY003211,O003211,UPI,16172.51,2023-07-02
PAY003212,O003212,Net Banking,1846.71,2023-05-05
PAY003213,O003213,UPI,5905.56,2023-02-03
PAY003214,O003214,Credit Card,6428.59,2023-01-10
PAY003215,O003215,Credit Card,597.92,2024-06-04
PAY003216,O003216,UPI,857.05,2023-04-26
PAY003217,O003217,Net Banking,3922.55,2023-11-18
PAY003218,O003218,Credit Card,539.33,2024-02-27
PAY003219,O003219,Net Banking,96187.31,2023-11-02
PAY003220,O003220,Cash on Delivery,2659.48,2023-01-17
PAY003221,O003221,Net Banking,1764.76,2024-07-10
PAY003222,O003222,Credit Card,1931.04,2023-01-25
PAY003223,O003223,Credit Card,56213.15,2024-06-22
PAY003224,O003224,UPI,4572.8,2024-11-13
PAY003225,O003225,Credit Card,2027.51,2023-11-10
PAY003226,O003226,Cash on Delivery,11767.53,2024-01-15
PAY003227,O003227,UPI,13617.6,2023-12-26
PAY003228,O003228,Net Banking,1150.31,2023-10-05
PAY003229,O003229,Net Banking,5189.47,2024-11-22
PAY003230,O003230,Cash on Delivery,2359.4,2024-11-08
PAY003231,O003231,UPI,3728.15,2023-09-23
PAY003232,O003232,Credit Card,712.55,2024-03-03
PAY003233,O003233,UPI,13848.75,2024-11-24
PAY003234,O003234,Net Banking,2572.21,2024-12-28
PAY003235,O003235,UPI,3198.94,2023-12-14
PAY003236,O003236,UPI,8232.64,2023-11-11
PAY003237,O003237,UPI,1175.86,2023-07-17
PAY003238,O003238,Credit Card,18862.46,2024-12-12
PAY003239,O003239,Credit Card,2076.73,2023-04-27
PAY003240,O003240,Credit Card,1395.26,2024-02-24
PAY003241,O003241,Cash on Delivery,2005.02,2023-07-19
PAY003242,O003242,UPI,654.76,2023-07-22
PAY003243,O003243,Net Banking,12783.23,2023-10-14
PAY003244,O003244,Debit Card,10492.11,2024-12-28
PAY003245,O003245,UPI,113.68,2023-02-22
PAY003246,O003246,Net Banking,5996.69,2024-02-13
PAY003247,O003247,UPI,15153.26,2023-03-25
PAY003248,O003248,Debit Card,1277.45,2023-05-10
PAY003249,O003249,Debit Card,8892.99,2023-11-12
PAY003250,O003250,Debit Card,28752.96,2023-12-02
PAY003251,O003251,UPI,774.96,2023-07-19
PAY003252,O003252,Credit Card,5549.39,2023-08-12
PAY003253,O003253,Net Banking,23177.74,2023-03-01
PAY003254,O003254,Debit Card,23252.35,2023-08-08
PAY003255,O003255,Net Banking,2164.32,2024-12-13
PAY003256,O003256,Debit Card,1790.72,2024-12-04
PAY003257,O003257,UPI,1179.81,2023-09-08
PAY003258,O003258,UPI,6622.0,2024-02-20
PAY003259,O003259,Debit Card,4306.03,2024-11-28
PAY003260,O003260,Net Banking,8503.39,2023-01-25
PAY003261,O003261,UPI,11828.8,2024-08-13
PAY003262,O003262,UPI,15332.64,2024-12-21
PAY003263,O003263,UPI,234.16,2023-03-26
PAY003264,O003264,Credit Card,446.72,2023-05-23
PAY003265,O003265,Credit Card,2163.55,2024-12-21
PAY003266,O003266,Credit Card,467.06,2024-01-19
PAY003267,O003267,UPI,457.65,2023-01-08
PAY003268,O003268,Credit Card,7960.42,2023-07-25
PAY003269,O003269,Net Banking,2403.95,2023-11-16
PAY003270,O003270,UPI,30931.02,2024-05-07
PAY003271,O003271,UPI,14309.04,2024-06-01
PAY003272,O003272,Debit Card,11043.17,2024-12-11
PAY003273,O003273,Net Banking,3066.0,2023-07-22
PAY003274,O003274,UPI,5196.65,2024-01-05
PAY003275,O003275,Cash on Delivery,12384.51,2024-01-21
PAY003276,O003276,UPI,651.74,2023-10-15
PAY003277,O003277,UPI,261.28,2023-05-01
PAY003278,O003278,Credit Card,7209.25,2024-12-06
PAY003279,O003279,Debit Card,4176.68,2024-10-17
PAY003280,O003280,Credit Card,26826.15,2023-12-19
PAY003281,O003281,Credit Card,4425.04,2024-02-11
PAY003282,O003282,UPI,12939.18,2023-06-06
PAY003283,O003283,Credit Card,1345.68,2024-01-23
PAY003284,O003284,UPI,15829.3,2024-05-01
PAY003285,O003285,Credit Card,520.36,2023-12-27
PAY003286,O003286,Credit Card,43655.64,2024-12-19
PAY003287,O003287,Net Banking,43480.94,2024-03-07
PAY003288,O003288,Credit Card,2358.02,2023-10-13
PAY003289,O003289,Debit Card,24530.86,2024-06-24
PAY003290,O003290,Credit Card,1783.27,2023-05-06
PAY003291,O003291,Cash on Delivery,689.22,2023-10-01
PAY003292,O003292,Net Banking,2204.83,2023-09-15
PAY003293,O003293,Net Banking,1082.19,2023-11-16
PAY003294,O003294,Debit Card,5037.73,2024-07-06
PAY003295,O003295,Credit Card,13335.91,2023-12-21
PAY003296,O003296,UPI,11210.81,2024-07-21
PAY003297,O003297,Net Banking,594.58,2024-02-07
PAY003298,O003298,UPI,9877.71,2023-09-03
PAY003299,O003299,UPI,251.67,2024-08-22
PAY003300,O003300,Debit Card,4573.39,2023-06-18
PAY003301,O003301,UPI,26640.91,2023-06-13
PAY003302,O003302,Cash on Delivery,3276.0,2023-12-14
PAY003303,O003303,Net Banking,3332.6,2023-07-19
PAY003304,O003304,Debit Card,24632.35,2023-01-25
PAY003305,O003305,UPI,33747.43,2024-04-18
PAY003306,O003306,Debit Card,6273.67,2023-12-17
PAY003307,O003307,Credit Card,20958.29,2023-11-10
PAY003308,O003308,UPI,2529.25,2024-12-27
PAY003309,O003309,Cash on Delivery,5764.69,2024-02-03
PAY003310,O003310,UPI,3675.28,2024-10-24
PAY003311,O003311,Net Banking,1498.42,2023-04-21
PAY003312,O003312,Net Banking,121.82,2024-01-05
PAY003313,O003313,Cash on Delivery,469.37,2024-10-09
PAY003314,O003314,Credit Card,440.12,2024-02-19
PAY003315,O003315,Credit Card,2472.47,2024-05-04
PAY003316,O003316,Cash on Delivery,6325.17,2023-10-12
PAY003317,O003317,Net Banking,3450.85,2023-03-11
PAY003318,O003318,Net Banking,7350.56,2023-11-17
PAY003319,O003319,Net Banking,1200.58,2023-10-11
PAY003320,O003320,Credit Card,2223.94,2024-10-04
PAY003321,O003321,UPI,2041.65,2023-07-16
PAY003322,O003322,UPI,4118.41,2024-12-25
PAY003323,O003323,Debit Card,2257.68,2024-12-11
PAY003324,O003324,Credit Card,11723.22,2023-07-11
PAY003325,O003325,Debit Card,3743.9,2023-09-20
PAY003326,O003326,Credit Card,1058.27,2024-11-03
PAY003327,O003327,Credit Card,773.46,2024-12-06
PAY003328,O003328,UPI,260.18,2023-11-01
PAY003329,O003329,Debit Card,7574.42,2023-08-19
PAY003330,O003330,Cash on Delivery,5502.69,2023-12-11
PAY003331,O003331,Net Banking,9107.59,2024-05-19
PAY003332,O003332,UPI,590.66,2023-07-17
PAY003333,O003333,Credit Card,3967.58,2024-06-10
PAY003334,O003334,Net Banking,7425.89,2023-02-27
PAY003335,O003335,Credit Card,121.82,2023-02-06
PAY003336,O003336,Credit Card,6428.59,2023-10-13
PAY003337,O003337,UPI,556.29,2023-09-08
PAY003338,O003338,UPI,6113.79,2023-08-08
PAY003339,O003339,UPI,416.88,2023-12-05
PAY003340,O003340,UPI,806.52,2023-08-10
PAY003341,O003341,Credit Card,3368.99,2023-05-17
PAY003342,O003342,Credit Card,3541.74,2023-08-18
PAY003343,O003343,Debit Card,3247.58,2024-12-06
PAY003344,O003344,UPI,1131.26,2023-11-05
PAY003345,O003345,Credit Card,393.27,2023-11-18
PAY003346,O003346,Debit Card,33325.08,2024-02-13
PAY003347,O003347,Cash on Delivery,519.51,2024-12-17
PAY003348,O003348,UPI,1082.19,2023-06-28
PAY003349,O003349,UPI,2671.55,2024-04-06
PAY003350,O003350,Credit Card,2877.47,2024-05-01
PAY003351,O003351,Debit Card,1472.81,2024-02-11
PAY003352,O003352,Cash on Delivery,3731.04,2023-03-07
PAY003353,O003353,Credit Card,4911.98,2024-04-09
PAY003354,O003354,Net Banking,26451.7,2023-02-24
PAY003355,O003355,Credit Card,1395.26,2024-02-08
PAY003356,O003356,UPI,13712.79,2024-06-15
PAY003357,O003357,Net Banking,3920.03,2023-06-01
PAY003358,O003358,UPI,29144.89,2024-10-08
PAY003359,O003359,UPI,39803.18,2023-01-02
PAY003360,O003360,Cash on Delivery,14698.78,2024-10-10
PAY003361,O003361,UPI,3895.01,2023-11-29
PAY003362,O003362,UPI,27227.18,2023-06-04
PAY003363,O003363,UPI,5196.72,2023-04-19
PAY003364,O003364,Credit Card,256.34,2024-12-25
PAY003365,O003365,UPI,2006.08,2023-02-22
PAY003366,O003366,Credit Card,1893.63,2023-06-06
PAY003367,O003367,Debit Card,4537.79,2023-09-04
PAY003368,O003368,Cash on Delivery,4283.14,2024-03-25
PAY003369,O003369,Credit Card,332.1,2024-01-18
PAY003370,O003370,Credit Card,1683.08,2023-04-07
PAY003371,O003371,Debit Card,5859.95,2023-07-19
PAY003372,O003372,UPI,22066.04,2023-06-16
PAY003373,O003373,UPI,2815.41,2023-06-02
PAY003374,O003374,Debit Card,6037.04,2023-11-22
PAY003375,O003375,Debit Card,5827.53,2024-05-16
PAY003376,O003376,Credit Card,2345.49,2023-06-04
PAY003377,O003377,UPI,2707.59,2023-09-04
PAY003378,O003378,UPI,6192.43,2023-10-17
PAY003379,O003379,Credit Card,8988.06,2024-12-01
PAY003380,O003380,Credit Card,1221.17,2024-12-29
PAY003381,O003381,Credit Card,5009.63,2024-08-15
PAY003382,O003382,Debit Card,55895.44,2023-06-07
PAY003383,O003383,Cash on Delivery,9134.75,2023-02-25
PAY003384,O003384,Cash on Delivery,2755.84,2023-08-14
PAY003385,O003385,Debit Card,7138.62,2023-07-17
PAY003386,O003386,Credit Card,9539.8,2023-12-18
PAY003387,O003387,UPI,6744.68,2024-07-10
PAY003388,O003388,Credit Card,1668.8,2024-10-18
PAY003389,O003389,Credit Card,1634.99,2024-10-09
PAY003390,O003390,Cash on Delivery,6425.1,2023-09-18
PAY003391,O003391,UPI,23231.19,2024-05-05
PAY003392,O003392,Net Banking,4574.79,2023-08-17
PAY003393,O003393,Cash on Delivery,814.67,2023-02-17
PAY003394,O003394,Net Banking,10175.48,2024-05-25
PAY003395,O003395,Net Banking,7845.69,2023-01-11
PAY003396,O003396,UPI,1454.49,2023-11-23
PAY003397,O003397,UPI,5373.92,2023-08-25
PAY003398,O003398,UPI,12916.75,2024-05-07
PAY003399,O003399,Net Banking,260.18,2024-06-11
PAY003400,O003400,UPI,20958.29,2023-08-17
PAY003401,O003401,UPI,594.58,2024-08-23
PAY003402,O003402,Credit Card,9938.02,2023-08-08
PAY003403,O003403,Credit Card,670.58,2023-11-25
PAY003404,O003404,Credit Card,6571.24,2024-06-07
PAY003405,O003405,Cash on Delivery,4031.22,2024-05-22
PAY003406,O003406,UPI,19147.01,2024-12-18
PAY003407,O003407,Credit Card,4664.43,2023-06-21
PAY003408,O003408,Credit Card,12576.5,2024-04-24
PAY003409,O003409,UPI,1374.35,2024-03-10
PAY003410,O003410,Credit Card,2975.16,2024-11-28
PAY003411,O003411,Debit Card,4835.79,2023-05-05
PAY003412,O003412,Debit Card,115810.33,2024-06-25
PAY003413,O003413,UPI,525.76,2024-01-25
PAY003414,O003414,Net Banking,2328.47,2023-07-11
PAY003415,O003415,Cash on Delivery,757.58,2023-12-13
PAY003416,O003416,UPI,2442.76,2023-09-01
PAY003417,O003417,Credit Card,6421.94,2024-02-03
PAY003418,O003418,Credit Card,1478.7,2024-11-22
PAY003419,O003419,UPI,1150.31,2024-01-25
PAY003420,O003420,Credit Card,2513.26,2024-03-27
PAY003421,O003421,UPI,393.27,2023-12-23
PAY003422,O003422,Cash on Delivery,31043.1,2023-02-11
PAY003423,O003423,Credit Card,1250.32,2023-06-15
PAY003424,O003424,Cash on Delivery,10308.9,2023-12-18
PAY003425,O003425,UPI,1255.73,2023-08-27
PAY003426,O003426,UPI,3734.86,2023-05-18
PAY003427,O003427,Credit Card,38123.04,2023-12-04
PAY003428,O003428,Net Banking,8661.03,2023-08-12
PAY003429,O003429,Credit Card,17354.67,2023-07-19
PAY003430,O003430,Debit Card,4194.07,2023-11-25
PAY003431,O003431,Credit Card,961.34,2023-04-23
PAY003432,O003432,UPI,6518.21,2024-11-09
PAY003433,O003433,Debit Card,9089.35,2024-10-14
PAY003434,O003434,Debit Card,1135.24,2024-05-02
PAY003435,O003435,UPI,10247.97,2023-03-19
PAY003436,O003436,UPI,9598.29,2024-07-05
PAY003437,O003437,Credit Card,223.16,2024-08-25
PAY003438,O003438,Credit Card,21110.8,2024-06-26
PAY003439,O003439,Net Banking,8388.14,2023-03-28
PAY003440,O003440,Credit Card,326.82,2024-03-07
PAY003441,O003441,Debit Card,130.92,2024-09-15
PAY003442,O003442,Debit Card,6001.62,2024-02-20
PAY003443,O003443,Debit Card,3259.11,2024-03-23
PAY003444,O003444,Credit Card,12390.99,2023-11-18
PAY003445,O003445,Net Banking,436.15,2023-12-01
PAY003446,O003446,Debit Card,677.62,2023-01-25
PAY003447,O003447,Net Banking,39042.38,2024-03-24
PAY003448,O003448,Debit Card,46805.7,2023-03-13
PAY003449,O003449,UPI,593.3,2023-11-07
PAY003450,O003450,UPI,3263.5,2023-07-16
PAY003451,O003451,UPI,5704.96,2024-01-12
PAY003452,O003452,UPI,11220.62,2023-04-23
PAY003453,O003453,Debit Card,3678.61,2024-05-25
PAY003454,O003454,Credit Card,3182.03,2024-07-04
PAY003455,O003455,Credit Card,1221.17,2023-05-13
PAY003456,O003456,Credit Card,2182.98,2023-03-03
PAY003457,O003457,Credit Card,3280.83,2023-04-18
PAY003458,O003458,UPI,525.76,2024-11-15
PAY003459,O003459,UPI,29155.26,2023-12-28
PAY003460,O003460,Debit Card,111.58,2023-11-19
PAY003461,O003461,UPI,3573.36,2023-03-20
PAY003462,O003462,UPI,3706.57,2024-04-03
PAY003463,O003463,UPI,398.41,2024-10-18
PAY003464,O003464,UPI,9110.76,2024-09-19
PAY003465,O003465,UPI,1253.82,2024-03-18
PAY003466,O003466,Credit Card,65526.37,2023-02-15
PAY003467,O003467,UPI,5192.64,2023-03-07
PAY003468,O003468,UPI,5727.46,2023-02-22
PAY003469,O003469,Net Banking,2547.15,2023-07-12
PAY003470,O003470,UPI,486.61,2023-04-22
PAY003471,O003471,Credit Card,8529.84,2023-07-16
PAY003472,O003472,UPI,3443.15,2023-10-15
PAY003473,O003473,Cash on Delivery,1397.07,2024-12-11
PAY003474,O003474,Debit Card,2436.41,2024-03-28
PAY003475,O003475,Credit Card,2780.61,2024-09-01
PAY003476,O003476,UPI,12390.99,2024-05-15
PAY003477,O003477,UPI,4899.45,2023-03-29
PAY003478,O003478,Net Banking,12614.5,2024-06-11
PAY003479,O003479,Credit Card,3767.59,2023-07-22
PAY003480,O003480,UPI,24964.59,2024-03-19
PAY003481,O003481,Cash on Delivery,108.0,2023-09-07
PAY003482,O003482,Credit Card,4151.92,2024-12-08
PAY003483,O003483,Credit Card,3547.54,2023-07-04
PAY003484,O003484,Net Banking,81681.54,2023-07-20
PAY003485,O003485,Net Banking,3679.69,2024-11-19
PAY003486,O003486,Debit Card,14247.51,2023-01-11
PAY003487,O003487,Net Banking,13438.06,2024-05-07
PAY003488,O003488,Cash on Delivery,14021.22,2024-06-07
PAY003489,O003489,Cash on Delivery,18801.29,2024-09-08
PAY003490,O003490,UPI,46797.39,2024-12-12
PAY003491,O003491,Credit Card,2203.97,2024-12-15
PAY003492,O003492,UPI,8932.73,2023-02-13
PAY003493,O003493,Net Banking,1804.77,2024-09-24
PAY003494,O003494,UPI,2271.81,2024-03-14
PAY003495,O003495,Credit Card,9610.66,2024-03-15
PAY003496,O003496,UPI,13224.39,2023-04-07
PAY003497,O003497,Credit Card,476.64,2024-04-27
PAY003498,O003498,Debit Card,162.51,2024-12-06
PAY003499,O003499,UPI,31918.39,2024-11-25
PAY003500,O003500,Debit Card,3639.73,2023-11-07
PAY003501,O003501,Credit Card,3333.53,2023-02-04
PAY003502,O003502,UPI,420.61,2023-09-21
PAY003503,O003503,Cash on Delivery,5552.38,2024-09-12
PAY003504,O003504,Credit Card,3621.23,2024-05-07
PAY003505,O003505,UPI,836.94,2023-11-17
PAY003506,O003506,Cash on Delivery,172.01,2023-02-10
PAY003507,O003507,Credit Card,7963.12,2023-11-01
PAY003508,O003508,Debit Card,4580.42,2023-11-14
PAY003509,O003509,Debit Card,2107.89,2024-11-05
PAY003510,O003510,Credit Card,7736.79,2024-03-10
PAY003511,O003511,Credit Card,52903.41,2023-08-28
PAY003512,O003512,UPI,2368.35,2023-12-09
PAY003513,O003513,Credit Card,45455.41,2023-02-21
PAY003514,O003514,UPI,2908.98,2024-12-01
PAY003515,O003515,Credit Card,1227.56,2023-09-21
PAY003516,O003516,Debit Card,3740.44,2023-12-29
PAY003517,O003517,Debit Card,16383.48,2023-09-20
PAY003518,O003518,Net Banking,6756.95,2024-04-17
PAY003519,O003519,UPI,370.66,2024-04-24
PAY003520,O003520,UPI,2006.08,2024-05-02
PAY003521,O003521,UPI,2255.96,2023-07-26
PAY003522,O003522,Cash on Delivery,6428.59,2023-08-25
PAY003523,O003523,Net Banking,122.86,2023-04-21
PAY003524,O003524,Cash on Delivery,1553.24,2024-04-07
PAY003525,O003525,UPI,225.18,2023-02-25
PAY003526,O003526,Credit Card,2719.67,2024-02-04
PAY003527,O003527,Credit Card,4117.31,2024-10-16
PAY003528,O003528,Credit Card,3621.23,2024-11-14
PAY003529,O003529,Debit Card,3021.86,2023-11-27
PAY003530,O003530,Credit Card,5810.42,2023-11-02
PAY003531,O003531,Debit Card,12167.3,2023-02-16
PAY003532,O003532,Net Banking,140.4,2024-04-28
PAY003533,O003533,UPI,4322.45,2024-09-02
PAY003534,O003534,Cash on Delivery,97436.13,2023-07-25
PAY003535,O003535,Credit Card,7231.85,2023-11-18
PAY003536,O003536,Debit Card,352.13,2024-10-01
PAY003537,O003537,Debit Card,5876.52,2024-11-03
PAY003538,O003538,Credit Card,2108.55,2023-07-05
PAY003539,O003539,UPI,925.11,2024-01-15
PAY003540,O003540,Debit Card,4209.36,2023-05-06
PAY003541,O003541,UPI,2227.8,2023-03-11
PAY003542,O003542,Cash on Delivery,9519.8,2024-11-21
PAY003543,O003543,UPI,14624.02,2024-09-05
PAY003544,O003544,UPI,12331.79,2024-06-24
PAY003545,O003545,Cash on Delivery,4002.39,2023-02-05
PAY003546,O003546,UPI,6418.75,2024-10-06
PAY003547,O003547,UPI,19718.25,2023-11-23
PAY003548,O003548,Net Banking,1619.39,2023-09-04
PAY003549,O003549,UPI,1175.68,2024-01-20
PAY003550,O003550,UPI,47503.42,2023-03-08
PAY003551,O003551,UPI,14577.63,2024-06-23
PAY003552,O003552,Net Banking,27678.99,2024-02-24
PAY003553,O003553,UPI,825.46,2023-05-19
PAY003554,O003554,Debit Card,5457.96,2023-05-19
PAY003555,O003555,Credit Card,988.92,2023-05-12
PAY003556,O003556,UPI,33076.14,2023-02-23
PAY003557,O003557,UPI,3435.49,2024-02-25
PAY003558,O003558,Cash on Delivery,372.3,2024-10-26
PAY003559,O003559,Credit Card,1221.17,2023-01-03
PAY003560,O003560,UPI,8663.02,2023-02-02
PAY003561,O003561,UPI,19946.41,2024-02-12
PAY003562,O003562,Credit Card,12780.35,2024-09-16
PAY003563,O003563,Credit Card,1842.56,2023-08-13
PAY003564,O003564,UPI,21830.51,2023-09-28
PAY003565,O003565,UPI,9616.21,2024-02-16
PAY003566,O003566,Net Banking,8878.23,2023-07-20
PAY003567,O003567,Credit Card,12765.21,2023-01-05
PAY003568,O003568,UPI,1405.66,2024-06-26
PAY003569,O003569,UPI,2244.05,2024-03-12
PAY003570,O003570,Credit Card,8923.52,2024-02-11
PAY003571,O003571,UPI,4540.7,2024-06-18
PAY003572,O003572,UPI,4969.01,2024-04-18
PAY003573,O003573,Debit Card,3561.59,2023-06-12
PAY003574,O003574,Credit Card,6001.62,2023-09-04
PAY003575,O003575,Credit Card,8152.52,2023-04-23
PAY003576,O003576,Credit Card,2733.6,2023-04-29
PAY003577,O003577,Net Banking,5478.34,2024-04-19
PAY003578,O003578,UPI,104776.03,2024-10-14
PAY003579,O003579,UPI,2063.97,2024-12-05
PAY003580,O003580,UPI,95251.47,2024-03-25
PAY003581,O003581,Cash on Delivery,10207.8,2023-05-24
PAY003582,O003582,Credit Card,9243.38,2023-03-21
PAY003583,O003583,UPI,4574.79,2024-08-03
PAY003584,O003584,UPI,23927.69,2024-02-19
PAY003585,O003585,Debit Card,6705.97,2024-03-17
PAY003586,O003586,UPI,504.3,2024-07-06
PAY003587,O003587,Debit Card,2664.42,2024-05-06
PAY003588,O003588,Cash on Delivery,27162.92,2024-09-29
PAY003589,O003589,UPI,10357.52,2023-02-28
PAY003590,O003590,UPI,43732.89,2024-06-20
PAY003591,O003591,UPI,649.39,2024-10-07
PAY003592,O003592,UPI,20563.84,2023-07-14
PAY003593,O003593,Debit Card,6814.78,2024-03-17
PAY003594,O003594,UPI,13712.79,2023-08-15
PAY003595,O003595,Credit Card,3418.51,2024-12-03
PAY003596,O003596,Credit Card,9036.13,2023-01-18
PAY003597,O003597,Cash on Delivery,10647.2,2024-02-25
PAY003598,O003598,Credit Card,29366.64,2023-05-02
PAY003599,O003599,UPI,18698.22,2024-05-05
PAY003600,O003600,UPI,851.38,2023-05-28
PAY003601,O003601,Debit Card,13958.72,2023-06-08
PAY003602,O003602,UPI,20958.29,2023-12-14
PAY003603,O003603,UPI,42802.91,2024-11-08
PAY003604,O003604,Cash on Delivery,38793.49,2023-06-12
PAY003605,O003605,UPI,12476.19,2023-04-09
PAY003606,O003606,UPI,4468.9,2024-06-25
PAY003607,O003607,Net Banking,612.29,2023-12-22
PAY003608,O003608,UPI,30475.68,2024-11-06
PAY003609,O003609,UPI,1181.36,2023-04-26
PAY003610,O003610,UPI,419.38,2024-03-05
PAY003611,O003611,Debit Card,6950.41,2023-06-18
PAY003612,O003612,Cash on Delivery,6361.76,2023-05-22
PAY003613,O003613,Credit Card,3469.13,2024-04-08
PAY003614,O003614,UPI,4173.48,2024-02-11
PAY003615,O003615,UPI,4543.62,2024-06-25
PAY003616,O003616,Credit Card,6334.26,2023-08-06
PAY003617,O003617,Debit Card,4453.09,2023-11-24
PAY003618,O003618,Debit Card,850.88,2023-10-28
PAY003619,O003619,Credit Card,4317.47,2024-12-16
PAY003620,O003620,Cash on Delivery,17542.13,2023-07-06
PAY003621,O003621,UPI,476.64,2023-08-28
PAY003622,O003622,UPI,6995.21,2023-09-11
PAY003623,O003623,Net Banking,8545.16,2024-01-04
PAY003624,O003624,UPI,276.21,2023-07-20
PAY003625,O003625,UPI,418.47,2024-11-28
PAY003626,O003626,Credit Card,4410.35,2023-07-15
PAY003627,O003627,Credit Card,111.58,2024-11-29
PAY003628,O003628,UPI,1970.87,2023-03-27
PAY003629,O003629,Cash on Delivery,2617.75,2024-04-09
PAY003630,O003630,UPI,8442.22,2024-11-12
PAY003631,O003631,Credit Card,15444.84,2023-05-27
PAY003632,O003632,UPI,10639.24,2024-12-04
PAY003633,O003633,Net Banking,5011.53,2023-11-23
PAY003634,O003634,UPI,54247.56,2024-12-20
PAY003635,O003635,Net Banking,3246.68,2024-04-19
PAY003636,O003636,UPI,6219.42,2023-08-09
PAY003637,O003637,Credit Card,7359.32,2023-05-19
PAY003638,O003638,Debit Card,2641.58,2023-08-19
PAY003639,O003639,UPI,1136.05,2023-03-20
PAY003640,O003640,UPI,110.57,2023-04-09
PAY003641,O003641,Debit Card,4355.59,2023-03-23
PAY003642,O003642,UPI,10503.42,2023-11-02
PAY003643,O003643,Cash on Delivery,3182.03,2024-07-28
PAY003644,O003644,UPI,3032.09,2023-04-25
PAY003645,O003645,Debit Card,29078.75,2023-04-01
PAY003646,O003646,Net Banking,3021.86,2024-03-07
PAY003647,O003647,Credit Card,5002.18,2023-06-04
PAY003648,O003648,UPI,8721.84,2023-03-27
PAY003649,O003649,UPI,6923.62,2023-05-29
PAY003650,O003650,Cash on Delivery,9663.03,2024-11-27
PAY003651,O003651,Debit Card,13142.48,2024-09-12
PAY003652,O003652,Credit Card,6895.66,2023-09-16
PAY003653,O003653,UPI,563.67,2024-04-24
PAY003654,O003654,UPI,1001.53,2024-01-26
PAY003655,O003655,Debit Card,39025.35,2024-04-19
PAY003656,O003656,Cash on Delivery,30008.9,2024-04-12
PAY003657,O003657,UPI,75187.92,2024-03-26
PAY003658,O003658,Net Banking,3009.44,2023-07-27
PAY003659,O003659,UPI,4659.5,2023-02-16
PAY003660,O003660,Net Banking,43480.94,2023-11-21
PAY003661,O003661,Credit Card,562.11,2024-11-26
PAY003662,O003662,Debit Card,45118.45,2024-01-28
PAY003663,O003663,Cash on Delivery,9759.28,2024-09-25
PAY003664,O003664,Debit Card,1236.92,2024-12-13
PAY003665,O003665,Cash on Delivery,41542.93,2023-05-16
PAY003666,O003666,UPI,2109.33,2024-05-08
PAY003667,O003667,Cash on Delivery,3969.18,2024-04-23
PAY003668,O003668,Net Banking,113.68,2024-12-11
PAY003669,O003669,UPI,418.47,2024-12-25
PAY003670,O003670,Credit Card,5562.66,2024-05-12
PAY003671,O003671,Cash on Delivery,1029.05,2023-07-08
PAY003672,O003672,UPI,1474.07,2024-08-24
PAY003673,O003673,Credit Card,2319.97,2023-03-10
PAY003674,O003674,Debit Card,31677.35,2024-07-19
PAY003675,O003675,UPI,387.48,2024-11-20
PAY003676,O003676,Net Banking,2056.1,2023-10-07
PAY003677,O003677,Credit Card,4823.19,2024-03-20
PAY003678,O003678,UPI,4034.81,2023-11-09
PAY003679,O003679,Credit Card,43655.64,2023-11-11
PAY003680,O003680,Credit Card,456.78,2023-08-13
PAY003681,O003681,Net Banking,8545.86,2024-06-03
PAY003682,O003682,Debit Card,23392.47,2024-11-16
PAY003683,O003683,Credit Card,7368.26,2024-12-19
PAY003684,O003684,Debit Card,130.92,2023-05-09
PAY003685,O003685,Net Banking,525.76,2024-10-23
PAY003686,O003686,Cash on Delivery,1884.04,2024-06-08
PAY003687,O003687,Debit Card,1237.22,2023-07-27
PAY003688,O003688,Credit Card,1355.57,2023-02-02
PAY003689,O003689,Credit Card,6299.59,2023-07-15
PAY003690,O003690,Net Banking,1093.82,2024-11-13
PAY003691,O003691,Net Banking,13712.79,2024-03-24
PAY003692,O003692,UPI,9023.15,2024-05-26
PAY003693,O003693,Debit Card,387.48,2023-07-12
PAY003694,O003694,Credit Card,945.21,2024-05-12
PAY003695,O003695,UPI,649.9,2023-01-04
PAY003696,O003696,Credit Card,476.64,2023-10-11
PAY003697,O003697,UPI,6428.59,2024-03-27
PAY003698,O003698,Debit Card,3579.69,2023-04-05
PAY003699,O003699,UPI,6689.99,2024-09-17
PAY003700,O003700,UPI,1685.5,2023-06-05
PAY003701,O003701,UPI,8844.78,2024-04-13
PAY003702,O003702,Credit Card,1159.41,2023-10-21
PAY003703,O003703,UPI,5519.9,2024-02-08
PAY003704,O003704,Net Banking,649.39,2023-03-19
PAY003705,O003705,UPI,1087.5,2023-01-21
PAY003706,O003706,Net Banking,46311.84,2024-11-20
PAY003707,O003707,Credit Card,473.35,2023-07-06
PAY003708,O003708,Cash on Delivery,15554.15,2024-09-02
PAY003709,O003709,UPI,2320.22,2024-12-28
PAY003710,O003710,UPI,13149.85,2023-06-03
PAY003711,O003711,Debit Card,769.28,2023-07-25
PAY003712,O003712,Debit Card,96250.02,2024-04-10
PAY003713,O003713,Credit Card,24718.2,2024-12-24
PAY003714,O003714,UPI,1038.7,2024-11-14
PAY003715,O003715,Credit Card,27369.28,2023-12-05
PAY003716,O003716,UPI,1982.51,2024-07-23
PAY003717,O003717,UPI,999.89,2023-04-19
PAY003718,O003718,Credit Card,3350.06,2024-12-10
PAY003719,O003719,Debit Card,7388.91,2024-12-20
PAY003720,O003720,Cash on Delivery,20666.55,2023-05-05
PAY003721,O003721,UPI,14263.93,2023-08-19
PAY003722,O003722,Debit Card,7977.55,2023-03-02
PAY003723,O003723,UPI,8668.54,2023-07-19
PAY003724,O003724,UPI,494.07,2024-08-20
PAY003725,O003725,Debit Card,1884.6,2023-10-15
PAY003726,O003726,Net Banking,4564.56,2023-03-07
PAY003727,O003727,Cash on Delivery,18351.87,2023-09-25
PAY003728,O003728,Net Banking,11326.95,2024-12-27
PAY003729,O003729,UPI,2663.56,2024-03-21
PAY003730,O003730,UPI,4705.42,2023-11-11
PAY003731,O003731,Net Banking,428.98,2023-05-24
PAY003732,O003732,Credit Card,4472.37,2024-12-24
PAY003733,O003733,UPI,7526.7,2024-09-28
PAY003734,O003734,Credit Card,25785.14,2023-07-04
PAY003735,O003735,Cash on Delivery,1457.45,2023-02-17
PAY003736,O003736,Net Banking,7154.22,2023-02-10
PAY003737,O003737,Credit Card,75930.44,2023-04-09
PAY003738,O003738,Cash on Delivery,10003.62,2024-02-21
PAY003739,O003739,Net Banking,7031.68,2024-11-16
PAY003740,O003740,UPI,1298.78,2023-12-17
PAY003741,O003741,UPI,4173.48,2024-10-19
PAY003742,O003742,Credit Card,9609.7,2023-11-12
PAY003743,O003743,UPI,21135.37,2024-05-01
PAY003744,O003744,Net Banking,688.87,2024-06-01
PAY003745,O003745,Net Banking,10331.87,2023-05-10
PAY003746,O003746,UPI,20958.29,2023-09-20
PAY003747,O003747,Net Banking,163.41,2024-03-07
PAY003748,O003748,Credit Card,2085.32,2023-02-17
PAY003749,O003749,Credit Card,1404.76,2023-09-08
PAY003750,O003750,Net Banking,37114.61,2024-01-28
PAY003751,O003751,Credit Card,3450.93,2024-12-20
PAY003752,O003752,Debit Card,56010.64,2023-12-06
PAY003753,O003753,UPI,1989.69,2024-08-18
PAY003754,O003754,Credit Card,1691.66,2023-11-20
PAY003755,O003755,UPI,2755.84,2024-08-27
PAY003756,O003756,Credit Card,12120.25,2024-02-10
PAY003757,O003757,UPI,19230.66,2024-11-13
PAY003758,O003758,Debit Card,1576.94,2023-11-20
PAY003759,O003759,UPI,1452.83,2024-02-05
PAY003760,O003760,UPI,6686.72,2024-03-06
PAY003761,O003761,UPI,1900.95,2023-11-23
PAY003762,O003762,Net Banking,5716.29,2023-04-14
PAY003763,O003763,UPI,6291.71,2023-03-19
PAY003764,O003764,Debit Card,6227.77,2023-01-05
PAY003765,O003765,UPI,15647.18,2024-10-13
PAY003766,O003766,Credit Card,945.42,2023-06-02
PAY003767,O003767,Net Banking,3333.53,2023-06-25
PAY003768,O003768,UPI,494.46,2024-06-29
PAY003769,O003769,UPI,7865.24,2023-08-22
PAY003770,O003770,UPI,2707.59,2023-12-18
PAY003771,O003771,Debit Card,3137.76,2023-05-18
PAY003772,O003772,UPI,8120.97,2024-12-18
PAY003773,O003773,Credit Card,11683.87,2024-10-11
PAY003774,O003774,UPI,14673.77,2024-10-15
PAY003775,O003775,Credit Card,27855.89,2023-10-11
PAY003776,O003776,Debit Card,958.38,2024-06-14
PAY003777,O003777,UPI,2403.95,2023-04-02
PAY003778,O003778,Net Banking,4477.47,2023-01-12
PAY003779,O003779,Cash on Delivery,2728.93,2023-01-14
PAY003780,O003780,UPI,34544.72,2024-02-26
PAY003781,O003781,Net Banking,3276.0,2023-11-23
PAY003782,O003782,UPI,2891.88,2023-12-17
PAY003783,O003783,Debit Card,3021.86,2023-01-03
PAY003784,O003784,UPI,5843.58,2023-11-19
PAY003785,O003785,Net Banking,4764.36,2024-05-03
PAY003786,O003786,UPI,254.88,2023-11-02
PAY003787,O003787,Net Banking,5721.72,2024-06-08
PAY003788,O003788,Net Banking,6114.74,2023-06-02
PAY003789,O003789,UPI,3336.75,2024-08-14
PAY003790,O003790,UPI,1131.26,2024-02-17
PAY003791,O003791,Net Banking,3935.86,2023-06-13
PAY003792,O003792,Credit Card,4344.15,2023-06-07
PAY003793,O003793,Cash on Delivery,15572.41,2024-03-09
PAY003794,O003794,Cash on Delivery,2719.67,2024-09-03
PAY003795,O003795,Debit Card,25230.71,2023-11-16
PAY003796,O003796,Credit Card,7307.05,2023-07-22
PAY003797,O003797,UPI,7140.0,2024-10-14
PAY003798,O003798,Net Banking,486.61,2024-04-05
PAY003799,O003799,UPI,11348.91,2023-11-08
PAY003800,O003800,Credit Card,15641.21,2023-12-27
PAY003801,O003801,UPI,693.18,2023-06-14
PAY003802,O003802,Cash on Delivery,1538.85,2024-03-28
PAY003803,O003803,UPI,3724.99,2023-09-05
PAY003804,O003804,Net Banking,2961.0,2024-12-09
PAY003805,O003805,Credit Card,43603.8,2023-12-09
PAY003806,O003806,UPI,28606.97,2023-12-24
PAY003807,O003807,Debit Card,805.12,2024-01-09
PAY003808,O003808,UPI,1089.7,2024-11-14
PAY003809,O003809,UPI,32234.87,2024-08-10
PAY003810,O003810,Net Banking,55323.13,2023-11-26
PAY003811,O003811,UPI,1249.34,2024-05-01
PAY003812,O003812,UPI,33030.14,2024-02-14
PAY003813,O003813,Credit Card,1253.82,2023-12-25
PAY003814,O003814,Credit Card,54886.34,2023-05-23
PAY003815,O003815,Net Banking,32122.38,2023-11-04
PAY003816,O003816,UPI,55834.49,2023-07-26
PAY003817,O003817,UPI,19870.76,2024-11-06
PAY003818,O003818,UPI,12810.26,2023-09-07
PAY003819,O003819,Credit Card,17673.32,2024-12-23
PAY003820,O003820,Credit Card,4418.02,2024-01-13
PAY003821,O003821,UPI,4674.72,2024-03-10
PAY003822,O003822,Net Banking,2075.46,2024-01-19
PAY003823,O003823,Cash on Delivery,11368.46,2023-04-25
PAY003824,O003824,Net Banking,428.98,2023-10-27
PAY003825,O003825,UPI,463.28,2023-03-18
PAY003826,O003826,Credit Card,664.12,2024-03-16
PAY003827,O003827,Net Banking,17023.11,2023-11-08
PAY003828,O003828,UPI,9138.73,2024-07-13
PAY003829,O003829,Net Banking,4076.26,2023-06-25
PAY003830,O003830,Net Banking,4251.85,2023-05-20
PAY003831,O003831,UPI,465.38,2023-10-06
PAY003832,O003832,Credit Card,2164.32,2024-11-25
PAY003833,O003833,UPI,2815.41,2024-05-17
PAY003834,O003834,UPI,1130.77,2023-11-26
PAY003835,O003835,Net Banking,25102.02,2023-12-03
PAY003836,O003836,Cash on Delivery,38757.55,2023-03-05
PAY003837,O003837,Cash on Delivery,3355.34,2024-12-07
PAY003838,O003838,UPI,33154.13,2024-04-14
PAY003839,O003839,Cash on Delivery,22095.31,2023-07-11
PAY003840,O003840,Net Banking,5457.96,2024-02-09
PAY003841,O003841,Net Banking,21041.64,2023-03-08
PAY003842,O003842,Cash on Delivery,4442.03,2024-12-24
PAY003843,O003843,Credit Card,2396.79,2023-05-28
PAY003844,O003844,UPI,13753.25,2024-04-08
PAY003845,O003845,UPI,2979.33,2023-07-11
PAY003846,O003846,UPI,2234.92,2024-05-05
PAY003847,O003847,Debit Card,8490.91,2024-07-02
PAY003848,O003848,UPI,16661.64,2024-04-04
PAY003849,O003849,Credit Card,8163.16,2024-03-18
PAY003850,O003850,UPI,657.23,2024-11-24
PAY003851,O003851,Cash on Delivery,1116.92,2023-03-12
PAY003852,O003852,UPI,8668.54,2023-08-06
PAY003853,O003853,Credit Card,111.95,2023-07-02
PAY003854,O003854,Credit Card,8663.02,2024-12-05
PAY003855,O003855,UPI,8632.41,2023-10-22
PAY003856,O003856,Debit Card,7717.22,2024-06-19
PAY003857,O003857,Credit Card,4711.37,2024-04-22
PAY003858,O003858,Credit Card,10106.97,2023-06-21
PAY003859,O003859,Net Banking,5322.73,2023-06-22
PAY003860,O003860,UPI,53.3,2023-07-16
PAY003861,O003861,Net Banking,2439.19,2023-11-17
PAY003862,O003862,Net Banking,6785.82,2023-06-22
PAY003863,O003863,Net Banking,21019.98,2023-01-19
PAY003864,O003864,UPI,14866.67,2024-11-11
PAY003865,O003865,UPI,16309.62,2024-12-06
PAY003866,O003866,Credit Card,3117.52,2023-09-06
PAY003867,O003867,UPI,958.38,2023-09-01
PAY003868,O003868,UPI,12577.0,2023-01-10
PAY003869,O003869,UPI,59675.91,2024-04-15
PAY003870,O003870,Credit Card,3539.38,2024-09-19
PAY003871,O003871,UPI,7646.75,2023-04-06
PAY003872,O003872,Cash on Delivery,851.38,2023-05-08
PAY003873,O003873,Debit Card,868.09,2024-07-15
PAY003874,O003874,UPI,10505.42,2024-03-16
PAY003875,O003875,Net Banking,8007.53,2023-02-13
PAY003876,O003876,Cash on Delivery,4175.95,2024-03-08
PAY003877,O003877,UPI,6262.04,2023-08-20
PAY003878,O003878,UPI,5229.21,2023-09-25
PAY003879,O003879,UPI,4239.65,2024-06-20
PAY003880,O003880,Net Banking,37818.32,2024-08-18
PAY003881,O003881,UPI,8378.4,2023-10-15
PAY003882,O003882,Net Banking,544.85,2024-12-07
PAY003883,O003883,Debit Card,13369.63,2023-10-16
PAY003884,O003884,Debit Card,4764.36,2024-06-16
PAY003885,O003885,Credit Card,10989.85,2023-12-26
PAY003886,O003886,Credit Card,1923.62,2024-11-02
PAY003887,O003887,UPI,3218.07,2024-11-12
PAY003888,O003888,Credit Card,2290.21,2023-03-23
PAY003889,O003889,Debit Card,32045.28,2024-11-15
PAY003890,O003890,Net Banking,10080.54,2024-09-01
PAY003891,O003891,Net Banking,5327.12,2024-07-13
PAY003892,O003892,UPI,81206.9,2023-06-07
PAY003893,O003893,UPI,1728.56,2024-08-25
PAY003894,O003894,Net Banking,3726.42,2024-10-14
PAY003895,O003895,Cash on Delivery,689.22,2023-07-26
PAY003896,O003896,UPI,3228.99,2024-12-15
PAY003897,O003897,Debit Card,5719.16,2023-02-09
PAY003898,O003898,Credit Card,16442.29,2023-04-20
PAY003899,O003899,Credit Card,12732.95,2024-01-18
PAY003900,O003900,Debit Card,12216.76,2024-02-22
PAY003901,O003901,Net Banking,2618.05,2024-03-04
PAY003902,O003902,UPI,156.01,2023-01-02
PAY003903,O003903,Debit Card,15944.22,2024-12-28
PAY003904,O003904,Debit Card,4355.59,2023-02-13
PAY003905,O003905,Credit Card,1175.86,2023-04-08
PAY003906,O003906,Debit Card,1006.7,2023-01-19
PAY003907,O003907,UPI,7337.48,2024-01-23
PAY003908,O003908,UPI,7966.01,2024-11-10
PAY003909,O003909,Credit Card,8392.6,2024-04-19
PAY003910,O003910,Credit Card,1883.79,2024-09-06
PAY003911,O003911,UPI,1884.6,2023-01-19
PAY003912,O003912,Credit Card,494.07,2024-01-07
PAY003913,O003913,Net Banking,254.88,2023-11-21
PAY003914,O003914,Credit Card,41505.65,2023-12-09
PAY003915,O003915,Credit Card,8318.62,2023-02-09
PAY003916,O003916,Debit Card,2815.41,2024-04-05
PAY003917,O003917,UPI,1093.82,2023-12-25
PAY003918,O003918,Credit Card,6880.34,2024-06-13
PAY003919,O003919,UPI,3117.72,2023-12-17
PAY003920,O003920,Credit Card,24834.48,2023-04-01
PAY003921,O003921,Credit Card,30736.58,2024-04-19
PAY003922,O003922,UPI,60501.42,2023-05-02
PAY003923,O003923,UPI,559.71,2024-10-20
PAY003924,O003924,UPI,1827.29,2024-03-03
PAY003925,O003925,Credit Card,467.06,2023-05-07
PAY003926,O003926,UPI,5582.48,2024-12-11
PAY003927,O003927,UPI,585.84,2023-12-05
PAY003928,O003928,Debit Card,1236.92,2023-02-23
PAY003929,O003929,UPI,1816.2,2024-03-11
PAY003930,O003930,Credit Card,4383.72,2023-07-26
PAY003931,O003931,Cash on Delivery,5940.91,2024-08-21
PAY003932,O003932,Net Banking,71428.52,2024-09-20
PAY003933,O003933,UPI,4808.79,2024-12-06
PAY003934,O003934,Credit Card,1383.64,2023-12-10
PAY003935,O003935,Debit Card,30193.24,2023-11-10
PAY003936,O003936,Cash on Delivery,55680.17,2024-06-16
PAY003937,O003937,Credit Card,1328.66,2023-04-02
PAY003938,O003938,Credit Card,5250.99,2024-01-09
PAY003939,O003939,Net Banking,850.88,2024-01-12
PAY003940,O003940,UPI,1034.11,2023-03-26
PAY003941,O003941,Debit Card,1454.49,2023-11-04
PAY003942,O003942,Credit Card,5457.96,2024-10-29
PAY003943,O003943,Cash on Delivery,17238.77,2024-10-24
PAY003944,O003944,Cash on Delivery,31041.27,2023-03-11
PAY003945,O003945,UPI,10999.07,2023-03-17
PAY003946,O003946,UPI,21058.3,2023-07-03
PAY003947,O003947,UPI,20505.98,2024-10-09
PAY003948,O003948,UPI,1455.8,2023-04-11
PAY003949,O003949,Credit Card,8846.7,2024-05-18
PAY003950,O003950,Credit Card,556.29,2023-03-24
PAY003951,O003951,Credit Card,73368.95,2024-03-24
PAY003952,O003952,Debit Card,2265.65,2023-09-08
PAY003953,O003953,UPI,987.97,2024-07-10
PAY003954,O003954,Debit Card,2014.94,2023-06-22
PAY003955,O003955,Cash on Delivery,7410.94,2024-03-22
PAY003956,O003956,Credit Card,38762.24,2023-06-18
PAY003957,O003957,UPI,1286.29,2024-05-27
PAY003958,O003958,UPI,2051.87,2024-10-26
PAY003959,O003959,UPI,5804.8,2023-04-04
PAY003960,O003960,Net Banking,6177.4,2024-10-19
PAY003961,O003961,UPI,113.68,2024-02-04
PAY003962,O003962,Net Banking,9081.73,2023-04-02
PAY003963,O003963,Net Banking,4323.49,2023-11-20
PAY003964,O003964,Credit Card,924.88,2023-05-22
PAY003965,O003965,UPI,6194.09,2024-05-04
PAY003966,O003966,Credit Card,170.95,2024-06-03
PAY003967,O003967,Net Banking,9304.53,2023-03-24
PAY003968,O003968,UPI,6428.59,2023-12-08
PAY003969,O003969,Cash on Delivery,8469.82,2024-08-04
PAY003970,O003970,Debit Card,3965.88,2024-11-22
PAY003971,O003971,Credit Card,4054.62,2023-12-17
PAY003972,O003972,Credit Card,1042.66,2024-12-20
PAY003973,O003973,Credit Card,39433.04,2024-01-17
PAY003974,O003974,Credit Card,1691.24,2023-10-23
PAY003975,O003975,Credit Card,11814.79,2024-10-06
PAY003976,O003976,UPI,2799.98,2023-12-03
PAY003977,O003977,UPI,39466.29,2023-12-09
PAY003978,O003978,UPI,12420.42,2023-12-20
PAY003979,O003979,Credit Card,434.77,2024-10-05
PAY003980,O003980,Credit Card,4336.33,2024-09-03
PAY003981,O003981,Debit Card,5077.75,2023-10-29
PAY003982,O003982,UPI,43480.94,2023-09-08
PAY003983,O003983,UPI,4159.12,2023-12-21
PAY003984,O003984,UPI,1206.59,2024-02-20
PAY003985,O003985,UPI,4764.36,2023-06-10
PAY003986,O003986,UPI,1381.77,2024-07-08
PAY003987,O003987,Net Banking,665.2,2023-12-21
PAY003988,O003988,Debit Card,1891.51,2023-09-11
PAY003989,O003989,Cash on Delivery,37315.51,2023-03-04
PAY003990,O003990,UPI,2705.6,2023-06-17
PAY003991,O003991,Net Banking,6007.16,2024-12-25
PAY003992,O003992,Debit Card,42325.85,2023-08-22
PAY003993,O003993,Debit Card,2042.94,2023-05-15
PAY003994,O003994,Credit Card,52438.99,2023-11-22
PAY003995,O003995,Credit Card,9129.12,2023-08-20
PAY003996,O003996,Net Banking,7419.11,2023-01-23
PAY003997,O003997,Debit Card,17773.3,2023-08-27
PAY003998,O003998,Debit Card,1449.37,2024-01-12
PAY003999,O003999,UPI,239.79,2024-01-11
PAY004000,O004000,UPI,27648.84,2023-09-12
PAY004001,O004001,Cash on Delivery,8460.29,2023-11-07
PAY004002,O004002,Credit Card,13977.47,2024-12-12
PAY004003,O004003,Net Banking,35769.87,2023-10-15
PAY004004,O004004,Credit Card,189.69,2023-07-28
PAY004005,O004005,Net Banking,33994.97,2023-07-29
PAY004006,O004006,UPI,1938.22,2023-11-05
PAY004007,O004007,UPI,2681.4,2024-06-13
PAY004008,O004008,Credit Card,12968.98,2023-06-29
PAY004009,O004009,Credit Card,4514.47,2024-05-12
PAY004010,O004010,UPI,418.47,2023-01-22
PAY004011,O004011,Debit Card,2591.8,2023-11-14
PAY004012,O004012,Credit Card,10004.36,2024-07-06
PAY004013,O004013,Cash on Delivery,398.41,2023-09-04
PAY004014,O004014,UPI,58750.21,2024-01-17
PAY004015,O004015,UPI,5861.37,2023-06-08
PAY004016,O004016,Cash on Delivery,5002.18,2024-06-13
PAY004017,O004017,Debit Card,162.51,2023-02-27
PAY004018,O004018,Debit Card,8661.94,2024-10-07
PAY004019,O004019,UPI,18290.28,2023-06-25
PAY004020,O004020,Cash on Delivery,55687.8,2024-10-14
PAY004021,O004021,Net Banking,219.41,2023-09-22
PAY004022,O004022,Net Banking,1222.41,2024-05-04
PAY004023,O004023,Cash on Delivery,1434.86,2023-08-23
PAY004024,O004024,Credit Card,503.35,2024-11-10
PAY004025,O004025,Credit Card,15984.86,2023-04-17
PAY004026,O004026,Credit Card,4378.29,2023-05-16
PAY004027,O004027,Net Banking,14491.2,2023-12-12
PAY004028,O004028,Net Banking,100.76,2023-03-14
PAY004029,O004029,Debit Card,2793.37,2023-06-20
PAY004030,O004030,UPI,3632.95,2024-12-12
PAY004031,O004031,Net Banking,3021.86,2024-12-26
PAY004032,O004032,Debit Card,3269.98,2023-10-05
PAY004033,O004033,UPI,11609.69,2024-11-16
PAY004034,O004034,Credit Card,1250.58,2024-01-16
PAY004035,O004035,Cash on Delivery,9687.56,2023-07-09
PAY004036,O004036,UPI,961.34,2024-05-23
PAY004037,O004037,UPI,3443.08,2024-04-11
PAY004038,O004038,UPI,254.88,2024-12-27
PAY004039,O004039,UPI,13505.35,2023-07-12
PAY004040,O004040,UPI,26548.45,2024-04-11
PAY004041,O004041,Net Banking,7603.05,2023-02-05
PAY004042,O004042,UPI,9532.47,2023-03-19
PAY004043,O004043,Net Banking,2877.47,2023-01-17
PAY004044,O004044,UPI,1286.18,2024-12-18
PAY004045,O004045,Cash on Delivery,14464.93,2024-08-26
PAY004046,O004046,UPI,12558.5,2024-07-11
PAY004047,O004047,Debit Card,2455.12,2023-12-17
PAY004048,O004048,UPI,6446.63,2023-08-25
PAY004049,O004049,Credit Card,5226.69,2023-04-14
PAY004050,O004050,UPI,8503.76,2023-07-25
PAY004051,O004051,Credit Card,4250.82,2023-10-06
PAY004052,O004052,UPI,47784.51,2024-06-25
PAY004053,O004053,Net Banking,557.83,2024-01-09
PAY004054,O004054,UPI,3923.97,2023-03-02
PAY004055,O004055,UPI,984.44,2023-01-06
PAY004056,O004056,UPI,1112.58,2023-03-27
PAY004057,O004057,Credit Card,13554.13,2023-11-20
PAY004058,O004058,UPI,1058.27,2024-11-24
PAY004059,O004059,UPI,416.88,2024-03-07
PAY004060,O004060,Debit Card,7360.75,2024-08-08
PAY004061,O004061,UPI,3009.44,2023-11-23
PAY004062,O004062,Debit Card,39910.52,2023-09-10
PAY004063,O004063,UPI,25708.02,2023-03-11
PAY004064,O004064,Credit Card,420.61,2024-10-21
PAY004065,O004065,Cash on Delivery,4117.95,2024-07-03
PAY004066,O004066,UPI,291.02,2023-05-25
PAY004067,O004067,UPI,5403.0,2023-12-18
PAY004068,O004068,Net Banking,38495.04,2023-12-16
PAY004069,O004069,Debit Card,2755.84,2024-03-04
PAY004070,O004070,Credit Card,15958.89,2024-12-09
PAY004071,O004071,Credit Card,2979.33,2024-02-21
PAY004072,O004072,UPI,445.01,2024-01-07
PAY004073,O004073,Net Banking,7071.48,2023-02-12
PAY004074,O004074,Debit Card,353.94,2023-02-22
PAY004075,O004075,Debit Card,2159.34,2023-05-13
PAY004076,O004076,Cash on Delivery,3595.22,2023-01-20
PAY004077,O004077,Credit Card,3707.82,2024-06-21
PAY004078,O004078,Credit Card,31496.42,2024-05-20
PAY004079,O004079,Cash on Delivery,7696.02,2023-04-02
PAY004080,O004080,UPI,7655.71,2024-09-24
PAY004081,O004081,UPI,2570.32,2023-05-17
PAY004082,O004082,UPI,13866.57,2023-08-06
PAY004083,O004083,Cash on Delivery,2146.1,2023-07-04
PAY004084,O004084,Debit Card,22289.44,2023-10-12
PAY004085,O004085,UPI,27843.9,2023-07-26
PAY004086,O004086,UPI,33207.42,2023-12-13
PAY004087,O004087,UPI,2612.89,2023-10-17
PAY004088,O004088,UPI,3703.47,2024-12-27
PAY004089,O004089,Cash on Delivery,7456.3,2023-02-05
PAY004090,O004090,Debit Card,353.94,2023-04-07
PAY004091,O004091,Cash on Delivery,4249.65,2023-03-01
PAY004092,O004092,Credit Card,3397.37,2024-03-18
PAY004093,O004093,Debit Card,1690.33,2023-02-24
PAY004094,O004094,Credit Card,1073.05,2024-09-09
PAY004095,O004095,Net Banking,10486.3,2023-12-05
PAY004096,O004096,Cash on Delivery,5853.49,2023-12-12
PAY004097,O004097,Cash on Delivery,2942.83,2024-01-22
PAY004098,O004098,Credit Card,13842.64,2023-05-18
PAY004099,O004099,UPI,3107.69,2023-06-16
PAY004100,O004100,Debit Card,804.9,2023-08-23
PAY004101,O004101,UPI,18321.48,2024-02-19
PAY004102,O004102,UPI,1128.44,2023-06-08
PAY004103,O004103,UPI,2336.71,2023-04-08
PAY004104,O004104,Credit Card,597.92,2024-12-01
PAY004105,O004105,Credit Card,7258.62,2023-01-04
PAY004106,O004106,UPI,16309.67,2024-08-28
PAY004107,O004107,Credit Card,11567.27,2024-07-07
PAY004108,O004108,UPI,6693.11,2023-08-02
PAY004109,O004109,Debit Card,27374.55,2023-04-07
PAY004110,O004110,Debit Card,6174.59,2023-04-08
PAY004111,O004111,UPI,929.75,2024-05-04
PAY004112,O004112,Net Banking,1840.5,2024-03-16
PAY004113,O004113,Debit Card,1328.24,2024-07-21
PAY004114,O004114,Credit Card,541.45,2024-11-26
PAY004115,O004115,Credit Card,33834.56,2024-05-06
PAY004116,O004116,Credit Card,3853.69,2023-05-14
PAY004117,O004117,UPI,2606.73,2023-07-07
PAY004118,O004118,Debit Card,1955.95,2024-10-25
PAY004119,O004119,Credit Card,76633.89,2023-06-27
PAY004120,O004120,UPI,2019.49,2023-02-07
PAY004121,O004121,Debit Card,14743.74,2024-05-15
PAY004122,O004122,Debit Card,6755.25,2023-10-08
PAY004123,O004123,UPI,71597.68,2024-11-18
PAY004124,O004124,Net Banking,2807.47,2024-04-01
PAY004125,O004125,Credit Card,4764.36,2023-03-07
PAY004126,O004126,UPI,2705.6,2024-12-17
PAY004127,O004127,Debit Card,17812.69,2023-07-25
PAY004128,O004128,Credit Card,1291.14,2023-09-26
PAY004129,O004129,UPI,3983.93,2023-10-18
PAY004130,O004130,Net Banking,10378.06,2023-02-09
PAY004131,O004131,Net Banking,29547.59,2023-12-02
PAY004132,O004132,Net Banking,2436.83,2023-04-02
PAY004133,O004133,Credit Card,19063.44,2023-10-11
PAY004134,O004134,Net Banking,6726.44,2023-09-25
PAY004135,O004135,Net Banking,9113.37,2024-06-04
PAY004136,O004136,Cash on Delivery,4320.68,2024-08-07
PAY004137,O004137,Cash on Delivery,32212.97,2023-04-14
PAY004138,O004138,Credit Card,43629.87,2023-09-22
PAY004139,O004139,UPI,227.8,2023-10-26
PAY004140,O004140,UPI,1035.28,2023-04-10
PAY004141,O004141,Credit Card,1290.69,2024-08-08
PAY004142,O004142,Net Banking,3345.18,2024-05-25
PAY004143,O004143,Debit Card,769.02,2023-05-06
PAY004144,O004144,Net Banking,387.48,2023-09-09
PAY004145,O004145,Credit Card,368.11,2023-03-10
PAY004146,O004146,UPI,2351.72,2024-03-23
PAY004147,O004147,UPI,7690.7,2023-04-25
PAY004148,O004148,Debit Card,393.27,2024-12-03
PAY004149,O004149,Net Banking,24632.35,2024-07-13
PAY004150,O004150,Net Banking,12761.64,2023-10-17
PAY004151,O004151,Credit Card,24686.79,2024-02-16
PAY004152,O004152,Cash on Delivery,89091.36,2024-11-20
PAY004153,O004153,UPI,4414.91,2024-01-03
PAY004154,O004154,Credit Card,689.22,2023-05-23
PAY004155,O004155,UPI,861.09,2023-10-23
PAY004156,O004156,UPI,7216.03,2024-10-02
PAY004157,O004157,Cash on Delivery,2948.4,2024-03-29
PAY004158,O004158,Net Banking,7847.94,2024-04-24
PAY004159,O004159,UPI,913.24,2024-10-08
PAY004160,O004160,UPI,2294.69,2024-11-24
PAY004161,O004161,UPI,7457.79,2024-11-12
PAY004162,O004162,UPI,821.92,2023-03-12
PAY004163,O004163,Debit Card,31671.71,2024-01-06
PAY004164,O004164,Credit Card,1771.54,2024-06-12
PAY004165,O004165,Credit Card,882.91,2024-06-19
PAY004166,O004166,UPI,11133.93,2024-02-25
PAY004167,O004167,UPI,40576.64,2023-05-07
PAY004168,O004168,Credit Card,5238.15,2024-08-15
PAY004169,O004169,Net Banking,7960.61,2024-05-11
PAY004170,O004170,Cash on Delivery,9233.43,2023-03-22
PAY004171,O004171,UPI,1095.1,2023-11-14
PAY004172,O004172,UPI,13049.24,2023-05-03
PAY004173,O004173,UPI,956.67,2023-09-05
PAY004174,O004174,UPI,1147.68,2023-01-16
PAY004175,O004175,UPI,525.76,2023-10-23
PAY004176,O004176,Cash on Delivery,10989.62,2024-01-11
PAY004177,O004177,Net Banking,9625.58,2024-03-21
PAY004178,O004178,UPI,13735.61,2024-04-11
PAY004179,O004179,Credit Card,12428.45,2024-09-28
PAY004180,O004180,UPI,58219.53,2023-06-29
PAY004181,O004181,UPI,4015.09,2023-04-27
PAY004182,O004182,Debit Card,7829.05,2024-10-23
PAY004183,O004183,Credit Card,8711.18,2023-05-27
PAY004184,O004184,Credit Card,3491.52,2024-12-18
PAY004185,O004185,Net Banking,3225.59,2024-10-18
PAY004186,O004186,Debit Card,6707.66,2023-12-02
PAY004187,O004187,UPI,140.4,2024-12-23
PAY004188,O004188,Credit Card,6177.4,2023-03-08
PAY004189,O004189,UPI,280.8,2023-08-11
PAY004190,O004190,Credit Card,7225.76,2024-03-11
PAY004191,O004191,Credit Card,12238.08,2023-09-26
PAY004192,O004192,Net Banking,428.98,2024-11-14
PAY004193,O004193,Net Banking,5611.19,2023-02-28
PAY004194,O004194,Net Banking,868.09,2024-01-19
PAY004195,O004195,Credit Card,6728.94,2024-02-15
PAY004196,O004196,Debit Card,4518.29,2024-04-05
PAY004197,O004197,Net Banking,2799.05,2023-07-21
PAY004198,O004198,UPI,6113.41,2023-09-24
PAY004199,O004199,UPI,5054.56,2024-10-23
PAY004200,O004200,UPI,14005.74,2023-06-18
