customer_id,customer_name,email,city,state,signup_date,customer_segment
C00001,Aarav Rao,aarav.rao1@example.com,Hyderabad,Telangana,2022-09-08,Regular
C00002,Arjun Reddy,arjun.reddy2@example.com,Pune,Maharashtra,2023-11-24,Regular
C00003,Aditya Kulkarni,aditya.kulkarni3@example.com,Coimbatore,Tamil Nadu,2023-03-09,Regular
C00004,Aarav Gupta,aarav.gupta4@example.com,Delhi,Delhi,2022-08-12,Regular
C00005,Pari Shah,pari.shah5@example.com,Pune,Maharashtra,2022-01-28,Regular
C00006,Ishaan Agarwal,ishaan.agarwal6@example.com,Coimbatore,Tamil Nadu,2023-03-06,VIP
C00007,Myra Kulkarni,myra.kulkarni7@example.com,Pune,Maharashtra,2022-10-12,New
C00008,Amit Nair,amit.nair8@example.com,Mumbai,Maharashtra,2023-12-16,New
C00009,Ananya Rao,ananya.rao9@example.com,Nagpur,Maharashtra,2022-06-09,VIP
C00010,Amit Kapoor,amit.kapoor10@example.com,Kolkata,West Bengal,2022-04-15,Loyal
C00011,Saanvi Reddy,saanvi.reddy11@example.com,Bengaluru,Karnataka,2023-01-03,Regular
C00012,Sara Rao,sara.rao12@example.com,Surat,Gujarat,2024-04-06,Regular
C00013,Pooja Das,pooja.das13@example.com,Delhi,Delhi,2023-07-04,New
C00014,Meera Joshi,meera.joshi14@example.com,Hyderabad,Telangana,2022-03-22,New
C00015,Kabir Shah,kabir.shah15@example.com,Coimbatore,Tamil Nadu,2024-06-25,Regular
C00016,Ira Singh,ira.singh16@example.com,Surat,Gujarat,2023-12-23,Regular
C00017,Vivaan Patel,vivaan.patel17@example.com,Bengaluru,Karnataka,2024-03-02,Regular
C00018,Aditya Patel,aditya.patel18@example.com,Lucknow,Uttar Pradesh,2024-06-06,New
C00019,Saanvi Rao,saanvi.rao19@example.com,Hyderabad,Telangana,2023-04-10,VIP
C00020,Reyansh Malhotra,reyansh.malhotra20@example.com,Surat,Gujarat,2022-12-30,VIP
C00021,Karan Rao,karan.rao21@example.com,Kolkata,West Bengal,2023-12-20,Regular
C00022,Sara Nair,sara.nair22@example.com,Bengaluru,Karnataka,2023-07-01,Regular
C00023,Reyansh Das,reyansh.das23@example.com,Pune,Maharashtra,2023-01-24,New
C00024,Meera Agarwal,meera.agarwal24@example.com,Jaipur,Rajasthan,2022-08-13,Loyal
C00025,Priya Verma,priya.verma25@example.com,Aligarh,Uttar Pradesh,2022-08-23,Regular
C00026,Sunil Kapoor,sunil.kapoor26@example.com,Delhi,Delhi,2023-02-15,New
C00027,Aditya Singh,aditya.singh27@example.com,Jaipur,Rajasthan,2024-07-24,VIP
C00028,Ishaan Bose,ishaan.bose28@example.com,Aligarh,Uttar Pradesh,2023-02-10,Loyal
C00029,Arjun Rao,arjun.rao29@example.com,Patna,Bihar,2022-05-23,VIP
C00030,Pooja Agarwal,pooja.agarwal30@example.com,Pune,Maharashtra,2023-07-06,Loyal
C00031,Pooja Kulkarni,pooja.kulkarni31@example.com,Jaipur,Rajasthan,2023-03-15,Regular
C00032,Diya Patel,diya.patel32@example.com,Indore,Madhya Pradesh,2022-05-22,Regular
C00033,Anika Gupta,anika.gupta33@example.com,Chandigarh,Chandigarh,2024-02-13,VIP
C00034,Kavya Reddy,kavya.reddy34@example.com,Delhi,Delhi,2022-06-06,Loyal
C00035,Sunil Chopra,sunil.chopra35@example.com,Chennai,Tamil Nadu,2023-09-03,New
C00036,Saanvi Joshi,saanvi.joshi36@example.com,Bengaluru,Karnataka,2023-09-03,New
C00037,Pari Rao,pari.rao37@example.com,Patna,Bihar,2024-09-21,Regular
C00038,Kavya Sharma,kavya.sharma38@example.com,Coimbatore,Tamil Nadu,2023-11-28,Loyal
C00039,Karan Agarwal,karan.agarwal39@example.com,Hyderabad,Telangana,2024-02-08,VIP
C00040,Amit Kapoor,amit.kapoor40@example.com,Jaipur,Rajasthan,2022-04-25,New
C00041,Aadhya Nair,aadhya.nair41@example.com,Lucknow,Uttar Pradesh,2023-04-10,Regular
C00042,Pooja Rao,pooja.rao42@example.com,Mumbai,Maharashtra,2024-09-22,Regular
C00043,Amit Nair,amit.nair43@example.com,Chandigarh,Chandigarh,2023-06-04,VIP
C00044,Kavya Mehta,kavya.mehta44@example.com,Hyderabad,Telangana,2024-05-11,Loyal
C00045,Sara Singh,sara.singh45@example.com,Chandigarh,Chandigarh,2022-06-06,Loyal
C00046,Amit Nair,amit.nair46@example.com,Surat,Gujarat,2023-07-07,Regular
C00047,Meera Sharma,meera.sharma47@example.com,Chandigarh,Chandigarh,2023-09-06,Regular
C00048,Anika Sharma,anika.sharma48@example.com,Aligarh,Uttar Pradesh,2022-04-25,New
C00049,Nikhil Mehta,nikhil.mehta49@example.com,Surat,Gujarat,2022-09-03,New
C00050,Sai Kulkarni,sai.kulkarni50@example.com,Delhi,Delhi,2024-08-27,Loyal
C00051,Aditya Bose,aditya.bose51@example.com,Bengaluru,Karnataka,2024-04-15,Loyal
C00052,Amit Agarwal,amit.agarwal52@example.com,Bengaluru,Karnataka,2024-02-24,VIP
C00053,Arjun Bose,arjun.bose53@example.com,Ahmedabad,Gujarat,2024-08-27,VIP
C00054,Reyansh Rao,reyansh.rao54@example.com,Coimbatore,Tamil Nadu,2023-06-25,Regular
C00055,Ishaan Agarwal,ishaan.agarwal55@example.com,Nagpur,Maharashtra,2024-02-13,Loyal
C00056,Neha Mehta,neha.mehta56@example.com,Kolkata,West Bengal,2023-02-13,VIP
C00057,Myra Pillai,myra.pillai57@example.com,Surat,Gujarat,2023-04-08,Loyal
C00058,Sai Patel,sai.patel58@example.com,Hyderabad,Telangana,2022-03-07,New
C00059,Aarav Kulkarni,aarav.kulkarni59@example.com,Aligarh,Uttar Pradesh,2023-07-22,Regular
C00060,Ira Patel,ira.patel60@example.com,Pune,Maharashtra,2022-01-08,New
C00061,Neha Verma,neha.verma61@example.com,Bengaluru,Karnataka,2022-08-23,VIP
C00062,Nikhil Verma,nikhil.verma62@example.com,Bengaluru,Karnataka,2024-05-30,Regular
C00063,Aditya Pillai,aditya.pillai63@example.com,Aligarh,Uttar Pradesh,2022-09-01,New
C00064,Karan Bose,karan.bose64@example.com,Jaipur,Rajasthan,2022-08-08,Regular
C00065,Arjun Kulkarni,arjun.kulkarni65@example.com,Coimbatore,Tamil Nadu,2023-08-14,Regular
C00066,Sai Bose,sai.bose66@example.com,Kochi,Kerala,2024-04-06,Regular
C00067,Ishaan Reddy,ishaan.reddy67@example.com,Nagpur,Maharashtra,2022-04-10,New
C00068,Diya Chopra,diya.chopra68@example.com,Nagpur,Maharashtra,2023-02-25,Regular
C00069,Kavya Verma,kavya.verma69@example.com,Patna,Bihar,2023-11-21,Regular
C00070,Vivaan Joshi,vivaan.joshi70@example.com,Hyderabad,Telangana,2024-01-16,Loyal
C00071,Sunil Reddy,sunil.reddy71@example.com,Aligarh,Uttar Pradesh,2022-09-12,Regular
C00072,Ishaan Agarwal,ishaan.agarwal72@example.com,Kolkata,West Bengal,2023-04-05,Loyal
C00073,Aadhya Nair,aadhya.nair73@example.com,Ahmedabad,Gujarat,2022-10-13,Regular
C00074,Sai Gupta,sai.gupta74@example.com,Patna,Bihar,2023-03-30,Regular
C00075,Vihaan Verma,vihaan.verma75@example.com,Coimbatore,Tamil Nadu,2023-10-30,Loyal
C00076,Priya Sharma,priya.sharma76@example.com,Coimbatore,Tamil Nadu,2024-09-19,Regular
C00077,Meera Patel,meera.patel77@example.com,Bengaluru,Karnataka,2022-06-20,New
C00078,Anika Bose,anika.bose78@example.com,Nagpur,Maharashtra,2022-08-07,New
C00079,Nikhil Verma,nikhil.verma79@example.com,Indore,Madhya Pradesh,2022-06-18,Loyal
C00080,Aarav Joshi,aarav.joshi80@example.com,Indore,Madhya Pradesh,2022-09-29,Regular
C00081,Kabir Chopra,kabir.chopra81@example.com,Patna,Bihar,2023-12-15,Loyal
C00082,Karan Bose,karan.bose82@example.com,Coimbatore,Tamil Nadu,2022-06-08,New
C00083,Kabir Singh,kabir.singh83@example.com,Kolkata,West Bengal,2024-09-18,New
C00084,Ira Agarwal,ira.agarwal84@example.com,Delhi,Delhi,2022-03-04,New
C00085,Vivaan Verma,vivaan.verma85@example.com,Aligarh,Uttar Pradesh,2023-08-22,Regular
C00086,Pari Pillai,pari.pillai86@example.com,Kochi,Kerala,2022-06-11,Regular
C00087,Pari Gupta,pari.gupta87@example.com,Delhi,Delhi,2024-05-21,Regular
C00088,Aditya Shah,aditya.shah88@example.com,Chennai,Tamil Nadu,2022-03-11,Regular
C00089,Saanvi Reddy,saanvi.reddy89@example.com,Pune,Maharashtra,2024-08-22,VIP
C00090,Ira Shah,ira.shah90@example.com,Pune,Maharashtra,2022-02-10,New
C00091,Aadhya Kulkarni,aadhya.kulkarni91@example.com,Bengaluru,Karnataka,2023-08-02,Regular
C00092,Ananya Rao,ananya.rao92@example.com,Chandigarh,Chandigarh,2022-07-29,Loyal
C00093,Sai Rao,sai.rao93@example.com,Aligarh,Uttar Pradesh,2023-02-10,Regular
C00094,Karan Mehta,karan.mehta94@example.com,Ahmedabad,Gujarat,2023-04-14,Regular
C00095,Meera Gupta,meera.gupta95@example.com,Aligarh,Uttar Pradesh,2022-01-10,Loyal
C00096,Sara Kulkarni,sara.kulkarni96@example.com,Patna,Bihar,2022-04-13,VIP
C00097,Riya Singh,riya.singh97@example.com,Bengaluru,Karnataka,2023-06-03,New
C00098,Arjun Malhotra,arjun.malhotra98@example.com,Jaipur,Rajasthan,2024-06-21,VIP
C00099,Nikhil Patel,nikhil.patel99@example.com,Bengaluru,Karnataka,2023-01-14,Regular
C00100,Reyansh Das,reyansh.das100@example.com,Lucknow,Uttar Pradesh,2024-05-03,New
C00101,Neha Mehta,neha.mehta101@example.com,Coimbatore,Tamil Nadu,2023-09-19,Regular
C00102,Aarav Agarwal,aarav.agarwal102@example.com,Chandigarh,Chandigarh,2022-11-03,VIP
C00103,Nikhil Iyer,nikhil.iyer103@example.com,Hyderabad,Telangana,2022-09-28,Regular
C00104,Nikhil Reddy,nikhil.reddy104@example.com,Hyderabad,Telangana,2024-01-31,New
C00105,Arjun Rao,arjun.rao105@example.com,Coimbatore,Tamil Nadu,2022-10-16,Regular
C00106,Neha Kapoor,neha.kapoor106@example.com,Kolkata,West Bengal,2022-07-28,New
C00107,Pari Bose,pari.bose107@example.com,Jaipur,Rajasthan,2022-09-15,New
C00108,Aditya Chopra,aditya.chopra108@example.com,Delhi,Delhi,2024-04-29,New
C00109,Vivaan Sharma,vivaan.sharma109@example.com,Jaipur,Rajasthan,2022-12-08,New
C00110,Rohan Rao,rohan.rao110@example.com,Ahmedabad,Gujarat,2022-06-15,New
C00111,Riya Chopra,riya.chopra111@example.com,Patna,Bihar,2023-07-29,New
C00112,Vihaan Gupta,vihaan.gupta112@example.com,Mumbai,Maharashtra,2024-08-25,Regular
C00113,Riya Verma,riya.verma113@example.com,Ahmedabad,Gujarat,2024-05-04,New
C00114,Ira Agarwal,ira.agarwal114@example.com,Surat,Gujarat,2022-06-01,New
C00115,Arjun Verma,arjun.verma115@example.com,Nagpur,Maharashtra,2022-11-12,Loyal
C00116,Nikhil Verma,nikhil.verma116@example.com,Surat,Gujarat,2024-07-09,Regular
C00117,Ishaan Patel,ishaan.patel117@example.com,Surat,Gujarat,2023-11-14,Regular
C00118,Diya Agarwal,diya.agarwal118@example.com,Hyderabad,Telangana,2024-06-24,New
C00119,Sara Iyer,sara.iyer119@example.com,Nagpur,Maharashtra,2024-08-05,New
C00120,Kavya Nair,kavya.nair120@example.com,Pune,Maharashtra,2024-09-26,New
C00121,Nikhil Chopra,nikhil.chopra121@example.com,Chennai,Tamil Nadu,2022-01-26,New
C00122,Pooja Kapoor,pooja.kapoor122@example.com,Chennai,Tamil Nadu,2024-03-12,New
C00123,Sunil Patel,sunil.patel123@example.com,Nagpur,Maharashtra,2022-10-01,New
C00124,Sunil Reddy,sunil.reddy124@example.com,Chennai,Tamil Nadu,2023-01-27,New
C00125,Kavya Bose,kavya.bose125@example.com,Delhi,Delhi,2022-08-16,New
C00126,Priya Das,priya.das126@example.com,Kolkata,West Bengal,2022-12-25,Regular
C00127,Priya Patel,priya.patel127@example.com,Lucknow,Uttar Pradesh,2022-08-17,New
C00128,Karan Singh,karan.singh128@example.com,Mumbai,Maharashtra,2023-02-13,Regular
C00129,Krishna Gupta,krishna.gupta129@example.com,Aligarh,Uttar Pradesh,2024-09-17,Regular
C00130,Diya Pillai,diya.pillai130@example.com,Jaipur,Rajasthan,2023-02-14,Regular
C00131,Ananya Sharma,ananya.sharma131@example.com,Coimbatore,Tamil Nadu,2022-04-29,New
C00132,Reyansh Kulkarni,reyansh.kulkarni132@example.com,Jaipur,Rajasthan,2024-09-12,Loyal
C00133,Vivaan Reddy,vivaan.reddy133@example.com,Jaipur,Rajasthan,2023-09-03,Regular
C00134,Diya Kapoor,diya.kapoor134@example.com,Nagpur,Maharashtra,2023-03-23,New
C00135,Vihaan Joshi,vihaan.joshi135@example.com,Chandigarh,Chandigarh,2024-07-10,Loyal
C00136,Krishna Verma,krishna.verma136@example.com,Kolkata,West Bengal,2023-12-27,VIP
C00137,Aarav Pillai,aarav.pillai137@example.com,Nagpur,Maharashtra,2024-08-05,New
C00138,Karan Singh,karan.singh138@example.com,Coimbatore,Tamil Nadu,2023-01-08,New
C00139,Aditya Kapoor,aditya.kapoor139@example.com,Nagpur,Maharashtra,2023-10-01,Loyal
C00140,Karan Reddy,karan.reddy140@example.com,Aligarh,Uttar Pradesh,2024-01-08,Loyal
C00141,Pari Mehta,pari.mehta141@example.com,Lucknow,Uttar Pradesh,2023-11-14,New
C00142,Ananya Joshi,ananya.joshi142@example.com,Nagpur,Maharashtra,2023-12-15,New
C00143,Riya Iyer,riya.iyer143@example.com,Lucknow,Uttar Pradesh,2022-07-16,Regular
C00144,Karan Joshi,karan.joshi144@example.com,Nagpur,Maharashtra,2023-11-25,Regular
C00145,Sara Kulkarni,sara.kulkarni145@example.com,Chennai,Tamil Nadu,2022-11-05,Regular
C00146,Riya Sharma,riya.sharma146@example.com,Indore,Madhya Pradesh,2022-11-08,Regular
C00147,Ishaan Chopra,ishaan.chopra147@example.com,Lucknow,Uttar Pradesh,2024-03-15,Regular
C00148,Myra Das,myra.das148@example.com,Aligarh,Uttar Pradesh,2023-03-29,Loyal
C00149,Pari Bose,pari.bose149@example.com,Kolkata,West Bengal,2024-03-23,New
C00150,Karan Gupta,karan.gupta150@example.com,Chennai,Tamil Nadu,2022-10-18,New
C00151,Karan Shah,karan.shah151@example.com,Chandigarh,Chandigarh,2022-12-10,Loyal
C00152,Priya Patel,priya.patel152@example.com,Bengaluru,Karnataka,2023-11-20,Loyal
C00153,Sai Singh,sai.singh153@example.com,Lucknow,Uttar Pradesh,2022-05-31,Regular
C00154,Vivaan Patel,vivaan.patel154@example.com,Mumbai,Maharashtra,2023-05-02,Regular
C00155,Myra Chopra,myra.chopra155@example.com,Bengaluru,Karnataka,2024-06-26,New
C00156,Neha Joshi,neha.joshi156@example.com,Kolkata,West Bengal,2023-05-22,Regular
C00157,Sai Iyer,sai.iyer157@example.com,Indore,Madhya Pradesh,2023-11-03,Regular
C00158,Nikhil Reddy,nikhil.reddy158@example.com,Mumbai,Maharashtra,2024-03-08,New
C00159,Sai Nair,sai.nair159@example.com,Nagpur,Maharashtra,2024-04-03,New
C00160,Myra Verma,myra.verma160@example.com,Chandigarh,Chandigarh,2023-07-25,Regular
C00161,Meera Reddy,meera.reddy161@example.com,Pune,Maharashtra,2023-04-13,New
C00162,Sunil Das,sunil.das162@example.com,Ahmedabad,Gujarat,2023-11-15,New
C00163,Riya Shah,riya.shah163@example.com,Chandigarh,Chandigarh,2022-11-21,New
C00164,Sara Pillai,sara.pillai164@example.com,Patna,Bihar,2023-03-13,New
C00165,Myra Nair,myra.nair165@example.com,Coimbatore,Tamil Nadu,2024-02-01,New
C00166,Myra Rao,myra.rao166@example.com,Kochi,Kerala,2024-02-09,Loyal
C00167,Priya Rao,priya.rao167@example.com,Pune,Maharashtra,2024-02-24,Regular
C00168,Anika Patel,anika.patel168@example.com,Chandigarh,Chandigarh,2022-10-09,Regular
C00169,Aditya Mehta,aditya.mehta169@example.com,Patna,Bihar,2022-08-29,Loyal
C00170,Ananya Kapoor,ananya.kapoor170@example.com,Jaipur,Rajasthan,2024-07-03,Regular
C00171,Aditya Iyer,aditya.iyer171@example.com,Coimbatore,Tamil Nadu,2022-06-04,New
C00172,Saanvi Iyer,saanvi.iyer172@example.com,Pune,Maharashtra,2023-12-25,Regular
C00173,Aditya Chopra,aditya.chopra173@example.com,Kolkata,West Bengal,2023-02-22,Regular
C00174,Riya Das,riya.das174@example.com,Aligarh,Uttar Pradesh,2023-03-02,Loyal
C00175,Ishaan Chopra,ishaan.chopra175@example.com,Delhi,Delhi,2023-02-03,Regular
C00176,Kavya Kulkarni,kavya.kulkarni176@example.com,Mumbai,Maharashtra,2023-01-25,New
C00177,Aarav Malhotra,aarav.malhotra177@example.com,Kochi,Kerala,2022-11-02,New
C00178,Kavya Chopra,kavya.chopra178@example.com,Indore,Madhya Pradesh,2023-07-06,Regular
C00179,Sunil Shah,sunil.shah179@example.com,Coimbatore,Tamil Nadu,2024-07-08,Regular
C00180,Anika Patel,anika.patel180@example.com,Pune,Maharashtra,2022-10-07,Regular
C00181,Anika Sharma,anika.sharma181@example.com,Nagpur,Maharashtra,2023-02-03,Regular
C00182,Karan Joshi,karan.joshi182@example.com,Aligarh,Uttar Pradesh,2024-01-12,VIP
C00183,Priya Das,priya.das183@example.com,Chennai,Tamil Nadu,2024-07-30,Regular
C00184,Sara Agarwal,sara.agarwal184@example.com,Ahmedabad,Gujarat,2022-01-28,New
C00185,Ira Kulkarni,ira.kulkarni185@example.com,Indore,Madhya Pradesh,2023-11-10,New
C00186,Aditya Chopra,aditya.chopra186@example.com,Mumbai,Maharashtra,2022-05-19,New
C00187,Reyansh Verma,reyansh.verma187@example.com,Patna,Bihar,2022-09-24,New
C00188,Ananya Singh,ananya.singh188@example.com,Indore,Madhya Pradesh,2023-04-11,New
C00189,Ananya Joshi,ananya.joshi189@example.com,Aligarh,Uttar Pradesh,2022-10-12,New
C00190,Krishna Gupta,krishna.gupta190@example.com,Nagpur,Maharashtra,2023-04-27,New
C00191,Pooja Agarwal,pooja.agarwal191@example.com,Mumbai,Maharashtra,2022-02-23,New
C00192,Sai Gupta,sai.gupta192@example.com,Surat,Gujarat,2024-03-10,Loyal
C00193,Amit Sharma,amit.sharma193@example.com,Delhi,Delhi,2024-08-30,New
C00194,Ishaan Sharma,ishaan.sharma194@example.com,Pune,Maharashtra,2023-09-29,Regular
C00195,Sai Iyer,sai.iyer195@example.com,Ahmedabad,Gujarat,2023-04-30,Regular
C00196,Ira Singh,ira.singh196@example.com,Hyderabad,Telangana,2023-04-22,VIP
C00197,Amit Malhotra,amit.malhotra197@example.com,Jaipur,Rajasthan,2022-06-21,New
C00198,Amit Nair,amit.nair198@example.com,Hyderabad,Telangana,2024-09-14,Regular
C00199,Vihaan Kulkarni,vihaan.kulkarni199@example.com,Lucknow,Uttar Pradesh,2022-01-27,VIP
C00200,Ira Joshi,ira.joshi200@example.com,Lucknow,Uttar Pradesh,2023-02-11,Loyal
C00201,Aditya Kulkarni,aditya.kulkarni201@example.com,Kolkata,West Bengal,2023-12-09,Loyal
C00202,Vihaan Mehta,vihaan.mehta202@example.com,Pune,Maharashtra,2024-05-20,New
C00203,Sunil Kulkarni,sunil.kulkarni203@example.com,Hyderabad,Telangana,2024-03-12,New
C00204,Diya Agarwal,diya.agarwal204@example.com,Delhi,Delhi,2023-03-15,Regular
C00205,Aditya Pillai,aditya.pillai205@example.com,Surat,Gujarat,2023-10-26,VIP
C00206,Aarav Chopra,aarav.chopra206@example.com,Aligarh,Uttar Pradesh,2024-04-22,Regular
C00207,Vihaan Chopra,vihaan.chopra207@example.com,Kochi,Kerala,2024-09-10,Regular
C00208,Rohan Das,rohan.das208@example.com,Surat,Gujarat,2023-12-26,New
C00209,Aadhya Nair,aadhya.nair209@example.com,Ahmedabad,Gujarat,2024-01-22,Loyal
C00210,Rohan Rao,rohan.rao210@example.com,Chandigarh,Chandigarh,2023-09-23,New
C00211,Amit Bose,amit.bose211@example.com,Coimbatore,Tamil Nadu,2023-04-22,New
C00212,Priya Kulkarni,priya.kulkarni212@example.com,Nagpur,Maharashtra,2022-10-02,Regular
C00213,Kavya Patel,kavya.patel213@example.com,Aligarh,Uttar Pradesh,2024-04-30,Regular
C00214,Krishna Das,krishna.das214@example.com,Bengaluru,Karnataka,2022-09-07,New
C00215,Ira Shah,ira.shah215@example.com,Patna,Bihar,2023-11-16,New
C00216,Ananya Sharma,ananya.sharma216@example.com,Indore,Madhya Pradesh,2023-05-22,Regular
C00217,Reyansh Bose,reyansh.bose217@example.com,Aligarh,Uttar Pradesh,2022-08-06,New
C00218,Sunil Rao,sunil.rao218@example.com,Surat,Gujarat,2022-12-15,Regular
C00219,Nikhil Shah,nikhil.shah219@example.com,Jaipur,Rajasthan,2023-12-20,New
C00220,Riya Sharma,riya.sharma220@example.com,Jaipur,Rajasthan,2023-06-14,Regular
C00221,Aditya Patel,aditya.patel221@example.com,Kolkata,West Bengal,2024-01-08,Regular
C00222,Anika Agarwal,anika.agarwal222@example.com,Nagpur,Maharashtra,2024-02-16,New
C00223,Neha Bose,neha.bose223@example.com,Pune,Maharashtra,2023-10-24,New
C00224,Myra Sharma,myra.sharma224@example.com,Kochi,Kerala,2022-04-06,New
C00225,Sai Joshi,sai.joshi225@example.com,Lucknow,Uttar Pradesh,2023-12-10,New
C00226,Kabir Kulkarni,kabir.kulkarni226@example.com,Pune,Maharashtra,2023-01-13,VIP
C00227,Riya Pillai,riya.pillai227@example.com,Kochi,Kerala,2022-12-19,New
C00228,Pooja Agarwal,pooja.agarwal228@example.com,Nagpur,Maharashtra,2022-12-05,Loyal
C00229,Neha Das,neha.das229@example.com,Surat,Gujarat,2022-10-05,New
C00230,Krishna Patel,krishna.patel230@example.com,Lucknow,Uttar Pradesh,2022-05-04,Regular
C00231,Ananya Reddy,ananya.reddy231@example.com,Kolkata,West Bengal,2024-01-31,Loyal
C00232,Amit Nair,amit.nair232@example.com,Coimbatore,Tamil Nadu,2022-07-16,Regular
C00233,Pooja Bose,pooja.bose233@example.com,Kolkata,West Bengal,2022-10-11,Regular
C00234,Sara Mehta,sara.mehta234@example.com,Chandigarh,Chandigarh,2022-04-13,Regular
C00235,Kabir Patel,kabir.patel235@example.com,Kolkata,West Bengal,2023-01-05,New
C00236,Kabir Sharma,kabir.sharma236@example.com,Chennai,Tamil Nadu,2023-12-27,VIP
C00237,Arjun Rao,arjun.rao237@example.com,Coimbatore,Tamil Nadu,2022-02-16,Loyal
C00238,Riya Mehta,riya.mehta238@example.com,Delhi,Delhi,2023-12-16,VIP
C00239,Rohan Bose,rohan.bose239@example.com,Ahmedabad,Gujarat,2022-04-16,New
C00240,Ira Mehta,ira.mehta240@example.com,Mumbai,Maharashtra,2023-04-26,Loyal
C00241,Myra Kapoor,myra.kapoor241@example.com,Kochi,Kerala,2022-07-08,VIP
C00242,Krishna Bose,krishna.bose242@example.com,Delhi,Delhi,2022-04-27,New
C00243,Saanvi Bose,saanvi.bose243@example.com,Bengaluru,Karnataka,2022-03-17,New
C00244,Arjun Iyer,arjun.iyer244@example.com,Delhi,Delhi,2024-04-10,Loyal
C00245,Aditya Patel,aditya.patel245@example.com,Lucknow,Uttar Pradesh,2022-05-02,Regular
C00246,Amit Chopra,amit.chopra246@example.com,Coimbatore,Tamil Nadu,2023-09-13,Loyal
C00247,Amit Pillai,amit.pillai247@example.com,Pune,Maharashtra,2023-01-25,New
C00248,Meera Das,meera.das248@example.com,Patna,Bihar,2022-11-01,Loyal
C00249,Kabir Kulkarni,kabir.kulkarni249@example.com,Nagpur,Maharashtra,2023-09-28,New
C00250,Sara Reddy,sara.reddy250@example.com,Delhi,Delhi,2024-08-28,New
C00251,Rohan Singh,rohan.singh251@example.com,Kolkata,West Bengal,2022-09-28,New
C00252,Reyansh Patel,reyansh.patel252@example.com,Bengaluru,Karnataka,2022-06-27,Loyal
C00253,Aditya Nair,aditya.nair253@example.com,Coimbatore,Tamil Nadu,2022-01-03,Regular
C00254,Myra Shah,myra.shah254@example.com,Nagpur,Maharashtra,2023-04-27,Regular
C00255,Vivaan Patel,vivaan.patel255@example.com,Lucknow,Uttar Pradesh,2022-10-23,Regular
C00256,Neha Das,neha.das256@example.com,Lucknow,Uttar Pradesh,2022-03-14,Loyal
C00257,Meera Rao,meera.rao257@example.com,Pune,Maharashtra,2024-03-17,Regular
C00258,Aadhya Reddy,aadhya.reddy258@example.com,Kolkata,West Bengal,2023-07-12,Loyal
C00259,Rohan Iyer,rohan.iyer259@example.com,Pune,Maharashtra,2024-07-19,Regular
C00260,Priya Iyer,priya.iyer260@example.com,Jaipur,Rajasthan,2022-03-15,Regular
C00261,Reyansh Mehta,reyansh.mehta261@example.com,Delhi,Delhi,2023-09-02,Regular
C00262,Myra Reddy,myra.reddy262@example.com,Lucknow,Uttar Pradesh,2023-04-25,New
C00263,Neha Joshi,neha.joshi263@example.com,Lucknow,Uttar Pradesh,2024-08-23,Loyal
C00264,Pari Agarwal,pari.agarwal264@example.com,Jaipur,Rajasthan,2023-05-21,Regular
C00265,Aditya Shah,aditya.shah265@example.com,Patna,Bihar,2022-02-10,New
C00266,Pooja Kapoor,pooja.kapoor266@example.com,Nagpur,Maharashtra,2023-09-11,Loyal
C00267,Aarav Gupta,aarav.gupta267@example.com,Jaipur,Rajasthan,2022-08-23,Regular
C00268,Amit Rao,amit.rao268@example.com,Mumbai,Maharashtra,2023-08-14,Regular
C00269,Amit Nair,amit.nair269@example.com,Delhi,Delhi,2023-04-27,VIP
C00270,Rohan Das,rohan.das270@example.com,Chandigarh,Chandigarh,2024-07-27,Regular
C00271,Reyansh Kulkarni,reyansh.kulkarni271@example.com,Jaipur,Rajasthan,2023-03-23,New
C00272,Aditya Bose,aditya.bose272@example.com,Kochi,Kerala,2022-12-23,VIP
C00273,Ananya Kapoor,ananya.kapoor273@example.com,Nagpur,Maharashtra,2023-11-18,Regular
C00274,Kavya Nair,kavya.nair274@example.com,Hyderabad,Telangana,2022-12-04,New
C00275,Neha Bose,neha.bose275@example.com,Nagpur,Maharashtra,2022-10-23,New
C00276,Priya Agarwal,priya.agarwal276@example.com,Indore,Madhya Pradesh,2022-02-07,Loyal
C00277,Aditya Kapoor,aditya.kapoor277@example.com,Patna,Bihar,2022-09-16,Regular
C00278,Vihaan Joshi,vihaan.joshi278@example.com,Aligarh,Uttar Pradesh,2024-06-04,Regular
C00279,Priya Sharma,priya.sharma279@example.com,Chandigarh,Chandigarh,2023-11-05,Loyal
C00280,Myra Chopra,myra.chopra280@example.com,Coimbatore,Tamil Nadu,2022-02-25,Loyal
C00281,Pari Malhotra,pari.malhotra281@example.com,Kolkata,West Bengal,2023-09-30,New
C00282,Rohan Das,rohan.das282@example.com,Kochi,Kerala,2024-02-18,New
C00283,Ishaan Rao,ishaan.rao283@example.com,Delhi,Delhi,2023-07-17,New
C00284,Meera Mehta,meera.mehta284@example.com,Ahmedabad,Gujarat,2023-03-25,Loyal
C00285,Vihaan Sharma,vihaan.sharma285@example.com,Kochi,Kerala,2024-09-23,New
C00286,Neha Nair,neha.nair286@example.com,Pune,Maharashtra,2022-11-15,Regular
C00287,Aarav Agarwal,aarav.agarwal287@example.com,Coimbatore,Tamil Nadu,2023-02-22,Loyal
C00288,Sai Reddy,sai.reddy288@example.com,Bengaluru,Karnataka,2023-04-18,Loyal
C00289,Rohan Iyer,rohan.iyer289@example.com,Hyderabad,Telangana,2023-05-26,New
C00290,Pari Rao,pari.rao290@example.com,Lucknow,Uttar Pradesh,2023-03-02,Loyal
C00291,Anika Patel,anika.patel291@example.com,Kochi,Kerala,2023-04-13,New
C00292,Arjun Joshi,arjun.joshi292@example.com,Coimbatore,Tamil Nadu,2022-07-15,Loyal
C00293,Pooja Iyer,pooja.iyer293@example.com,Chandigarh,Chandigarh,2024-06-03,New
C00294,Krishna Chopra,krishna.chopra294@example.com,Bengaluru,Karnataka,2022-12-15,Regular
C00295,Krishna Sharma,krishna.sharma295@example.com,Chandigarh,Chandigarh,2022-10-17,Loyal
C00296,Priya Kulkarni,priya.kulkarni296@example.com,Lucknow,Uttar Pradesh,2023-08-17,New
C00297,Kavya Iyer,kavya.iyer297@example.com,Kochi,Kerala,2023-04-03,New
C00298,Anika Malhotra,anika.malhotra298@example.com,Coimbatore,Tamil Nadu,2022-12-07,Loyal
C00299,Amit Agarwal,amit.agarwal299@example.com,Coimbatore,Tamil Nadu,2023-01-22,Loyal
C00300,Meera Kapoor,meera.kapoor300@example.com,Patna,Bihar,2024-06-09,Regular
C00301,Neha Patel,neha.patel301@example.com,Kolkata,West Bengal,2023-08-09,Regular
C00302,Sai Chopra,sai.chopra302@example.com,Indore,Madhya Pradesh,2022-02-14,Regular
C00303,Pooja Bose,pooja.bose303@example.com,Aligarh,Uttar Pradesh,2023-12-24,New
C00304,Saanvi Iyer,saanvi.iyer304@example.com,Indore,Madhya Pradesh,2023-05-23,New
C00305,Arjun Pillai,arjun.pillai305@example.com,Delhi,Delhi,2024-09-15,New
C00306,Kavya Reddy,kavya.reddy306@example.com,Aligarh,Uttar Pradesh,2024-06-14,VIP
C00307,Vihaan Pillai,vihaan.pillai307@example.com,Patna,Bihar,2024-07-21,Regular
C00308,Aarav Iyer,aarav.iyer308@example.com,Patna,Bihar,2023-02-24,Regular
C00309,Aditya Bose,aditya.bose309@example.com,Ahmedabad,Gujarat,2024-03-11,Regular
C00310,Ananya Shah,ananya.shah310@example.com,Jaipur,Rajasthan,2023-12-11,VIP
C00311,Rohan Gupta,rohan.gupta311@example.com,Indore,Madhya Pradesh,2024-05-22,New
C00312,Kavya Agarwal,kavya.agarwal312@example.com,Aligarh,Uttar Pradesh,2023-01-25,Regular
C00313,Rohan Bose,rohan.bose313@example.com,Aligarh,Uttar Pradesh,2024-06-12,Regular
C00314,Vivaan Shah,vivaan.shah314@example.com,Coimbatore,Tamil Nadu,2022-03-12,Regular
C00315,Rohan Mehta,rohan.mehta315@example.com,Pune,Maharashtra,2022-08-21,New
C00316,Aadhya Reddy,aadhya.reddy316@example.com,Bengaluru,Karnataka,2024-02-18,Loyal
C00317,Myra Nair,myra.nair317@example.com,Hyderabad,Telangana,2023-12-12,VIP
C00318,Nikhil Sharma,nikhil.sharma318@example.com,Lucknow,Uttar Pradesh,2022-02-17,Regular
C00319,Sunil Verma,sunil.verma319@example.com,Aligarh,Uttar Pradesh,2022-10-28,Regular
C00320,Diya Chopra,diya.chopra320@example.com,Surat,Gujarat,2022-05-30,VIP
C00321,Pari Chopra,pari.chopra321@example.com,Pune,Maharashtra,2023-08-03,Loyal
C00322,Reyansh Nair,reyansh.nair322@example.com,Chennai,Tamil Nadu,2022-03-22,New
C00323,Sara Patel,sara.patel323@example.com,Indore,Madhya Pradesh,2023-05-25,Regular
C00324,Sai Das,sai.das324@example.com,Ahmedabad,Gujarat,2023-10-16,Regular
C00325,Myra Rao,myra.rao325@example.com,Jaipur,Rajasthan,2023-11-14,Regular
C00326,Nikhil Das,nikhil.das326@example.com,Mumbai,Maharashtra,2024-07-11,Loyal
C00327,Karan Agarwal,karan.agarwal327@example.com,Lucknow,Uttar Pradesh,2022-06-11,VIP
C00328,Myra Malhotra,myra.malhotra328@example.com,Bengaluru,Karnataka,2023-08-25,VIP
C00329,Rohan Chopra,rohan.chopra329@example.com,Lucknow,Uttar Pradesh,2023-12-08,Regular
C00330,Myra Mehta,myra.mehta330@example.com,Jaipur,Rajasthan,2022-07-23,New
C00331,Kavya Bose,kavya.bose331@example.com,Indore,Madhya Pradesh,2022-04-20,VIP
C00332,Saanvi Kulkarni,saanvi.kulkarni332@example.com,Pune,Maharashtra,2023-01-03,Loyal
C00333,Neha Mehta,neha.mehta333@example.com,Lucknow,Uttar Pradesh,2022-01-23,New
C00334,Krishna Sharma,krishna.sharma334@example.com,Indore,Madhya Pradesh,2023-08-03,VIP
C00335,Meera Shah,meera.shah335@example.com,Delhi,Delhi,2024-02-03,Loyal
C00336,Priya Mehta,priya.mehta336@example.com,Kochi,Kerala,2024-03-05,Regular
C00337,Sara Malhotra,sara.malhotra337@example.com,Pune,Maharashtra,2022-08-13,Regular
C00338,Sara Rao,sara.rao338@example.com,Kolkata,West Bengal,2023-11-26,Regular
C00339,Rohan Reddy,rohan.reddy339@example.com,Ahmedabad,Gujarat,2024-07-14,New
C00340,Kabir Das,kabir.das340@example.com,Delhi,Delhi,2022-02-04,New
C00341,Pooja Iyer,pooja.iyer341@example.com,Surat,Gujarat,2022-04-03,Loyal
C00342,Ananya Chopra,ananya.chopra342@example.com,Lucknow,Uttar Pradesh,2022-06-29,New
C00343,Arjun Agarwal,arjun.agarwal343@example.com,Kolkata,West Bengal,2024-06-16,New
C00344,Pari Pillai,pari.pillai344@example.com,Surat,Gujarat,2024-07-24,Regular
C00345,Priya Nair,priya.nair345@example.com,Jaipur,Rajasthan,2022-09-21,Regular
C00346,Sunil Mehta,sunil.mehta346@example.com,Kochi,Kerala,2024-02-04,VIP
C00347,Sunil Reddy,sunil.reddy347@example.com,Aligarh,Uttar Pradesh,2023-04-25,New
C00348,Arjun Patel,arjun.patel348@example.com,Bengaluru,Karnataka,2024-05-30,New
C00349,Kavya Agarwal,kavya.agarwal349@example.com,Indore,Madhya Pradesh,2023-01-10,Loyal
C00350,Sunil Joshi,sunil.joshi350@example.com,Bengaluru,Karnataka,2022-01-15,Regular
C00351,Riya Reddy,riya.reddy351@example.com,Jaipur,Rajasthan,2023-04-11,New
C00352,Karan Rao,karan.rao352@example.com,Surat,Gujarat,2023-08-22,Regular
C00353,Priya Malhotra,priya.malhotra353@example.com,Indore,Madhya Pradesh,2022-04-21,New
C00354,Anika Sharma,anika.sharma354@example.com,Pune,Maharashtra,2023-09-27,New
C00355,Ananya Shah,ananya.shah355@example.com,Coimbatore,Tamil Nadu,2022-08-15,Regular
C00356,Rohan Das,rohan.das356@example.com,Bengaluru,Karnataka,2024-07-20,Regular
C00357,Rohan Chopra,rohan.chopra357@example.com,Lucknow,Uttar Pradesh,2022-04-30,VIP
C00358,Vivaan Verma,vivaan.verma358@example.com,Ahmedabad,Gujarat,2022-11-08,Regular
C00359,Vihaan Reddy,vihaan.reddy359@example.com,Kochi,Kerala,2022-08-29,Regular
C00360,Arjun Joshi,arjun.joshi360@example.com,Coimbatore,Tamil Nadu,2023-04-10,Regular
C00361,Karan Agarwal,karan.agarwal361@example.com,Surat,Gujarat,2023-03-06,New
C00362,Nikhil Chopra,nikhil.chopra362@example.com,Ahmedabad,Gujarat,2023-11-02,Regular
C00363,Priya Bose,priya.bose363@example.com,Hyderabad,Telangana,2023-09-23,New
C00364,Krishna Verma,krishna.verma364@example.com,Nagpur,Maharashtra,2023-12-08,VIP
C00365,Ishaan Das,ishaan.das365@example.com,Surat,Gujarat,2023-04-01,New
C00366,Kavya Malhotra,kavya.malhotra366@example.com,Pune,Maharashtra,2022-04-12,Regular
C00367,Riya Malhotra,riya.malhotra367@example.com,Surat,Gujarat,2022-03-04,New
C00368,Krishna Singh,krishna.singh368@example.com,Indore,Madhya Pradesh,2024-09-18,VIP
C00369,Kavya Das,kavya.das369@example.com,Hyderabad,Telangana,2022-04-04,Regular
C00370,Rohan Shah,rohan.shah370@example.com,Kolkata,West Bengal,2024-09-21,Regular
C00371,Vivaan Kapoor,vivaan.kapoor371@example.com,Mumbai,Maharashtra,2022-09-07,New
C00372,Sunil Kulkarni,sunil.kulkarni372@example.com,Ahmedabad,Gujarat,2022-07-30,Loyal
C00373,Priya Agarwal,priya.agarwal373@example.com,Bengaluru,Karnataka,2022-08-01,New
C00374,Priya Patel,priya.patel374@example.com,Kolkata,West Bengal,2022-12-03,Loyal
C00375,Sunil Shah,sunil.shah375@example.com,Ahmedabad,Gujarat,2022-01-03,New
C00376,Kavya Iyer,kavya.iyer376@example.com,Jaipur,Rajasthan,2022-05-14,New
C00377,Krishna Nair,krishna.nair377@example.com,Coimbatore,Tamil Nadu,2022-04-23,New
C00378,Arjun Sharma,arjun.sharma378@example.com,Mumbai,Maharashtra,2023-01-02,Regular
C00379,Ira Kapoor,ira.kapoor379@example.com,Pune,Maharashtra,2022-01-17,Regular
C00380,Krishna Verma,krishna.verma380@example.com,Chennai,Tamil Nadu,2022-05-10,New
C00381,Pari Reddy,pari.reddy381@example.com,Nagpur,Maharashtra,2024-02-03,Loyal
C00382,Anika Das,anika.das382@example.com,Bengaluru,Karnataka,2024-03-07,Regular
C00383,Pari Kulkarni,pari.kulkarni383@example.com,Surat,Gujarat,2022-04-22,Regular
C00384,Pari Patel,pari.patel384@example.com,Patna,Bihar,2024-08-26,Regular
C00385,Pooja Pillai,pooja.pillai385@example.com,Delhi,Delhi,2022-11-05,Regular
C00386,Rohan Sharma,rohan.sharma386@example.com,Patna,Bihar,2022-03-04,Regular
C00387,Kavya Joshi,kavya.joshi387@example.com,Kochi,Kerala,2023-03-13,New
C00388,Anika Das,anika.das388@example.com,Hyderabad,Telangana,2022-03-17,New
C00389,Ananya Shah,ananya.shah389@example.com,Bengaluru,Karnataka,2022-06-01,Loyal
C00390,Arjun Rao,arjun.rao390@example.com,Bengaluru,Karnataka,2023-10-02,VIP
C00391,Neha Kapoor,neha.kapoor391@example.com,Coimbatore,Tamil Nadu,2023-01-26,Regular
C00392,Kabir Das,kabir.das392@example.com,Chandigarh,Chandigarh,2023-06-02,New
C00393,Vihaan Reddy,vihaan.reddy393@example.com,Nagpur,Maharashtra,2024-05-23,Regular
C00394,Pooja Singh,pooja.singh394@example.com,Coimbatore,Tamil Nadu,2023-03-17,Regular
C00395,Nikhil Patel,nikhil.patel395@example.com,Patna,Bihar,2023-02-28,New
C00396,Priya Das,priya.das396@example.com,Aligarh,Uttar Pradesh,2023-02-13,New
C00397,Pooja Reddy,pooja.reddy397@example.com,Nagpur,Maharashtra,2022-11-17,Loyal
C00398,Ananya Rao,ananya.rao398@example.com,Nagpur,Maharashtra,2023-01-19,Regular
C00399,Karan Bose,karan.bose399@example.com,Ahmedabad,Gujarat,2022-03-10,New
C00400,Priya Gupta,priya.gupta400@example.com,Bengaluru,Karnataka,2022-04-06,New
C00401,Vihaan Malhotra,vihaan.malhotra401@example.com,Nagpur,Maharashtra,2024-04-11,New
C00402,Riya Verma,riya.verma402@example.com,Ahmedabad,Gujarat,2023-08-24,Regular
C00403,Riya Kapoor,riya.kapoor403@example.com,Coimbatore,Tamil Nadu,2023-11-18,New
C00404,Aadhya Malhotra,aadhya.malhotra404@example.com,Hyderabad,Telangana,2024-06-13,New
C00405,Kavya Verma,kavya.verma405@example.com,Nagpur,Maharashtra,2024-09-18,Loyal
C00406,Sara Mehta,sara.mehta406@example.com,Lucknow,Uttar Pradesh,2022-12-27,New
C00407,Ira Pillai,ira.pillai407@example.com,Hyderabad,Telangana,2022-08-06,Regular
C00408,Karan Bose,karan.bose408@example.com,Ahmedabad,Gujarat,2022-08-18,New
C00409,Diya Agarwal,diya.agarwal409@example.com,Hyderabad,Telangana,2023-01-12,New
C00410,Amit Rao,amit.rao410@example.com,Hyderabad,Telangana,2023-08-11,New
C00411,Sunil Chopra,sunil.chopra411@example.com,Pune,Maharashtra,2024-05-15,Loyal
C00412,Amit Shah,amit.shah412@example.com,Coimbatore,Tamil Nadu,2023-09-21,Loyal
C00413,Aarav Shah,aarav.shah413@example.com,Coimbatore,Tamil Nadu,2024-08-09,Loyal
C00414,Aarav Nair,aarav.nair414@example.com,Jaipur,Rajasthan,2022-10-07,Regular
C00415,Meera Kapoor,meera.kapoor415@example.com,Lucknow,Uttar Pradesh,2022-12-26,Regular
C00416,Reyansh Iyer,reyansh.iyer416@example.com,Mumbai,Maharashtra,2023-08-03,New
C00417,Aditya Iyer,aditya.iyer417@example.com,Indore,Madhya Pradesh,2024-01-29,New
C00418,Aditya Pillai,aditya.pillai418@example.com,Mumbai,Maharashtra,2022-08-09,Loyal
C00419,Aadhya Das,aadhya.das419@example.com,Indore,Madhya Pradesh,2022-12-16,New
C00420,Diya Mehta,diya.mehta420@example.com,Chennai,Tamil Nadu,2024-01-09,New
C00421,Amit Kulkarni,amit.kulkarni421@example.com,Aligarh,Uttar Pradesh,2023-09-03,New
C00422,Nikhil Verma,nikhil.verma422@example.com,Bengaluru,Karnataka,2022-06-09,New
C00423,Amit Shah,amit.shah423@example.com,Chennai,Tamil Nadu,2022-02-20,New
C00424,Krishna Das,krishna.das424@example.com,Bengaluru,Karnataka,2023-11-09,Regular
C00425,Anika Shah,anika.shah425@example.com,Nagpur,Maharashtra,2023-03-29,Regular
C00426,Krishna Singh,krishna.singh426@example.com,Nagpur,Maharashtra,2024-02-13,Loyal
C00427,Vihaan Malhotra,vihaan.malhotra427@example.com,Chandigarh,Chandigarh,2023-03-17,Loyal
C00428,Kabir Kulkarni,kabir.kulkarni428@example.com,Hyderabad,Telangana,2023-05-14,New
C00429,Karan Mehta,karan.mehta429@example.com,Chandigarh,Chandigarh,2022-02-16,New
C00430,Saanvi Shah,saanvi.shah430@example.com,Pune,Maharashtra,2022-02-26,Regular
C00431,Ishaan Mehta,ishaan.mehta431@example.com,Mumbai,Maharashtra,2024-08-26,Regular
C00432,Amit Iyer,amit.iyer432@example.com,Kolkata,West Bengal,2024-02-22,New
C00433,Kabir Kapoor,kabir.kapoor433@example.com,Jaipur,Rajasthan,2022-05-03,Regular
C00434,Anika Chopra,anika.chopra434@example.com,Mumbai,Maharashtra,2022-06-29,Regular
C00435,Saanvi Agarwal,saanvi.agarwal435@example.com,Ahmedabad,Gujarat,2023-12-22,Regular
C00436,Pari Agarwal,pari.agarwal436@example.com,Pune,Maharashtra,2024-05-03,Regular
C00437,Aditya Joshi,aditya.joshi437@example.com,Surat,Gujarat,2024-06-01,New
C00438,Aadhya Sharma,aadhya.sharma438@example.com,Delhi,Delhi,2023-04-16,VIP
C00439,Kavya Kapoor,kavya.kapoor439@example.com,Bengaluru,Karnataka,2023-08-13,Loyal
C00440,Ira Joshi,ira.joshi440@example.com,Nagpur,Maharashtra,2023-12-28,New
C00441,Kabir Reddy,kabir.reddy441@example.com,Nagpur,Maharashtra,2023-02-19,Loyal
C00442,Ananya Nair,ananya.nair442@example.com,Mumbai,Maharashtra,2024-03-31,Regular
C00443,Priya Malhotra,priya.malhotra443@example.com,Patna,Bihar,2022-04-01,Loyal
C00444,Kavya Reddy,kavya.reddy444@example.com,Nagpur,Maharashtra,2022-09-07,Loyal
C00445,Ira Joshi,ira.joshi445@example.com,Nagpur,Maharashtra,2023-06-21,Regular
C00446,Saanvi Mehta,saanvi.mehta446@example.com,Bengaluru,Karnataka,2024-02-03,New
C00447,Sai Kapoor,sai.kapoor447@example.com,Aligarh,Uttar Pradesh,2024-03-08,New
C00448,Aditya Pillai,aditya.pillai448@example.com,Chennai,Tamil Nadu,2023-10-11,Regular
C00449,Pari Pillai,pari.pillai449@example.com,Hyderabad,Telangana,2022-07-18,Regular
C00450,Diya Iyer,diya.iyer450@example.com,Surat,Gujarat,2022-08-30,New
C00451,Arjun Rao,arjun.rao451@example.com,Hyderabad,Telangana,2022-07-22,New
C00452,Sara Iyer,sara.iyer452@example.com,Chennai,Tamil Nadu,2024-02-18,Loyal
C00453,Reyansh Bose,reyansh.bose453@example.com,Bengaluru,Karnataka,2023-04-21,VIP
C00454,Karan Kulkarni,karan.kulkarni454@example.com,Patna,Bihar,2023-10-21,Regular
C00455,Kavya Kapoor,kavya.kapoor455@example.com,Aligarh,Uttar Pradesh,2022-06-04,New
C00456,Aditya Bose,aditya.bose456@example.com,Patna,Bihar,2023-03-29,New
C00457,Sunil Rao,sunil.rao457@example.com,Lucknow,Uttar Pradesh,2023-08-29,New
C00458,Diya Pillai,diya.pillai458@example.com,Delhi,Delhi,2022-03-17,VIP
C00459,Myra Das,myra.das459@example.com,Lucknow,Uttar Pradesh,2022-02-08,New
C00460,Diya Mehta,diya.mehta460@example.com,Delhi,Delhi,2022-03-20,Regular
C00461,Sara Shah,sara.shah461@example.com,Bengaluru,Karnataka,2023-06-04,New
C00462,Myra Kulkarni,myra.kulkarni462@example.com,Indore,Madhya Pradesh,2023-07-22,Regular
C00463,Myra Kulkarni,myra.kulkarni463@example.com,Delhi,Delhi,2023-10-30,Regular
C00464,Ananya Shah,ananya.shah464@example.com,Kolkata,West Bengal,2023-05-03,Loyal
C00465,Arjun Verma,arjun.verma465@example.com,Chandigarh,Chandigarh,2023-04-07,New
C00466,Sunil Kapoor,sunil.kapoor466@example.com,Hyderabad,Telangana,2024-01-02,New
C00467,Pari Nair,pari.nair467@example.com,Bengaluru,Karnataka,2022-02-10,New
C00468,Neha Das,neha.das468@example.com,Pune,Maharashtra,2023-03-26,VIP
C00469,Pari Shah,pari.shah469@example.com,Chandigarh,Chandigarh,2022-06-12,Loyal
C00470,Diya Mehta,diya.mehta470@example.com,Surat,Gujarat,2023-02-01,Regular
C00471,Amit Kapoor,amit.kapoor471@example.com,Nagpur,Maharashtra,2023-11-27,Regular
C00472,Sunil Kapoor,sunil.kapoor472@example.com,Delhi,Delhi,2022-03-09,Regular
C00473,Vihaan Agarwal,vihaan.agarwal473@example.com,Aligarh,Uttar Pradesh,2023-11-26,New
C00474,Kabir Rao,kabir.rao474@example.com,Indore,Madhya Pradesh,2024-01-12,VIP
C00475,Ananya Gupta,ananya.gupta475@example.com,Ahmedabad,Gujarat,2023-08-20,Regular
C00476,Meera Malhotra,meera.malhotra476@example.com,Ahmedabad,Gujarat,2022-11-14,Regular
C00477,Arjun Shah,arjun.shah477@example.com,Indore,Madhya Pradesh,2023-12-27,Regular
C00478,Kabir Agarwal,kabir.agarwal478@example.com,Bengaluru,Karnataka,2023-01-21,New
C00479,Priya Iyer,priya.iyer479@example.com,Aligarh,Uttar Pradesh,2023-11-18,New
C00480,Aditya Chopra,aditya.chopra480@example.com,Chandigarh,Chandigarh,2023-06-05,Loyal
C00481,Aarav Malhotra,aarav.malhotra481@example.com,Surat,Gujarat,2022-11-13,New
C00482,Ishaan Kapoor,ishaan.kapoor482@example.com,Chennai,Tamil Nadu,2024-08-28,Regular
C00483,Ishaan Patel,ishaan.patel483@example.com,Kochi,Kerala,2022-05-21,New
C00484,Aditya Mehta,aditya.mehta484@example.com,Ahmedabad,Gujarat,2024-05-14,Regular
C00485,Pari Agarwal,pari.agarwal485@example.com,Hyderabad,Telangana,2024-05-05,New
C00486,Vivaan Kapoor,vivaan.kapoor486@example.com,Chandigarh,Chandigarh,2024-06-16,Regular
C00487,Sara Joshi,sara.joshi487@example.com,Ahmedabad,Gujarat,2022-06-07,Loyal
C00488,Reyansh Shah,reyansh.shah488@example.com,Chennai,Tamil Nadu,2024-04-08,New
C00489,Pooja Das,pooja.das489@example.com,Chennai,Tamil Nadu,2022-02-14,Regular
C00490,Diya Patel,diya.patel490@example.com,Nagpur,Maharashtra,2024-09-19,Regular
C00491,Sara Mehta,sara.mehta491@example.com,Patna,Bihar,2024-02-10,Regular
C00492,Sai Agarwal,sai.agarwal492@example.com,Patna,Bihar,2022-09-02,VIP
C00493,Sunil Bose,sunil.bose493@example.com,Lucknow,Uttar Pradesh,2024-07-14,Loyal
C00494,Diya Kulkarni,diya.kulkarni494@example.com,Kolkata,West Bengal,2023-03-28,New
C00495,Amit Mehta,amit.mehta495@example.com,Patna,Bihar,2024-03-07,New
C00496,Pari Pillai,pari.pillai496@example.com,Indore,Madhya Pradesh,2023-03-05,New
C00497,Priya Singh,priya.singh497@example.com,Chennai,Tamil Nadu,2024-03-31,Regular
C00498,Kavya Rao,kavya.rao498@example.com,Ahmedabad,Gujarat,2022-02-23,New
C00499,Kavya Malhotra,kavya.malhotra499@example.com,Kochi,Kerala,2023-07-22,Regular
C00500,Neha Pillai,neha.pillai500@example.com,Hyderabad,Telangana,2024-05-21,Regular
C00501,Kabir Gupta,kabir.gupta501@example.com,Hyderabad,Telangana,2024-02-21,New
C00502,Krishna Das,krishna.das502@example.com,Chennai,Tamil Nadu,2024-07-16,Loyal
C00503,Arjun Chopra,arjun.chopra503@example.com,Chandigarh,Chandigarh,2022-04-04,New
C00504,Priya Das,priya.das504@example.com,Pune,Maharashtra,2024-06-24,New
C00505,Meera Sharma,meera.sharma505@example.com,Surat,Gujarat,2023-03-01,Loyal
C00506,Saanvi Pillai,saanvi.pillai506@example.com,Delhi,Delhi,2023-01-18,Regular
C00507,Saanvi Gupta,saanvi.gupta507@example.com,Pune,Maharashtra,2023-01-19,Regular
C00508,Aarav Kapoor,aarav.kapoor508@example.com,Pune,Maharashtra,2024-08-11,Regular
C00509,Priya Kapoor,priya.kapoor509@example.com,Hyderabad,Telangana,2024-03-21,New
C00510,Arjun Verma,arjun.verma510@example.com,Ahmedabad,Gujarat,2022-10-21,Loyal
C00511,Neha Iyer,neha.iyer511@example.com,Kochi,Kerala,2024-02-17,Loyal
C00512,Myra Shah,myra.shah512@example.com,Kochi,Kerala,2022-01-06,Regular
C00513,Aarav Rao,aarav.rao513@example.com,Bengaluru,Karnataka,2022-08-09,New
C00514,Riya Shah,riya.shah514@example.com,Ahmedabad,Gujarat,2023-06-25,Regular
C00515,Vihaan Mehta,vihaan.mehta515@example.com,Nagpur,Maharashtra,2022-09-01,Regular
C00516,Vihaan Verma,vihaan.verma516@example.com,Lucknow,Uttar Pradesh,2022-09-02,New
C00517,Rohan Shah,rohan.shah517@example.com,Nagpur,Maharashtra,2023-04-14,VIP
C00518,Vihaan Bose,vihaan.bose518@example.com,Bengaluru,Karnataka,2023-09-04,New
C00519,Aarav Pillai,aarav.pillai519@example.com,Coimbatore,Tamil Nadu,2023-08-12,VIP
C00520,Neha Iyer,neha.iyer520@example.com,Pune,Maharashtra,2022-10-26,Regular
C00521,Aarav Shah,aarav.shah521@example.com,Nagpur,Maharashtra,2022-12-28,New
C00522,Ira Chopra,ira.chopra522@example.com,Pune,Maharashtra,2022-07-11,Regular
C00523,Pari Malhotra,pari.malhotra523@example.com,Bengaluru,Karnataka,2022-03-11,Loyal
C00524,Riya Pillai,riya.pillai524@example.com,Chandigarh,Chandigarh,2024-03-16,Loyal
C00525,Riya Sharma,riya.sharma525@example.com,Chandigarh,Chandigarh,2023-02-04,Loyal
C00526,Vivaan Joshi,vivaan.joshi526@example.com,Kochi,Kerala,2023-01-18,Regular
C00527,Pooja Sharma,pooja.sharma527@example.com,Jaipur,Rajasthan,2023-01-01,Regular
C00528,Diya Patel,diya.patel528@example.com,Bengaluru,Karnataka,2024-01-21,Loyal
C00529,Amit Kulkarni,amit.kulkarni529@example.com,Hyderabad,Telangana,2024-01-23,New
C00530,Arjun Verma,arjun.verma530@example.com,Aligarh,Uttar Pradesh,2022-12-27,Regular
C00531,Ananya Nair,ananya.nair531@example.com,Coimbatore,Tamil Nadu,2024-04-30,New
C00532,Neha Bose,neha.bose532@example.com,Patna,Bihar,2023-10-09,VIP
C00533,Sunil Iyer,sunil.iyer533@example.com,Chennai,Tamil Nadu,2022-03-06,VIP
C00534,Vivaan Mehta,vivaan.mehta534@example.com,Patna,Bihar,2022-07-26,New
C00535,Sunil Singh,sunil.singh535@example.com,Delhi,Delhi,2024-06-26,Loyal
C00536,Ananya Mehta,ananya.mehta536@example.com,Delhi,Delhi,2023-06-12,VIP
C00537,Priya Agarwal,priya.agarwal537@example.com,Indore,Madhya Pradesh,2023-04-30,New
C00538,Vivaan Singh,vivaan.singh538@example.com,Jaipur,Rajasthan,2022-10-20,Regular
C00539,Kavya Verma,kavya.verma539@example.com,Surat,Gujarat,2024-06-05,VIP
C00540,Krishna Reddy,krishna.reddy540@example.com,Aligarh,Uttar Pradesh,2024-03-29,New
C00541,Aadhya Joshi,aadhya.joshi541@example.com,Surat,Gujarat,2024-02-01,Regular
C00542,Nikhil Joshi,nikhil.joshi542@example.com,Patna,Bihar,2022-12-14,New
C00543,Anika Bose,anika.bose543@example.com,Chennai,Tamil Nadu,2023-01-12,VIP
C00544,Krishna Gupta,krishna.gupta544@example.com,Chandigarh,Chandigarh,2024-01-15,VIP
C00545,Aditya Chopra,aditya.chopra545@example.com,Nagpur,Maharashtra,2023-09-09,VIP
C00546,Riya Mehta,riya.mehta546@example.com,Chennai,Tamil Nadu,2022-11-25,Regular
C00547,Aditya Kapoor,aditya.kapoor547@example.com,Hyderabad,Telangana,2023-11-08,Loyal
C00548,Kabir Das,kabir.das548@example.com,Lucknow,Uttar Pradesh,2023-09-10,Loyal
C00549,Reyansh Das,reyansh.das549@example.com,Nagpur,Maharashtra,2022-12-26,New
C00550,Vivaan Malhotra,vivaan.malhotra550@example.com,Patna,Bihar,2023-09-22,Loyal
C00551,Krishna Verma,krishna.verma551@example.com,Nagpur,Maharashtra,2022-03-18,New
C00552,Diya Pillai,diya.pillai552@example.com,Indore,Madhya Pradesh,2024-03-31,Regular
C00553,Aarav Iyer,aarav.iyer553@example.com,Chennai,Tamil Nadu,2024-05-19,New
C00554,Vivaan Iyer,vivaan.iyer554@example.com,Patna,Bihar,2022-03-10,New
C00555,Amit Malhotra,amit.malhotra555@example.com,Pune,Maharashtra,2023-01-06,New
C00556,Ira Verma,ira.verma556@example.com,Indore,Madhya Pradesh,2023-09-12,Regular
C00557,Karan Das,karan.das557@example.com,Ahmedabad,Gujarat,2024-08-29,New
C00558,Diya Das,diya.das558@example.com,Surat,Gujarat,2024-02-21,Loyal
C00559,Ira Iyer,ira.iyer559@example.com,Bengaluru,Karnataka,2023-06-27,New
C00560,Saanvi Kapoor,saanvi.kapoor560@example.com,Surat,Gujarat,2023-10-28,New
C00561,Sai Reddy,sai.reddy561@example.com,Jaipur,Rajasthan,2022-01-27,Regular
C00562,Anika Pillai,anika.pillai562@example.com,Chennai,Tamil Nadu,2023-02-01,Loyal
C00563,Vihaan Rao,vihaan.rao563@example.com,Coimbatore,Tamil Nadu,2024-03-04,New
C00564,Neha Das,neha.das564@example.com,Jaipur,Rajasthan,2022-08-08,Regular
C00565,Neha Bose,neha.bose565@example.com,Lucknow,Uttar Pradesh,2022-07-24,Loyal
C00566,Arjun Gupta,arjun.gupta566@example.com,Hyderabad,Telangana,2023-04-08,Regular
C00567,Nikhil Das,nikhil.das567@example.com,Chennai,Tamil Nadu,2022-03-31,New
C00568,Karan Malhotra,karan.malhotra568@example.com,Aligarh,Uttar Pradesh,2023-12-28,New
C00569,Riya Agarwal,riya.agarwal569@example.com,Bengaluru,Karnataka,2022-10-25,Loyal
C00570,Kavya Nair,kavya.nair570@example.com,Lucknow,Uttar Pradesh,2023-12-30,New
C00571,Sunil Malhotra,sunil.malhotra571@example.com,Chennai,Tamil Nadu,2023-06-05,Loyal
C00572,Vihaan Singh,vihaan.singh572@example.com,Pune,Maharashtra,2024-03-22,Regular
C00573,Sai Bose,sai.bose573@example.com,Ahmedabad,Gujarat,2022-01-27,VIP
C00574,Riya Kulkarni,riya.kulkarni574@example.com,Surat,Gujarat,2023-01-13,Loyal
C00575,Sunil Agarwal,sunil.agarwal575@example.com,Patna,Bihar,2022-05-13,VIP
C00576,Aditya Mehta,aditya.mehta576@example.com,Bengaluru,Karnataka,2023-02-12,Regular
C00577,Pari Chopra,pari.chopra577@example.com,Kochi,Kerala,2024-02-27,Loyal
C00578,Priya Kulkarni,priya.kulkarni578@example.com,Nagpur,Maharashtra,2022-03-17,Regular
C00579,Ananya Gupta,ananya.gupta579@example.com,Ahmedabad,Gujarat,2023-04-06,Regular
C00580,Karan Pillai,karan.pillai580@example.com,Patna,Bihar,2022-12-19,Regular
C00581,Nikhil Agarwal,nikhil.agarwal581@example.com,Ahmedabad,Gujarat,2023-10-18,Loyal
C00582,Amit Iyer,amit.iyer582@example.com,Chennai,Tamil Nadu,2023-03-20,VIP
C00583,Meera Verma,meera.verma583@example.com,Chandigarh,Chandigarh,2024-05-01,Loyal
C00584,Pari Iyer,pari.iyer584@example.com,Hyderabad,Telangana,2022-11-08,Regular
C00585,Reyansh Kapoor,reyansh.kapoor585@example.com,Chennai,Tamil Nadu,2024-08-15,Regular
C00586,Diya Pillai,diya.pillai586@example.com,Pune,Maharashtra,2024-07-05,Loyal
C00587,Kavya Gupta,kavya.gupta587@example.com,Lucknow,Uttar Pradesh,2022-09-14,New
C00588,Rohan Agarwal,rohan.agarwal588@example.com,Kolkata,West Bengal,2022-10-09,New
C00589,Rohan Mehta,rohan.mehta589@example.com,Ahmedabad,Gujarat,2023-09-22,Regular
C00590,Aditya Pillai,aditya.pillai590@example.com,Coimbatore,Tamil Nadu,2023-10-19,New
C00591,Ira Kulkarni,ira.kulkarni591@example.com,Chennai,Tamil Nadu,2022-06-07,New
C00592,Karan Shah,karan.shah592@example.com,Chennai,Tamil Nadu,2024-01-08,New
C00593,Priya Kulkarni,priya.kulkarni593@example.com,Aligarh,Uttar Pradesh,2022-02-12,New
C00594,Aditya Verma,aditya.verma594@example.com,Mumbai,Maharashtra,2024-08-29,New
C00595,Rohan Singh,rohan.singh595@example.com,Jaipur,Rajasthan,2024-02-25,VIP
C00596,Sara Sharma,sara.sharma596@example.com,Nagpur,Maharashtra,2023-05-25,Regular
C00597,Kabir Mehta,kabir.mehta597@example.com,Coimbatore,Tamil Nadu,2023-05-10,Regular
C00598,Sunil Joshi,sunil.joshi598@example.com,Pune,Maharashtra,2022-11-01,Regular
C00599,Aditya Verma,aditya.verma599@example.com,Patna,Bihar,2022-06-11,New
C00600,Aadhya Bose,aadhya.bose600@example.com,Patna,Bihar,2023-04-21,VIP
C00601,Ananya Shah,ananya.shah601@example.com,Kolkata,West Bengal,2022-05-28,Loyal
C00602,Kavya Kapoor,kavya.kapoor602@example.com,Aligarh,Uttar Pradesh,2024-01-22,New
C00603,Saanvi Iyer,saanvi.iyer603@example.com,Surat,Gujarat,2024-02-18,Regular
C00604,Pari Agarwal,pari.agarwal604@example.com,Surat,Gujarat,2022-04-19,Loyal
C00605,Sai Das,sai.das605@example.com,Aligarh,Uttar Pradesh,2022-05-06,VIP
C00606,Myra Patel,myra.patel606@example.com,Jaipur,Rajasthan,2022-05-25,Regular
C00607,Vivaan Mehta,vivaan.mehta607@example.com,Hyderabad,Telangana,2024-08-26,Regular
C00608,Kavya Shah,kavya.shah608@example.com,Indore,Madhya Pradesh,2023-03-05,New
C00609,Kavya Nair,kavya.nair609@example.com,Pune,Maharashtra,2024-04-13,VIP
C00610,Meera Kulkarni,meera.kulkarni610@example.com,Aligarh,Uttar Pradesh,2024-01-09,New
C00611,Ishaan Nair,ishaan.nair611@example.com,Aligarh,Uttar Pradesh,2023-05-26,VIP
C00612,Myra Bose,myra.bose612@example.com,Chandigarh,Chandigarh,2024-06-19,Regular
C00613,Anika Sharma,anika.sharma613@example.com,Lucknow,Uttar Pradesh,2022-04-03,Regular
C00614,Pari Das,pari.das614@example.com,Indore,Madhya Pradesh,2024-09-16,Regular
C00615,Ishaan Kulkarni,ishaan.kulkarni615@example.com,Pune,Maharashtra,2022-12-28,New
C00616,Vivaan Mehta,vivaan.mehta616@example.com,Delhi,Delhi,2023-05-22,New
C00617,Kabir Agarwal,kabir.agarwal617@example.com,Kochi,Kerala,2022-01-09,New
C00618,Aadhya Iyer,aadhya.iyer618@example.com,Hyderabad,Telangana,2024-06-22,New
C00619,Pooja Malhotra,pooja.malhotra619@example.com,Jaipur,Rajasthan,2024-02-22,Loyal
C00620,Diya Verma,diya.verma620@example.com,Indore,Madhya Pradesh,2023-02-15,Regular
C00621,Ira Agarwal,ira.agarwal621@example.com,Delhi,Delhi,2022-07-19,New
C00622,Riya Mehta,riya.mehta622@example.com,Surat,Gujarat,2022-03-17,VIP
C00623,Pari Das,pari.das623@example.com,Indore,Madhya Pradesh,2024-02-22,Loyal
C00624,Krishna Shah,krishna.shah624@example.com,Coimbatore,Tamil Nadu,2023-11-28,VIP
C00625,Arjun Reddy,arjun.reddy625@example.com,Hyderabad,Telangana,2023-02-08,VIP
C00626,Sunil Kapoor,sunil.kapoor626@example.com,Surat,Gujarat,2023-07-26,New
C00627,Amit Iyer,amit.iyer627@example.com,Surat,Gujarat,2022-07-23,Regular
C00628,Saanvi Pillai,saanvi.pillai628@example.com,Chandigarh,Chandigarh,2022-02-11,Loyal
C00629,Vivaan Iyer,vivaan.iyer629@example.com,Delhi,Delhi,2024-01-01,Regular
C00630,Sunil Bose,sunil.bose630@example.com,Aligarh,Uttar Pradesh,2023-06-16,New
C00631,Arjun Shah,arjun.shah631@example.com,Patna,Bihar,2024-07-03,Loyal
C00632,Arjun Kapoor,arjun.kapoor632@example.com,Chandigarh,Chandigarh,2024-08-11,New
C00633,Reyansh Joshi,reyansh.joshi633@example.com,Aligarh,Uttar Pradesh,2023-09-24,New
C00634,Ira Kapoor,ira.kapoor634@example.com,Lucknow,Uttar Pradesh,2023-06-04,Regular
C00635,Riya Bose,riya.bose635@example.com,Chandigarh,Chandigarh,2023-12-27,Regular
C00636,Anika Sharma,anika.sharma636@example.com,Lucknow,Uttar Pradesh,2023-01-13,Regular
C00637,Karan Reddy,karan.reddy637@example.com,Aligarh,Uttar Pradesh,2024-09-30,New
C00638,Ira Mehta,ira.mehta638@example.com,Nagpur,Maharashtra,2024-03-26,Loyal
C00639,Sara Bose,sara.bose639@example.com,Mumbai,Maharashtra,2022-09-29,New
C00640,Pooja Verma,pooja.verma640@example.com,Pune,Maharashtra,2023-08-21,New
C00641,Reyansh Pillai,reyansh.pillai641@example.com,Kochi,Kerala,2023-10-07,Loyal
C00642,Arjun Patel,arjun.patel642@example.com,Indore,Madhya Pradesh,2022-02-02,VIP
C00643,Ishaan Sharma,ishaan.sharma643@example.com,Hyderabad,Telangana,2023-03-28,Loyal
C00644,Aadhya Iyer,aadhya.iyer644@example.com,Aligarh,Uttar Pradesh,2023-02-27,Loyal
C00645,Aadhya Pillai,aadhya.pillai645@example.com,Kolkata,West Bengal,2024-03-04,Regular
C00646,Kavya Verma,kavya.verma646@example.com,Kochi,Kerala,2023-12-24,Regular
C00647,Pari Singh,pari.singh647@example.com,Ahmedabad,Gujarat,2023-07-29,New
C00648,Karan Bose,karan.bose648@example.com,Aligarh,Uttar Pradesh,2023-06-23,Regular
C00649,Ananya Nair,ananya.nair649@example.com,Indore,Madhya Pradesh,2023-04-16,Regular
C00650,Ananya Agarwal,ananya.agarwal650@example.com,Coimbatore,Tamil Nadu,2022-12-29,New
C00651,Sara Bose,sara.bose651@example.com,Jaipur,Rajasthan,2022-07-16,Loyal
C00652,Krishna Agarwal,krishna.agarwal652@example.com,Pune,Maharashtra,2022-11-02,Regular
C00653,Kabir Mehta,kabir.mehta653@example.com,Pune,Maharashtra,2023-12-23,New
C00654,Neha Bose,neha.bose654@example.com,Kolkata,West Bengal,2022-11-21,New
C00655,Diya Agarwal,diya.agarwal655@example.com,Kochi,Kerala,2024-08-14,Regular
C00656,Kabir Reddy,kabir.reddy656@example.com,Jaipur,Rajasthan,2023-08-11,New
C00657,Saanvi Joshi,saanvi.joshi657@example.com,Coimbatore,Tamil Nadu,2024-04-18,Loyal
C00658,Amit Iyer,amit.iyer658@example.com,Surat,Gujarat,2022-10-25,Regular
C00659,Kabir Gupta,kabir.gupta659@example.com,Delhi,Delhi,2022-12-21,Regular
C00660,Rohan Rao,rohan.rao660@example.com,Patna,Bihar,2024-02-05,Regular
C00661,Ishaan Singh,ishaan.singh661@example.com,Kochi,Kerala,2024-04-27,Loyal
C00662,Krishna Agarwal,krishna.agarwal662@example.com,Coimbatore,Tamil Nadu,2023-12-14,New
C00663,Arjun Reddy,arjun.reddy663@example.com,Jaipur,Rajasthan,2023-09-23,Regular
C00664,Sai Verma,sai.verma664@example.com,Pune,Maharashtra,2023-11-17,Regular
C00665,Sai Patel,sai.patel665@example.com,Chandigarh,Chandigarh,2022-02-23,New
C00666,Aadhya Kapoor,aadhya.kapoor666@example.com,Hyderabad,Telangana,2024-01-05,Loyal
C00667,Vihaan Iyer,vihaan.iyer667@example.com,Kochi,Kerala,2022-01-06,Loyal
C00668,Meera Nair,meera.nair668@example.com,Coimbatore,Tamil Nadu,2023-02-21,Regular
C00669,Anika Singh,anika.singh669@example.com,Kochi,Kerala,2024-02-14,Loyal
C00670,Ananya Mehta,ananya.mehta670@example.com,Lucknow,Uttar Pradesh,2023-10-24,Loyal
C00671,Meera Gupta,meera.gupta671@example.com,Delhi,Delhi,2023-10-30,Loyal
C00672,Riya Verma,riya.verma672@example.com,Pune,Maharashtra,2024-07-24,Loyal
C00673,Aadhya Nair,aadhya.nair673@example.com,Chennai,Tamil Nadu,2024-08-14,Regular
C00674,Priya Joshi,priya.joshi674@example.com,Delhi,Delhi,2024-03-17,Regular
C00675,Reyansh Mehta,reyansh.mehta675@example.com,Kochi,Kerala,2024-06-16,Regular
C00676,Aarav Mehta,aarav.mehta676@example.com,Delhi,Delhi,2023-08-05,Loyal
C00677,Meera Kapoor,meera.kapoor677@example.com,Hyderabad,Telangana,2022-10-19,New
C00678,Rohan Agarwal,rohan.agarwal678@example.com,Patna,Bihar,2023-06-21,Loyal
C00679,Nikhil Iyer,nikhil.iyer679@example.com,Kochi,Kerala,2024-05-21,Loyal
C00680,Myra Rao,myra.rao680@example.com,Chandigarh,Chandigarh,2022-07-17,New
C00681,Ananya Nair,ananya.nair681@example.com,Hyderabad,Telangana,2024-01-19,Loyal
C00682,Rohan Rao,rohan.rao682@example.com,Patna,Bihar,2024-01-06,New
C00683,Aarav Kapoor,aarav.kapoor683@example.com,Chennai,Tamil Nadu,2024-03-20,New
C00684,Ira Singh,ira.singh684@example.com,Lucknow,Uttar Pradesh,2022-06-29,Loyal
C00685,Priya Chopra,priya.chopra685@example.com,Indore,Madhya Pradesh,2023-06-12,New
C00686,Aditya Joshi,aditya.joshi686@example.com,Aligarh,Uttar Pradesh,2023-11-17,Loyal
C00687,Reyansh Iyer,reyansh.iyer687@example.com,Hyderabad,Telangana,2023-05-04,Loyal
C00688,Meera Patel,meera.patel688@example.com,Aligarh,Uttar Pradesh,2022-01-07,Regular
C00689,Saanvi Patel,saanvi.patel689@example.com,Jaipur,Rajasthan,2023-04-03,New
C00690,Ananya Mehta,ananya.mehta690@example.com,Jaipur,Rajasthan,2023-08-20,New
C00691,Krishna Malhotra,krishna.malhotra691@example.com,Mumbai,Maharashtra,2023-12-11,Regular
C00692,Vivaan Reddy,vivaan.reddy692@example.com,Pune,Maharashtra,2023-04-22,VIP
C00693,Reyansh Joshi,reyansh.joshi693@example.com,Lucknow,Uttar Pradesh,2023-12-04,Regular
C00694,Meera Mehta,meera.mehta694@example.com,Chandigarh,Chandigarh,2023-12-08,New
C00695,Rohan Mehta,rohan.mehta695@example.com,Hyderabad,Telangana,2023-01-12,Regular
C00696,Sai Iyer,sai.iyer696@example.com,Pune,Maharashtra,2023-05-05,Regular
C00697,Myra Shah,myra.shah697@example.com,Ahmedabad,Gujarat,2023-01-18,Loyal
C00698,Neha Agarwal,neha.agarwal698@example.com,Nagpur,Maharashtra,2024-07-23,New
C00699,Amit Agarwal,amit.agarwal699@example.com,Kochi,Kerala,2024-04-01,Loyal
C00700,Amit Patel,amit.patel700@example.com,Kolkata,West Bengal,2023-11-28,Regular
C00701,Pari Das,pari.das701@example.com,Bengaluru,Karnataka,2023-06-25,VIP
C00702,Aditya Kulkarni,aditya.kulkarni702@example.com,Surat,Gujarat,2022-04-25,New
C00703,Priya Agarwal,priya.agarwal703@example.com,Delhi,Delhi,2024-07-13,Regular
C00704,Ishaan Kulkarni,ishaan.kulkarni704@example.com,Chandigarh,Chandigarh,2023-07-04,VIP
C00705,Reyansh Kapoor,reyansh.kapoor705@example.com,Ahmedabad,Gujarat,2024-05-24,New
C00706,Myra Reddy,myra.reddy706@example.com,Chandigarh,Chandigarh,2023-11-28,VIP
C00707,Neha Kulkarni,neha.kulkarni707@example.com,Kolkata,West Bengal,2023-05-16,Regular
C00708,Nikhil Pillai,nikhil.pillai708@example.com,Bengaluru,Karnataka,2023-04-02,New
C00709,Myra Iyer,myra.iyer709@example.com,Delhi,Delhi,2023-06-10,New
C00710,Myra Kulkarni,myra.kulkarni710@example.com,Nagpur,Maharashtra,2022-03-01,Loyal
C00711,Myra Mehta,myra.mehta711@example.com,Coimbatore,Tamil Nadu,2024-01-11,New
C00712,Saanvi Rao,saanvi.rao712@example.com,Mumbai,Maharashtra,2024-04-16,Regular
C00713,Pooja Singh,pooja.singh713@example.com,Mumbai,Maharashtra,2023-08-16,New
C00714,Vivaan Chopra,vivaan.chopra714@example.com,Bengaluru,Karnataka,2022-12-19,Regular
C00715,Riya Verma,riya.verma715@example.com,Bengaluru,Karnataka,2024-08-15,New
C00716,Meera Bose,meera.bose716@example.com,Bengaluru,Karnataka,2022-02-02,Loyal
C00717,Aadhya Nair,aadhya.nair717@example.com,Lucknow,Uttar Pradesh,2024-02-27,VIP
C00718,Amit Chopra,amit.chopra718@example.com,Ahmedabad,Gujarat,2023-01-19,VIP
C00719,Myra Joshi,myra.joshi719@example.com,Indore,Madhya Pradesh,2023-01-20,Loyal
C00720,Karan Agarwal,karan.agarwal720@example.com,Bengaluru,Karnataka,2022-05-17,New
C00721,Vihaan Nair,vihaan.nair721@example.com,Surat,Gujarat,2023-07-05,Loyal
C00722,Pari Iyer,pari.iyer722@example.com,Indore,Madhya Pradesh,2024-01-16,New
C00723,Priya Sharma,priya.sharma723@example.com,Pune,Maharashtra,2024-02-14,New
C00724,Kabir Das,kabir.das724@example.com,Mumbai,Maharashtra,2023-11-21,New
C00725,Aadhya Agarwal,aadhya.agarwal725@example.com,Coimbatore,Tamil Nadu,2023-01-24,Regular
C00726,Sai Das,sai.das726@example.com,Pune,Maharashtra,2022-12-21,Loyal
C00727,Krishna Singh,krishna.singh727@example.com,Ahmedabad,Gujarat,2024-08-17,Regular
C00728,Vivaan Chopra,vivaan.chopra728@example.com,Hyderabad,Telangana,2023-09-22,Regular
C00729,Sai Singh,sai.singh729@example.com,Mumbai,Maharashtra,2022-03-10,New
C00730,Sara Verma,sara.verma730@example.com,Hyderabad,Telangana,2023-04-03,VIP
C00731,Sai Verma,sai.verma731@example.com,Delhi,Delhi,2023-02-16,Regular
C00732,Sai Agarwal,sai.agarwal732@example.com,Patna,Bihar,2022-08-11,Regular
C00733,Arjun Pillai,arjun.pillai733@example.com,Delhi,Delhi,2022-10-24,New
C00734,Priya Kulkarni,priya.kulkarni734@example.com,Pune,Maharashtra,2022-11-23,Loyal
C00735,Sai Mehta,sai.mehta735@example.com,Aligarh,Uttar Pradesh,2024-06-16,Regular
C00736,Karan Pillai,karan.pillai736@example.com,Ahmedabad,Gujarat,2022-08-15,New
C00737,Kabir Rao,kabir.rao737@example.com,Nagpur,Maharashtra,2022-03-04,New
C00738,Ira Nair,ira.nair738@example.com,Coimbatore,Tamil Nadu,2023-10-04,Regular
C00739,Riya Bose,riya.bose739@example.com,Nagpur,Maharashtra,2022-02-18,Regular
C00740,Rohan Joshi,rohan.joshi740@example.com,Surat,Gujarat,2024-03-15,New
C00741,Ananya Chopra,ananya.chopra741@example.com,Chandigarh,Chandigarh,2023-02-23,VIP
C00742,Kabir Joshi,kabir.joshi742@example.com,Ahmedabad,Gujarat,2022-07-08,New
C00743,Anika Patel,anika.patel743@example.com,Coimbatore,Tamil Nadu,2024-05-19,Regular
C00744,Kabir Iyer,kabir.iyer744@example.com,Pune,Maharashtra,2024-04-05,VIP
C00745,Meera Verma,meera.verma745@example.com,Patna,Bihar,2023-07-30,Regular
C00746,Aadhya Agarwal,aadhya.agarwal746@example.com,Nagpur,Maharashtra,2023-06-27,Regular
C00747,Saanvi Patel,saanvi.patel747@example.com,Ahmedabad,Gujarat,2022-09-19,Regular
C00748,Ananya Gupta,ananya.gupta748@example.com,Kolkata,West Bengal,2024-08-02,New
C00749,Kavya Malhotra,kavya.malhotra749@example.com,Patna,Bihar,2022-04-05,VIP
C00750,Pooja Singh,pooja.singh750@example.com,Coimbatore,Tamil Nadu,2022-02-22,Regular
C00751,Saanvi Shah,saanvi.shah751@example.com,Jaipur,Rajasthan,2023-09-10,Loyal
C00752,Kavya Gupta,kavya.gupta752@example.com,Delhi,Delhi,2022-07-12,New
C00753,Ishaan Bose,ishaan.bose753@example.com,Coimbatore,Tamil Nadu,2022-08-02,New
C00754,Kabir Sharma,kabir.sharma754@example.com,Aligarh,Uttar Pradesh,2022-08-05,New
C00755,Pooja Reddy,pooja.reddy755@example.com,Kolkata,West Bengal,2024-02-04,Regular
C00756,Meera Patel,meera.patel756@example.com,Kochi,Kerala,2023-12-14,Regular
C00757,Saanvi Patel,saanvi.patel757@example.com,Kolkata,West Bengal,2023-07-20,Loyal
C00758,Amit Mehta,amit.mehta758@example.com,Aligarh,Uttar Pradesh,2023-01-25,Regular
C00759,Riya Malhotra,riya.malhotra759@example.com,Patna,Bihar,2022-11-12,VIP
C00760,Diya Pillai,diya.pillai760@example.com,Jaipur,Rajasthan,2024-06-22,New
C00761,Myra Reddy,myra.reddy761@example.com,Kochi,Kerala,2024-04-02,Loyal
C00762,Amit Kapoor,amit.kapoor762@example.com,Kochi,Kerala,2024-07-25,Loyal
C00763,Diya Kapoor,diya.kapoor763@example.com,Kolkata,West Bengal,2023-02-28,Loyal
C00764,Ira Patel,ira.patel764@example.com,Delhi,Delhi,2024-01-30,Loyal
C00765,Aarav Rao,aarav.rao765@example.com,Ahmedabad,Gujarat,2023-07-21,Loyal
C00766,Kabir Iyer,kabir.iyer766@example.com,Nagpur,Maharashtra,2022-07-20,Regular
C00767,Sai Joshi,sai.joshi767@example.com,Aligarh,Uttar Pradesh,2023-08-07,New
C00768,Anika Agarwal,anika.agarwal768@example.com,Pune,Maharashtra,2023-11-02,New
C00769,Krishna Bose,krishna.bose769@example.com,Aligarh,Uttar Pradesh,2024-09-16,VIP
C00770,Myra Nair,myra.nair770@example.com,Kochi,Kerala,2024-01-21,Regular
C00771,Reyansh Iyer,reyansh.iyer771@example.com,Surat,Gujarat,2024-01-08,Loyal
C00772,Anika Nair,anika.nair772@example.com,Coimbatore,Tamil Nadu,2024-07-27,Regular
C00773,Rohan Verma,rohan.verma773@example.com,Coimbatore,Tamil Nadu,2023-06-21,New
C00774,Priya Gupta,priya.gupta774@example.com,Delhi,Delhi,2024-08-25,New
C00775,Amit Sharma,amit.sharma775@example.com,Delhi,Delhi,2023-02-27,Regular
C00776,Priya Patel,priya.patel776@example.com,Ahmedabad,Gujarat,2022-03-11,Regular
C00777,Aarav Singh,aarav.singh777@example.com,Ahmedabad,Gujarat,2023-06-02,New
C00778,Diya Verma,diya.verma778@example.com,Patna,Bihar,2023-09-25,Regular
C00779,Karan Bose,karan.bose779@example.com,Kochi,Kerala,2022-01-17,New
C00780,Riya Agarwal,riya.agarwal780@example.com,Mumbai,Maharashtra,2023-02-26,Regular
C00781,Aarav Pillai,aarav.pillai781@example.com,Mumbai,Maharashtra,2024-01-10,New
C00782,Riya Mehta,riya.mehta782@example.com,Jaipur,Rajasthan,2022-01-18,Loyal
C00783,Priya Chopra,priya.chopra783@example.com,Chandigarh,Chandigarh,2024-04-05,New
C00784,Vihaan Reddy,vihaan.reddy784@example.com,Chennai,Tamil Nadu,2023-06-21,Regular
C00785,Sai Singh,sai.singh785@example.com,Ahmedabad,Gujarat,2023-09-27,New
C00786,Krishna Malhotra,krishna.malhotra786@example.com,Chandigarh,Chandigarh,2022-10-01,New
C00787,Aditya Malhotra,aditya.malhotra787@example.com,Indore,Madhya Pradesh,2024-09-09,Regular
C00788,Myra Kulkarni,myra.kulkarni788@example.com,Indore,Madhya Pradesh,2022-09-07,Regular
C00789,Kabir Gupta,kabir.gupta789@example.com,Pune,Maharashtra,2023-11-01,Regular
C00790,Aditya Joshi,aditya.joshi790@example.com,Delhi,Delhi,2023-01-24,New
C00791,Riya Bose,riya.bose791@example.com,Indore,Madhya Pradesh,2022-02-27,Regular
C00792,Neha Nair,neha.nair792@example.com,Mumbai,Maharashtra,2022-03-26,Loyal
C00793,Kavya Chopra,kavya.chopra793@example.com,Kochi,Kerala,2023-10-23,Loyal
C00794,Ira Reddy,ira.reddy794@example.com,Aligarh,Uttar Pradesh,2024-07-05,New
C00795,Meera Verma,meera.verma795@example.com,Chandigarh,Chandigarh,2022-08-24,Regular
C00796,Nikhil Kulkarni,nikhil.kulkarni796@example.com,Kolkata,West Bengal,2023-05-02,New
C00797,Vivaan Gupta,vivaan.gupta797@example.com,Jaipur,Rajasthan,2023-12-02,New
C00798,Nikhil Agarwal,nikhil.agarwal798@example.com,Jaipur,Rajasthan,2023-08-01,VIP
C00799,Reyansh Kapoor,reyansh.kapoor799@example.com,Delhi,Delhi,2022-01-17,New
C00800,Ira Iyer,ira.iyer800@example.com,Kolkata,West Bengal,2024-02-10,Regular
C00801,Meera Gupta,meera.gupta801@example.com,Indore,Madhya Pradesh,2022-11-03,Regular
C00802,Ira Patel,ira.patel802@example.com,Chennai,Tamil Nadu,2023-08-04,Loyal
C00803,Karan Agarwal,karan.agarwal803@example.com,Indore,Madhya Pradesh,2022-12-06,Regular
C00804,Amit Iyer,amit.iyer804@example.com,Indore,Madhya Pradesh,2024-03-20,New
C00805,Pari Malhotra,pari.malhotra805@example.com,Bengaluru,Karnataka,2022-02-24,New
C00806,Aadhya Patel,aadhya.patel806@example.com,Hyderabad,Telangana,2024-05-08,Regular
C00807,Ananya Shah,ananya.shah807@example.com,Bengaluru,Karnataka,2024-02-27,New
C00808,Amit Kapoor,amit.kapoor808@example.com,Indore,Madhya Pradesh,2022-01-31,Regular
C00809,Sunil Das,sunil.das809@example.com,Jaipur,Rajasthan,2023-05-18,New
C00810,Diya Agarwal,diya.agarwal810@example.com,Pune,Maharashtra,2024-08-21,New
C00811,Aadhya Nair,aadhya.nair811@example.com,Indore,Madhya Pradesh,2023-11-28,Regular
C00812,Aditya Shah,aditya.shah812@example.com,Indore,Madhya Pradesh,2022-10-30,New
C00813,Neha Gupta,neha.gupta813@example.com,Pune,Maharashtra,2022-03-26,Regular
C00814,Arjun Joshi,arjun.joshi814@example.com,Jaipur,Rajasthan,2023-12-30,Regular
C00815,Pooja Joshi,pooja.joshi815@example.com,Ahmedabad,Gujarat,2022-11-21,Loyal
C00816,Vihaan Gupta,vihaan.gupta816@example.com,Surat,Gujarat,2022-01-06,New
C00817,Myra Malhotra,myra.malhotra817@example.com,Lucknow,Uttar Pradesh,2024-02-19,New
C00818,Vihaan Iyer,vihaan.iyer818@example.com,Jaipur,Rajasthan,2022-03-31,New
C00819,Aadhya Das,aadhya.das819@example.com,Chennai,Tamil Nadu,2023-07-25,Regular
C00820,Pari Chopra,pari.chopra820@example.com,Coimbatore,Tamil Nadu,2022-04-16,Loyal
C00821,Aditya Malhotra,aditya.malhotra821@example.com,Mumbai,Maharashtra,2023-07-22,New
C00822,Sara Shah,sara.shah822@example.com,Bengaluru,Karnataka,2024-03-14,VIP
C00823,Kavya Joshi,kavya.joshi823@example.com,Aligarh,Uttar Pradesh,2022-01-13,New
C00824,Aadhya Joshi,aadhya.joshi824@example.com,Lucknow,Uttar Pradesh,2024-03-08,Regular
C00825,Pooja Agarwal,pooja.agarwal825@example.com,Bengaluru,Karnataka,2024-07-15,Loyal
C00826,Ira Pillai,ira.pillai826@example.com,Pune,Maharashtra,2022-06-23,Loyal
C00827,Reyansh Iyer,reyansh.iyer827@example.com,Indore,Madhya Pradesh,2022-10-03,Loyal
C00828,Krishna Bose,krishna.bose828@example.com,Lucknow,Uttar Pradesh,2022-05-30,Loyal
C00829,Reyansh Chopra,reyansh.chopra829@example.com,Bengaluru,Karnataka,2022-10-10,New
C00830,Kabir Bose,kabir.bose830@example.com,Nagpur,Maharashtra,2024-03-12,Loyal
C00831,Diya Rao,diya.rao831@example.com,Bengaluru,Karnataka,2024-08-24,New
C00832,Pooja Bose,pooja.bose832@example.com,Pune,Maharashtra,2023-09-01,Loyal
C00833,Myra Reddy,myra.reddy833@example.com,Kolkata,West Bengal,2022-05-19,Regular
C00834,Aarav Joshi,aarav.joshi834@example.com,Lucknow,Uttar Pradesh,2022-12-07,Loyal
C00835,Sunil Kapoor,sunil.kapoor835@example.com,Indore,Madhya Pradesh,2023-03-27,Regular
C00836,Aadhya Shah,aadhya.shah836@example.com,Aligarh,Uttar Pradesh,2022-05-20,Regular
C00837,Ananya Shah,ananya.shah837@example.com,Lucknow,Uttar Pradesh,2024-08-28,Regular
C00838,Anika Kapoor,anika.kapoor838@example.com,Kolkata,West Bengal,2022-07-01,Loyal
C00839,Ananya Mehta,ananya.mehta839@example.com,Indore,Madhya Pradesh,2024-01-23,New
C00840,Ira Patel,ira.patel840@example.com,Kochi,Kerala,2022-11-30,New
C00841,Krishna Joshi,krishna.joshi841@example.com,Indore,Madhya Pradesh,2023-01-09,New
C00842,Meera Kulkarni,meera.kulkarni842@example.com,Hyderabad,Telangana,2022-07-24,New
C00843,Reyansh Agarwal,reyansh.agarwal843@example.com,Coimbatore,Tamil Nadu,2022-01-28,Loyal
C00844,Neha Singh,neha.singh844@example.com,Patna,Bihar,2023-03-25,New
C00845,Priya Gupta,priya.gupta845@example.com,Lucknow,Uttar Pradesh,2024-04-18,VIP
C00846,Karan Bose,karan.bose846@example.com,Nagpur,Maharashtra,2022-05-23,New
C00847,Sai Rao,sai.rao847@example.com,Lucknow,Uttar Pradesh,2023-11-06,New
C00848,Neha Chopra,neha.chopra848@example.com,Ahmedabad,Gujarat,2024-03-19,Loyal
C00849,Aditya Das,aditya.das849@example.com,Indore,Madhya Pradesh,2023-09-05,Regular
C00850,Ira Joshi,ira.joshi850@example.com,Kochi,Kerala,2023-07-02,Regular
C00851,Meera Chopra,meera.chopra851@example.com,Chandigarh,Chandigarh,2023-07-11,Regular
C00852,Sunil Malhotra,sunil.malhotra852@example.com,Delhi,Delhi,2023-12-20,Loyal
C00853,Sara Gupta,sara.gupta853@example.com,Coimbatore,Tamil Nadu,2022-04-22,New
C00854,Karan Malhotra,karan.malhotra854@example.com,Pune,Maharashtra,2022-06-20,VIP
C00855,Ira Joshi,ira.joshi855@example.com,Delhi,Delhi,2024-09-17,VIP
C00856,Sunil Chopra,sunil.chopra856@example.com,Aligarh,Uttar Pradesh,2022-04-19,Regular
C00857,Vihaan Rao,vihaan.rao857@example.com,Mumbai,Maharashtra,2022-08-16,New
C00858,Pooja Pillai,pooja.pillai858@example.com,Chandigarh,Chandigarh,2023-07-26,Regular
C00859,Myra Malhotra,myra.malhotra859@example.com,Pune,Maharashtra,2023-02-05,New
C00860,Amit Kulkarni,amit.kulkarni860@example.com,Patna,Bihar,2023-12-09,New
C00861,Arjun Malhotra,arjun.malhotra861@example.com,Chandigarh,Chandigarh,2022-01-26,New
C00862,Vihaan Mehta,vihaan.mehta862@example.com,Kochi,Kerala,2023-03-02,Regular
C00863,Vihaan Iyer,vihaan.iyer863@example.com,Bengaluru,Karnataka,2022-12-23,Loyal
C00864,Ananya Das,ananya.das864@example.com,Lucknow,Uttar Pradesh,2024-03-14,Loyal
C00865,Pari Bose,pari.bose865@example.com,Kolkata,West Bengal,2022-12-23,Loyal
C00866,Vihaan Das,vihaan.das866@example.com,Kochi,Kerala,2024-01-10,Regular
C00867,Ananya Gupta,ananya.gupta867@example.com,Patna,Bihar,2022-11-04,New
C00868,Sunil Reddy,sunil.reddy868@example.com,Delhi,Delhi,2022-01-24,Regular
C00869,Rohan Reddy,rohan.reddy869@example.com,Aligarh,Uttar Pradesh,2023-11-25,VIP
C00870,Meera Patel,meera.patel870@example.com,Chennai,Tamil Nadu,2023-06-13,New
C00871,Riya Nair,riya.nair871@example.com,Chennai,Tamil Nadu,2022-12-05,Loyal
C00872,Aadhya Das,aadhya.das872@example.com,Coimbatore,Tamil Nadu,2022-08-26,Regular
C00873,Rohan Nair,rohan.nair873@example.com,Indore,Madhya Pradesh,2022-07-10,Regular
C00874,Saanvi Sharma,saanvi.sharma874@example.com,Nagpur,Maharashtra,2024-01-26,Loyal
C00875,Myra Kulkarni,myra.kulkarni875@example.com,Kolkata,West Bengal,2023-03-16,Regular
C00876,Aarav Singh,aarav.singh876@example.com,Indore,Madhya Pradesh,2022-07-30,Loyal
C00877,Amit Gupta,amit.gupta877@example.com,Jaipur,Rajasthan,2023-08-15,VIP
C00878,Sunil Agarwal,sunil.agarwal878@example.com,Hyderabad,Telangana,2022-07-11,Regular
C00879,Ananya Singh,ananya.singh879@example.com,Surat,Gujarat,2023-04-14,New
C00880,Krishna Bose,krishna.bose880@example.com,Hyderabad,Telangana,2023-06-25,Regular
C00881,Sara Joshi,sara.joshi881@example.com,Aligarh,Uttar Pradesh,2023-09-18,VIP
C00882,Ira Reddy,ira.reddy882@example.com,Indore,Madhya Pradesh,2022-12-23,New
C00883,Kavya Das,kavya.das883@example.com,Surat,Gujarat,2023-09-25,Regular
C00884,Priya Mehta,priya.mehta884@example.com,Chennai,Tamil Nadu,2024-07-29,Regular
C00885,Karan Iyer,karan.iyer885@example.com,Bengaluru,Karnataka,2022-11-17,Loyal
C00886,Sai Mehta,sai.mehta886@example.com,Hyderabad,Telangana,2022-04-30,New
C00887,Diya Iyer,diya.iyer887@example.com,Chennai,Tamil Nadu,2023-06-08,Loyal
C00888,Aadhya Shah,aadhya.shah888@example.com,Indore,Madhya Pradesh,2022-05-22,VIP
C00889,Aadhya Nair,aadhya.nair889@example.com,Indore,Madhya Pradesh,2023-05-14,New
C00890,Neha Nair,neha.nair890@example.com,Coimbatore,Tamil Nadu,2023-07-23,New
C00891,Anika Mehta,anika.mehta891@example.com,Chennai,Tamil Nadu,2022-05-24,VIP
C00892,Ananya Das,ananya.das892@example.com,Chennai,Tamil Nadu,2023-09-27,New
C00893,Kavya Malhotra,kavya.malhotra893@example.com,Delhi,Delhi,2024-09-01,Loyal
C00894,Anika Iyer,anika.iyer894@example.com,Mumbai,Maharashtra,2022-07-19,Regular
C00895,Riya Pillai,riya.pillai895@example.com,Indore,Madhya Pradesh,2023-10-31,New
C00896,Aadhya Bose,aadhya.bose896@example.com,Kochi,Kerala,2023-03-02,Loyal
C00897,Anika Nair,anika.nair897@example.com,Patna,Bihar,2022-03-26,Regular
C00898,Sunil Patel,sunil.patel898@example.com,Mumbai,Maharashtra,2022-10-27,Regular
C00899,Krishna Patel,krishna.patel899@example.com,Delhi,Delhi,2023-07-05,Regular
C00900,Reyansh Das,reyansh.das900@example.com,Lucknow,Uttar Pradesh,2023-08-03,Regular
C00901,Riya Pillai,riya.pillai901@example.com,Kochi,Kerala,2022-04-26,New
C00902,Krishna Agarwal,krishna.agarwal902@example.com,Hyderabad,Telangana,2024-04-23,Regular
C00903,Riya Verma,riya.verma903@example.com,Surat,Gujarat,2024-02-18,VIP
C00904,Riya Singh,riya.singh904@example.com,Patna,Bihar,2023-03-12,New
C00905,Pooja Patel,pooja.patel905@example.com,Hyderabad,Telangana,2022-11-01,Regular
C00906,Myra Rao,myra.rao906@example.com,Delhi,Delhi,2022-12-23,New
C00907,Myra Reddy,myra.reddy907@example.com,Bengaluru,Karnataka,2024-03-05,Loyal
C00908,Ishaan Kulkarni,ishaan.kulkarni908@example.com,Pune,Maharashtra,2023-12-07,New
C00909,Kavya Shah,kavya.shah909@example.com,Surat,Gujarat,2023-10-10,VIP
C00910,Reyansh Shah,reyansh.shah910@example.com,Nagpur,Maharashtra,2022-05-23,Regular
C00911,Priya Singh,priya.singh911@example.com,Kolkata,West Bengal,2024-04-04,New
C00912,Ira Malhotra,ira.malhotra912@example.com,Delhi,Delhi,2023-06-30,New
C00913,Sara Agarwal,sara.agarwal913@example.com,Jaipur,Rajasthan,2022-06-22,New
C00914,Neha Mehta,neha.mehta914@example.com,Aligarh,Uttar Pradesh,2022-10-24,Regular
C00915,Kavya Pillai,kavya.pillai915@example.com,Jaipur,Rajasthan,2024-07-10,New
C00916,Arjun Chopra,arjun.chopra916@example.com,Hyderabad,Telangana,2024-07-29,Loyal
C00917,Krishna Iyer,krishna.iyer917@example.com,Delhi,Delhi,2023-12-20,Regular
C00918,Sai Iyer,sai.iyer918@example.com,Ahmedabad,Gujarat,2023-12-30,New
C00919,Priya Patel,priya.patel919@example.com,Aligarh,Uttar Pradesh,2024-02-19,Regular
C00920,Anika Iyer,anika.iyer920@example.com,Indore,Madhya Pradesh,2023-08-15,Loyal
C00921,Rohan Chopra,rohan.chopra921@example.com,Jaipur,Rajasthan,2023-01-20,New
C00922,Aditya Gupta,aditya.gupta922@example.com,Patna,Bihar,2023-02-17,New
C00923,Pooja Rao,pooja.rao923@example.com,Chandigarh,Chandigarh,2023-12-13,New
C00924,Myra Bose,myra.bose924@example.com,Surat,Gujarat,2022-12-02,Loyal
C00925,Kavya Gupta,kavya.gupta925@example.com,Mumbai,Maharashtra,2024-01-19,Regular
C00926,Rohan Malhotra,rohan.malhotra926@example.com,Patna,Bihar,2024-05-20,Regular
C00927,Sunil Agarwal,sunil.agarwal927@example.com,Bengaluru,Karnataka,2023-02-12,Loyal
C00928,Aadhya Singh,aadhya.singh928@example.com,Kolkata,West Bengal,2023-05-22,Loyal
C00929,Ananya Mehta,ananya.mehta929@example.com,Jaipur,Rajasthan,2022-12-12,Regular
C00930,Ira Iyer,ira.iyer930@example.com,Coimbatore,Tamil Nadu,2023-08-03,Loyal
C00931,Sunil Kapoor,sunil.kapoor931@example.com,Kochi,Kerala,2024-07-04,New
C00932,Vivaan Reddy,vivaan.reddy932@example.com,Delhi,Delhi,2023-10-04,New
C00933,Aarav Reddy,aarav.reddy933@example.com,Patna,Bihar,2024-08-09,New
C00934,Myra Das,myra.das934@example.com,Chennai,Tamil Nadu,2022-01-01,New
C00935,Ishaan Iyer,ishaan.iyer935@example.com,Nagpur,Maharashtra,2024-06-22,Regular
C00936,Reyansh Rao,reyansh.rao936@example.com,Lucknow,Uttar Pradesh,2022-04-06,VIP
C00937,Krishna Gupta,krishna.gupta937@example.com,Surat,Gujarat,2023-01-16,New
C00938,Vivaan Joshi,vivaan.joshi938@example.com,Chennai,Tamil Nadu,2023-10-03,New
C00939,Pooja Patel,pooja.patel939@example.com,Lucknow,Uttar Pradesh,2023-03-16,Regular
C00940,Neha Reddy,neha.reddy940@example.com,Bengaluru,Karnataka,2022-01-02,VIP
C00941,Anika Gupta,anika.gupta941@example.com,Kolkata,West Bengal,2022-05-16,New
C00942,Pari Das,pari.das942@example.com,Pune,Maharashtra,2022-01-10,Regular
C00943,Neha Kapoor,neha.kapoor943@example.com,Mumbai,Maharashtra,2024-04-16,New
C00944,Kavya Chopra,kavya.chopra944@example.com,Hyderabad,Telangana,2023-12-12,New
C00945,Anika Gupta,anika.gupta945@example.com,Ahmedabad,Gujarat,2022-08-23,VIP
C00946,Aditya Reddy,aditya.reddy946@example.com,Indore,Madhya Pradesh,2022-04-16,VIP
C00947,Diya Mehta,diya.mehta947@example.com,Aligarh,Uttar Pradesh,2022-05-21,New
C00948,Amit Iyer,amit.iyer948@example.com,Indore,Madhya Pradesh,2023-10-19,VIP
C00949,Aditya Pillai,aditya.pillai949@example.com,Ahmedabad,Gujarat,2023-07-31,Regular
C00950,Sara Nair,sara.nair950@example.com,Mumbai,Maharashtra,2023-03-27,Loyal
C00951,Pooja Singh,pooja.singh951@example.com,Surat,Gujarat,2023-10-06,Regular
C00952,Meera Chopra,meera.chopra952@example.com,Ahmedabad,Gujarat,2023-09-23,Regular
C00953,Kavya Singh,kavya.singh953@example.com,Patna,Bihar,2022-03-30,Regular
C00954,Arjun Reddy,arjun.reddy954@example.com,Hyderabad,Telangana,2023-08-27,Regular
C00955,Diya Chopra,diya.chopra955@example.com,Indore,Madhya Pradesh,2022-11-19,New
C00956,Sai Rao,sai.rao956@example.com,Ahmedabad,Gujarat,2023-10-23,New
C00957,Sai Agarwal,sai.agarwal957@example.com,Bengaluru,Karnataka,2023-09-08,New
C00958,Amit Sharma,amit.sharma958@example.com,Lucknow,Uttar Pradesh,2024-05-18,Loyal
C00959,Ishaan Pillai,ishaan.pillai959@example.com,Lucknow,Uttar Pradesh,2023-09-14,New
C00960,Ishaan Joshi,ishaan.joshi960@example.com,Chandigarh,Chandigarh,2022-10-30,Regular
C00961,Sunil Patel,sunil.patel961@example.com,Delhi,Delhi,2023-05-22,VIP
C00962,Vihaan Patel,vihaan.patel962@example.com,Indore,Madhya Pradesh,2023-05-27,New
C00963,Pari Sharma,pari.sharma963@example.com,Bengaluru,Karnataka,2023-01-05,Regular
C00964,Arjun Joshi,arjun.joshi964@example.com,Aligarh,Uttar Pradesh,2024-05-31,Regular
C00965,Diya Agarwal,diya.agarwal965@example.com,Nagpur,Maharashtra,2023-12-01,Loyal
C00966,Amit Bose,amit.bose966@example.com,Chennai,Tamil Nadu,2024-09-04,New
C00967,Aarav Kulkarni,aarav.kulkarni967@example.com,Bengaluru,Karnataka,2022-03-11,Regular
C00968,Krishna Singh,krishna.singh968@example.com,Mumbai,Maharashtra,2022-02-10,Loyal
C00969,Sunil Joshi,sunil.joshi969@example.com,Delhi,Delhi,2023-06-03,VIP
C00970,Rohan Pillai,rohan.pillai970@example.com,Lucknow,Uttar Pradesh,2024-02-25,Regular
C00971,Aadhya Joshi,aadhya.joshi971@example.com,Nagpur,Maharashtra,2022-03-26,Regular
C00972,Riya Shah,riya.shah972@example.com,Coimbatore,Tamil Nadu,2022-06-06,Regular
C00973,Aditya Mehta,aditya.mehta973@example.com,Jaipur,Rajasthan,2022-03-22,Loyal
C00974,Meera Singh,meera.singh974@example.com,Chandigarh,Chandigarh,2024-09-24,Regular
C00975,Riya Kapoor,riya.kapoor975@example.com,Ahmedabad,Gujarat,2023-02-05,New
C00976,Kabir Chopra,kabir.chopra976@example.com,Bengaluru,Karnataka,2024-01-18,VIP
C00977,Vivaan Patel,vivaan.patel977@example.com,Pune,Maharashtra,2022-03-30,Regular
C00978,Vihaan Das,vihaan.das978@example.com,Nagpur,Maharashtra,2023-09-19,Regular
C00979,Kabir Nair,kabir.nair979@example.com,Delhi,Delhi,2022-05-03,New
C00980,Neha Iyer,neha.iyer980@example.com,Mumbai,Maharashtra,2023-12-20,Regular
C00981,Reyansh Bose,reyansh.bose981@example.com,Mumbai,Maharashtra,2024-09-02,Regular
C00982,Pari Pillai,pari.pillai982@example.com,Surat,Gujarat,2024-03-12,Regular
C00983,Reyansh Malhotra,reyansh.malhotra983@example.com,Jaipur,Rajasthan,2022-05-10,New
C00984,Pooja Reddy,pooja.reddy984@example.com,Jaipur,Rajasthan,2024-02-29,Regular
C00985,Ananya Chopra,ananya.chopra985@example.com,Mumbai,Maharashtra,2022-10-06,VIP
C00986,Aditya Rao,aditya.rao986@example.com,Chandigarh,Chandigarh,2023-12-31,New
C00987,Anika Das,anika.das987@example.com,Bengaluru,Karnataka,2023-06-08,VIP
C00988,Vivaan Bose,vivaan.bose988@example.com,Surat,Gujarat,2024-05-29,Regular
C00989,Diya Nair,diya.nair989@example.com,Chennai,Tamil Nadu,2022-09-19,Loyal
C00990,Nikhil Kulkarni,nikhil.kulkarni990@example.com,Hyderabad,Telangana,2023-11-22,Loyal
C00991,Sai Pillai,sai.pillai991@example.com,Hyderabad,Telangana,2022-01-03,Regular
C00992,Kavya Sharma,kavya.sharma992@example.com,Delhi,Delhi,2022-09-08,Loyal
C00993,Anika Malhotra,anika.malhotra993@example.com,Delhi,Delhi,2023-01-28,Loyal
C00994,Reyansh Verma,reyansh.verma994@example.com,Ahmedabad,Gujarat,2023-07-21,Regular
C00995,Sai Kapoor,sai.kapoor995@example.com,Nagpur,Maharashtra,2022-09-12,New
C00996,Meera Kapoor,meera.kapoor996@example.com,Nagpur,Maharashtra,2022-10-05,Regular
C00997,Ira Malhotra,ira.malhotra997@example.com,Bengaluru,Karnataka,2022-05-03,Loyal
C00998,Karan Verma,karan.verma998@example.com,Chandigarh,Chandigarh,2022-07-03,Loyal
C00999,Sunil Pillai,sunil.pillai999@example.com,Pune,Maharashtra,2022-02-17,Loyal
C01000,Aditya Das,aditya.das1000@example.com,Indore,Madhya Pradesh,2024-06-05,Regular
C01001,Amit Mehta,amit.mehta1001@example.com,Lucknow,Uttar Pradesh,2022-12-02,Loyal
C01002,Riya Das,riya.das1002@example.com,Bengaluru,Karnataka,2022-01-09,New
C01003,Ishaan Mehta,ishaan.mehta1003@example.com,Surat,Gujarat,2023-08-01,Regular
C01004,Pooja Shah,pooja.shah1004@example.com,Lucknow,Uttar Pradesh,2022-09-06,New
C01005,Diya Kulkarni,diya.kulkarni1005@example.com,Patna,Bihar,2024-09-22,New
C01006,Amit Singh,amit.singh1006@example.com,Kochi,Kerala,2024-01-21,Regular
C01007,Amit Patel,amit.patel1007@example.com,Coimbatore,Tamil Nadu,2022-06-04,Regular
C01008,Meera Chopra,meera.chopra1008@example.com,Mumbai,Maharashtra,2022-01-25,Regular
C01009,Riya Malhotra,riya.malhotra1009@example.com,Pune,Maharashtra,2023-10-14,Regular
C01010,Ananya Sharma,ananya.sharma1010@example.com,Mumbai,Maharashtra,2024-02-17,Regular
C01011,Kavya Mehta,kavya.mehta1011@example.com,Indore,Madhya Pradesh,2022-04-17,New
C01012,Pari Patel,pari.patel1012@example.com,Kolkata,West Bengal,2023-03-06,Regular
C01013,Vivaan Iyer,vivaan.iyer1013@example.com,Kochi,Kerala,2023-12-30,New
C01014,Aditya Verma,aditya.verma1014@example.com,Jaipur,Rajasthan,2024-08-01,New
C01015,Nikhil Pillai,nikhil.pillai1015@example.com,Pune,Maharashtra,2023-02-27,Regular
C01016,Myra Gupta,myra.gupta1016@example.com,Surat,Gujarat,2023-08-18,Regular
C01017,Pari Iyer,pari.iyer1017@example.com,Hyderabad,Telangana,2023-10-15,Regular
C01018,Aditya Kulkarni,aditya.kulkarni1018@example.com,Indore,Madhya Pradesh,2023-08-05,Regular
C01019,Aadhya Iyer,aadhya.iyer1019@example.com,Delhi,Delhi,2022-08-31,Regular
C01020,Krishna Kapoor,krishna.kapoor1020@example.com,Lucknow,Uttar Pradesh,2024-08-06,Loyal
C01021,Neha Kapoor,neha.kapoor1021@example.com,Indore,Madhya Pradesh,2022-11-22,Regular
C01022,Krishna Patel,krishna.patel1022@example.com,Patna,Bihar,2022-03-18,Regular
C01023,Arjun Kulkarni,arjun.kulkarni1023@example.com,Kolkata,West Bengal,2022-04-22,New
C01024,Vihaan Nair,vihaan.nair1024@example.com,Ahmedabad,Gujarat,2023-04-06,New
C01025,Ananya Chopra,ananya.chopra1025@example.com,Patna,Bihar,2022-05-04,Regular
C01026,Diya Singh,diya.singh1026@example.com,Coimbatore,Tamil Nadu,2023-04-08,Regular
C01027,Myra Rao,myra.rao1027@example.com,Lucknow,Uttar Pradesh,2024-05-22,Regular
C01028,Aditya Nair,aditya.nair1028@example.com,Hyderabad,Telangana,2024-04-06,Regular
C01029,Priya Shah,priya.shah1029@example.com,Lucknow,Uttar Pradesh,2022-02-11,Regular
C01030,Priya Kapoor,priya.kapoor1030@example.com,Kolkata,West Bengal,2022-06-01,Loyal
C01031,Neha Patel,neha.patel1031@example.com,Bengaluru,Karnataka,2024-09-18,Loyal
C01032,Saanvi Pillai,saanvi.pillai1032@example.com,Surat,Gujarat,2022-02-20,Loyal
C01033,Krishna Nair,krishna.nair1033@example.com,Lucknow,Uttar Pradesh,2022-02-01,VIP
C01034,Kavya Das,kavya.das1034@example.com,Indore,Madhya Pradesh,2023-07-24,New
C01035,Sai Reddy,sai.reddy1035@example.com,Coimbatore,Tamil Nadu,2023-04-19,New
C01036,Sunil Iyer,sunil.iyer1036@example.com,Hyderabad,Telangana,2022-05-05,New
C01037,Vivaan Patel,vivaan.patel1037@example.com,Mumbai,Maharashtra,2022-05-14,Regular
C01038,Priya Joshi,priya.joshi1038@example.com,Kolkata,West Bengal,2023-01-17,Loyal
C01039,Ira Kulkarni,ira.kulkarni1039@example.com,Bengaluru,Karnataka,2022-09-23,New
C01040,Aarav Gupta,aarav.gupta1040@example.com,Bengaluru,Karnataka,2022-07-22,VIP
C01041,Sunil Iyer,sunil.iyer1041@example.com,Patna,Bihar,2022-04-05,New
C01042,Vihaan Verma,vihaan.verma1042@example.com,Aligarh,Uttar Pradesh,2024-08-22,VIP
C01043,Vivaan Nair,vivaan.nair1043@example.com,Patna,Bihar,2024-08-04,Regular
C01044,Priya Joshi,priya.joshi1044@example.com,Nagpur,Maharashtra,2023-05-24,New
C01045,Saanvi Chopra,saanvi.chopra1045@example.com,Mumbai,Maharashtra,2022-06-26,Regular
C01046,Ishaan Nair,ishaan.nair1046@example.com,Surat,Gujarat,2022-10-09,New
C01047,Myra Iyer,myra.iyer1047@example.com,Jaipur,Rajasthan,2022-02-05,New
C01048,Rohan Mehta,rohan.mehta1048@example.com,Pune,Maharashtra,2023-05-26,New
C01049,Nikhil Agarwal,nikhil.agarwal1049@example.com,Nagpur,Maharashtra,2023-05-06,Loyal
C01050,Aditya Rao,aditya.rao1050@example.com,Delhi,Delhi,2023-01-28,Regular
C01051,Aadhya Singh,aadhya.singh1051@example.com,Ahmedabad,Gujarat,2023-10-21,New
C01052,Sai Agarwal,sai.agarwal1052@example.com,Chandigarh,Chandigarh,2024-03-24,Regular
C01053,Saanvi Malhotra,saanvi.malhotra1053@example.com,Mumbai,Maharashtra,2023-05-07,Loyal
C01054,Sunil Bose,sunil.bose1054@example.com,Coimbatore,Tamil Nadu,2022-12-19,New
C01055,Ananya Joshi,ananya.joshi1055@example.com,Chandigarh,Chandigarh,2022-10-04,Regular
C01056,Aarav Kapoor,aarav.kapoor1056@example.com,Chennai,Tamil Nadu,2023-09-04,New
C01057,Aarav Rao,aarav.rao1057@example.com,Pune,Maharashtra,2022-03-01,New
C01058,Pari Malhotra,pari.malhotra1058@example.com,Kochi,Kerala,2024-02-25,Regular
C01059,Reyansh Reddy,reyansh.reddy1059@example.com,Pune,Maharashtra,2022-09-11,New
C01060,Krishna Agarwal,krishna.agarwal1060@example.com,Pune,Maharashtra,2024-04-15,Regular
C01061,Amit Patel,amit.patel1061@example.com,Delhi,Delhi,2023-08-13,Loyal
C01062,Diya Nair,diya.nair1062@example.com,Indore,Madhya Pradesh,2022-06-30,New
C01063,Ira Kapoor,ira.kapoor1063@example.com,Pune,Maharashtra,2024-04-05,Regular
C01064,Meera Kulkarni,meera.kulkarni1064@example.com,Surat,Gujarat,2022-01-29,New
C01065,Ira Kulkarni,ira.kulkarni1065@example.com,Surat,Gujarat,2022-05-26,VIP
C01066,Priya Bose,priya.bose1066@example.com,Kolkata,West Bengal,2023-07-10,Regular
C01067,Reyansh Bose,reyansh.bose1067@example.com,Lucknow,Uttar Pradesh,2022-02-08,Loyal
C01068,Vivaan Patel,vivaan.patel1068@example.com,Bengaluru,Karnataka,2023-09-09,Regular
C01069,Aarav Pillai,aarav.pillai1069@example.com,Pune,Maharashtra,2023-05-05,New
C01070,Ananya Shah,ananya.shah1070@example.com,Mumbai,Maharashtra,2022-07-26,Regular
C01071,Ananya Nair,ananya.nair1071@example.com,Ahmedabad,Gujarat,2024-07-29,VIP
C01072,Vivaan Sharma,vivaan.sharma1072@example.com,Aligarh,Uttar Pradesh,2022-06-01,Regular
C01073,Amit Reddy,amit.reddy1073@example.com,Ahmedabad,Gujarat,2024-05-16,Loyal
C01074,Kavya Malhotra,kavya.malhotra1074@example.com,Chandigarh,Chandigarh,2024-09-10,Loyal
C01075,Diya Joshi,diya.joshi1075@example.com,Bengaluru,Karnataka,2023-08-24,New
C01076,Ananya Mehta,ananya.mehta1076@example.com,Hyderabad,Telangana,2022-11-27,New
C01077,Reyansh Chopra,reyansh.chopra1077@example.com,Ahmedabad,Gujarat,2024-03-21,Regular
C01078,Rohan Kapoor,rohan.kapoor1078@example.com,Kochi,Kerala,2022-06-28,Regular
C01079,Neha Shah,neha.shah1079@example.com,Coimbatore,Tamil Nadu,2024-03-16,Loyal
C01080,Sai Kulkarni,sai.kulkarni1080@example.com,Surat,Gujarat,2024-04-14,VIP
C01081,Saanvi Mehta,saanvi.mehta1081@example.com,Chennai,Tamil Nadu,2024-01-22,Regular
C01082,Arjun Nair,arjun.nair1082@example.com,Lucknow,Uttar Pradesh,2024-01-17,New
C01083,Neha Kulkarni,neha.kulkarni1083@example.com,Mumbai,Maharashtra,2023-02-05,Loyal
C01084,Reyansh Shah,reyansh.shah1084@example.com,Delhi,Delhi,2022-11-22,New
C01085,Rohan Kulkarni,rohan.kulkarni1085@example.com,Pune,Maharashtra,2022-04-17,Loyal
C01086,Arjun Kapoor,arjun.kapoor1086@example.com,Kochi,Kerala,2024-02-03,Regular
C01087,Sai Malhotra,sai.malhotra1087@example.com,Bengaluru,Karnataka,2022-11-24,Regular
C01088,Rohan Gupta,rohan.gupta1088@example.com,Chennai,Tamil Nadu,2024-04-21,New
C01089,Myra Sharma,myra.sharma1089@example.com,Aligarh,Uttar Pradesh,2022-09-29,Regular
C01090,Sai Gupta,sai.gupta1090@example.com,Kolkata,West Bengal,2022-12-25,Regular
C01091,Sunil Reddy,sunil.reddy1091@example.com,Jaipur,Rajasthan,2024-01-08,Regular
C01092,Vivaan Joshi,vivaan.joshi1092@example.com,Mumbai,Maharashtra,2023-03-25,New
C01093,Reyansh Chopra,reyansh.chopra1093@example.com,Nagpur,Maharashtra,2023-05-20,Loyal
C01094,Diya Agarwal,diya.agarwal1094@example.com,Indore,Madhya Pradesh,2023-01-20,Loyal
C01095,Priya Bose,priya.bose1095@example.com,Hyderabad,Telangana,2024-03-18,New
C01096,Reyansh Das,reyansh.das1096@example.com,Pune,Maharashtra,2022-03-17,New
C01097,Kabir Sharma,kabir.sharma1097@example.com,Delhi,Delhi,2022-11-23,New
C01098,Vihaan Gupta,vihaan.gupta1098@example.com,Jaipur,Rajasthan,2022-12-17,Regular
C01099,Nikhil Joshi,nikhil.joshi1099@example.com,Chennai,Tamil Nadu,2022-06-14,Regular
C01100,Riya Gupta,riya.gupta1100@example.com,Bengaluru,Karnataka,2022-12-13,Regular
C01101,Neha Sharma,neha.sharma1101@example.com,Kochi,Kerala,2023-03-18,New
C01102,Sara Chopra,sara.chopra1102@example.com,Chennai,Tamil Nadu,2022-06-10,Regular
C01103,Vihaan Kapoor,vihaan.kapoor1103@example.com,Delhi,Delhi,2022-07-30,Regular
C01104,Aadhya Agarwal,aadhya.agarwal1104@example.com,Kolkata,West Bengal,2024-01-10,Regular
C01105,Krishna Mehta,krishna.mehta1105@example.com,Coimbatore,Tamil Nadu,2022-11-01,VIP
C01106,Vihaan Verma,vihaan.verma1106@example.com,Pune,Maharashtra,2023-02-07,New
C01107,Priya Bose,priya.bose1107@example.com,Coimbatore,Tamil Nadu,2022-06-07,Regular
C01108,Diya Sharma,diya.sharma1108@example.com,Delhi,Delhi,2023-03-14,Regular
C01109,Kabir Shah,kabir.shah1109@example.com,Bengaluru,Karnataka,2023-05-07,Regular
C01110,Vihaan Sharma,vihaan.sharma1110@example.com,Kolkata,West Bengal,2022-07-31,Loyal
C01111,Rohan Mehta,rohan.mehta1111@example.com,Chennai,Tamil Nadu,2024-09-27,Regular
C01112,Anika Reddy,anika.reddy1112@example.com,Bengaluru,Karnataka,2022-11-12,VIP
C01113,Anika Bose,anika.bose1113@example.com,Indore,Madhya Pradesh,2024-07-05,New
C01114,Aditya Agarwal,aditya.agarwal1114@example.com,Jaipur,Rajasthan,2023-02-01,New
C01115,Diya Joshi,diya.joshi1115@example.com,Chennai,Tamil Nadu,2023-01-14,Loyal
C01116,Myra Verma,myra.verma1116@example.com,Chennai,Tamil Nadu,2022-09-27,Regular
C01117,Myra Rao,myra.rao1117@example.com,Patna,Bihar,2022-08-20,New
C01118,Ira Verma,ira.verma1118@example.com,Jaipur,Rajasthan,2022-06-04,New
C01119,Aditya Malhotra,aditya.malhotra1119@example.com,Hyderabad,Telangana,2024-04-07,New
C01120,Aadhya Kulkarni,aadhya.kulkarni1120@example.com,Coimbatore,Tamil Nadu,2022-08-21,Loyal
C01121,Vivaan Joshi,vivaan.joshi1121@example.com,Coimbatore,Tamil Nadu,2024-04-18,New
C01122,Aadhya Agarwal,aadhya.agarwal1122@example.com,Chandigarh,Chandigarh,2023-12-05,New
C01123,Ira Patel,ira.patel1123@example.com,Kochi,Kerala,2023-05-03,New
C01124,Aditya Joshi,aditya.joshi1124@example.com,Lucknow,Uttar Pradesh,2024-07-13,Regular
C01125,Pari Kulkarni,pari.kulkarni1125@example.com,Delhi,Delhi,2024-07-11,New
C01126,Sunil Kulkarni,sunil.kulkarni1126@example.com,Chandigarh,Chandigarh,2023-11-25,Regular
C01127,Vihaan Das,vihaan.das1127@example.com,Ahmedabad,Gujarat,2022-06-27,New
C01128,Ishaan Singh,ishaan.singh1128@example.com,Chennai,Tamil Nadu,2022-05-10,Loyal
C01129,Aadhya Gupta,aadhya.gupta1129@example.com,Delhi,Delhi,2023-12-01,New
C01130,Ishaan Iyer,ishaan.iyer1130@example.com,Nagpur,Maharashtra,2024-05-04,Regular
C01131,Ananya Gupta,ananya.gupta1131@example.com,Jaipur,Rajasthan,2022-03-31,Loyal
C01132,Riya Joshi,riya.joshi1132@example.com,Indore,Madhya Pradesh,2023-07-20,Regular
C01133,Kavya Rao,kavya.rao1133@example.com,Aligarh,Uttar Pradesh,2023-06-17,Regular
C01134,Meera Sharma,meera.sharma1134@example.com,Patna,Bihar,2024-03-16,New
C01135,Sunil Chopra,sunil.chopra1135@example.com,Chandigarh,Chandigarh,2022-04-26,New
C01136,Arjun Iyer,arjun.iyer1136@example.com,Nagpur,Maharashtra,2023-08-04,Regular
C01137,Meera Reddy,meera.reddy1137@example.com,Hyderabad,Telangana,2023-07-31,VIP
C01138,Sunil Mehta,sunil.mehta1138@example.com,Hyderabad,Telangana,2024-06-07,Regular
C01139,Nikhil Malhotra,nikhil.malhotra1139@example.com,Coimbatore,Tamil Nadu,2024-06-17,Regular
C01140,Krishna Joshi,krishna.joshi1140@example.com,Nagpur,Maharashtra,2023-11-02,Loyal
C01141,Ira Shah,ira.shah1141@example.com,Kochi,Kerala,2023-04-30,Regular
C01142,Reyansh Rao,reyansh.rao1142@example.com,Delhi,Delhi,2023-02-17,New
C01143,Sara Shah,sara.shah1143@example.com,Ahmedabad,Gujarat,2023-11-29,Regular
C01144,Vivaan Joshi,vivaan.joshi1144@example.com,Indore,Madhya Pradesh,2024-06-29,VIP
C01145,Neha Patel,neha.patel1145@example.com,Aligarh,Uttar Pradesh,2022-02-20,New
C01146,Meera Rao,meera.rao1146@example.com,Kochi,Kerala,2024-07-07,Regular
C01147,Aarav Kapoor,aarav.kapoor1147@example.com,Surat,Gujarat,2024-04-17,New
C01148,Kabir Rao,kabir.rao1148@example.com,Lucknow,Uttar Pradesh,2024-05-13,Regular
C01149,Kavya Reddy,kavya.reddy1149@example.com,Kochi,Kerala,2024-09-22,New
C01150,Arjun Mehta,arjun.mehta1150@example.com,Pune,Maharashtra,2024-09-24,Regular
C01151,Amit Kapoor,amit.kapoor1151@example.com,Patna,Bihar,2022-10-03,Loyal
C01152,Sara Gupta,sara.gupta1152@example.com,Nagpur,Maharashtra,2022-07-12,New
C01153,Ishaan Chopra,ishaan.chopra1153@example.com,Patna,Bihar,2024-01-29,Regular
C01154,Amit Pillai,amit.pillai1154@example.com,Kochi,Kerala,2024-06-07,Loyal
C01155,Priya Verma,priya.verma1155@example.com,Surat,Gujarat,2023-06-12,VIP
C01156,Aditya Mehta,aditya.mehta1156@example.com,Chennai,Tamil Nadu,2023-12-28,New
C01157,Saanvi Iyer,saanvi.iyer1157@example.com,Chandigarh,Chandigarh,2024-03-10,Regular
C01158,Nikhil Kulkarni,nikhil.kulkarni1158@example.com,Chandigarh,Chandigarh,2022-01-30,New
C01159,Ishaan Singh,ishaan.singh1159@example.com,Chennai,Tamil Nadu,2024-05-07,VIP
C01160,Sai Verma,sai.verma1160@example.com,Delhi,Delhi,2023-04-13,VIP
C01161,Meera Malhotra,meera.malhotra1161@example.com,Delhi,Delhi,2023-12-23,Regular
C01162,Krishna Malhotra,krishna.malhotra1162@example.com,Kolkata,West Bengal,2024-04-23,Loyal
C01163,Pari Joshi,pari.joshi1163@example.com,Patna,Bihar,2023-10-13,Regular
C01164,Karan Sharma,karan.sharma1164@example.com,Hyderabad,Telangana,2022-09-05,Regular
C01165,Anika Shah,anika.shah1165@example.com,Surat,Gujarat,2023-04-02,New
C01166,Kavya Bose,kavya.bose1166@example.com,Chennai,Tamil Nadu,2023-08-24,Loyal
C01167,Diya Malhotra,diya.malhotra1167@example.com,Coimbatore,Tamil Nadu,2022-06-17,New
C01168,Pooja Gupta,pooja.gupta1168@example.com,Jaipur,Rajasthan,2022-10-19,Loyal
C01169,Saanvi Verma,saanvi.verma1169@example.com,Mumbai,Maharashtra,2022-06-16,Loyal
C01170,Kavya Patel,kavya.patel1170@example.com,Kolkata,West Bengal,2023-10-25,Loyal
C01171,Karan Singh,karan.singh1171@example.com,Pune,Maharashtra,2022-10-03,New
C01172,Pari Sharma,pari.sharma1172@example.com,Nagpur,Maharashtra,2024-06-04,New
C01173,Anika Iyer,anika.iyer1173@example.com,Mumbai,Maharashtra,2023-10-25,New
C01174,Sara Sharma,sara.sharma1174@example.com,Chennai,Tamil Nadu,2022-08-18,Regular
C01175,Sara Mehta,sara.mehta1175@example.com,Jaipur,Rajasthan,2023-12-31,New
C01176,Aadhya Joshi,aadhya.joshi1176@example.com,Jaipur,Rajasthan,2024-05-22,VIP
C01177,Myra Rao,myra.rao1177@example.com,Surat,Gujarat,2022-08-12,Regular
C01178,Kabir Pillai,kabir.pillai1178@example.com,Patna,Bihar,2024-04-24,New
C01179,Ira Reddy,ira.reddy1179@example.com,Indore,Madhya Pradesh,2022-01-08,Regular
C01180,Karan Malhotra,karan.malhotra1180@example.com,Chandigarh,Chandigarh,2023-07-29,Regular
C01181,Kabir Reddy,kabir.reddy1181@example.com,Lucknow,Uttar Pradesh,2023-05-09,Regular
C01182,Ananya Rao,ananya.rao1182@example.com,Bengaluru,Karnataka,2023-10-18,Regular
C01183,Kavya Rao,kavya.rao1183@example.com,Aligarh,Uttar Pradesh,2022-09-25,VIP
C01184,Ishaan Iyer,ishaan.iyer1184@example.com,Lucknow,Uttar Pradesh,2023-06-14,Regular
C01185,Nikhil Verma,nikhil.verma1185@example.com,Pune,Maharashtra,2024-04-04,VIP
C01186,Karan Kapoor,karan.kapoor1186@example.com,Indore,Madhya Pradesh,2023-11-29,Loyal
C01187,Pooja Sharma,pooja.sharma1187@example.com,Ahmedabad,Gujarat,2023-11-03,New
C01188,Kabir Rao,kabir.rao1188@example.com,Kochi,Kerala,2024-07-17,VIP
C01189,Saanvi Joshi,saanvi.joshi1189@example.com,Nagpur,Maharashtra,2024-01-25,New
C01190,Ira Kulkarni,ira.kulkarni1190@example.com,Delhi,Delhi,2024-04-15,Loyal
C01191,Ananya Patel,ananya.patel1191@example.com,Kolkata,West Bengal,2023-12-04,Regular
C01192,Rohan Bose,rohan.bose1192@example.com,Coimbatore,Tamil Nadu,2024-07-17,Loyal
C01193,Pari Mehta,pari.mehta1193@example.com,Surat,Gujarat,2024-05-15,Loyal
C01194,Priya Agarwal,priya.agarwal1194@example.com,Chennai,Tamil Nadu,2022-07-05,Loyal
C01195,Vihaan Bose,vihaan.bose1195@example.com,Lucknow,Uttar Pradesh,2022-05-12,Loyal
C01196,Pooja Agarwal,pooja.agarwal1196@example.com,Jaipur,Rajasthan,2024-02-21,New
C01197,Karan Kapoor,karan.kapoor1197@example.com,Chennai,Tamil Nadu,2023-11-02,New
C01198,Sai Malhotra,sai.malhotra1198@example.com,Bengaluru,Karnataka,2022-08-17,Regular
C01199,Aadhya Kapoor,aadhya.kapoor1199@example.com,Lucknow,Uttar Pradesh,2023-01-16,New
C01200,Ira Mehta,ira.mehta1200@example.com,Jaipur,Rajasthan,2023-04-20,Regular
C01201,Anika Verma,anika.verma1201@example.com,Hyderabad,Telangana,2024-06-06,New
C01202,Anika Singh,anika.singh1202@example.com,Bengaluru,Karnataka,2023-05-28,VIP
C01203,Kavya Joshi,kavya.joshi1203@example.com,Hyderabad,Telangana,2023-06-27,Regular
C01204,Aadhya Verma,aadhya.verma1204@example.com,Lucknow,Uttar Pradesh,2024-06-10,Loyal
C01205,Arjun Singh,arjun.singh1205@example.com,Ahmedabad,Gujarat,2022-12-17,New
C01206,Ira Das,ira.das1206@example.com,Nagpur,Maharashtra,2022-05-27,Loyal
C01207,Kavya Nair,kavya.nair1207@example.com,Aligarh,Uttar Pradesh,2024-03-08,VIP
C01208,Anika Kapoor,anika.kapoor1208@example.com,Bengaluru,Karnataka,2023-10-09,Regular
C01209,Ananya Verma,ananya.verma1209@example.com,Chennai,Tamil Nadu,2022-01-05,Regular
C01210,Krishna Singh,krishna.singh1210@example.com,Patna,Bihar,2024-02-19,Loyal
C01211,Ira Nair,ira.nair1211@example.com,Chennai,Tamil Nadu,2023-05-17,New
C01212,Arjun Shah,arjun.shah1212@example.com,Bengaluru,Karnataka,2023-03-21,Regular
C01213,Saanvi Chopra,saanvi.chopra1213@example.com,Nagpur,Maharashtra,2024-09-15,Regular
C01214,Saanvi Sharma,saanvi.sharma1214@example.com,Kochi,Kerala,2022-02-08,New
C01215,Ishaan Malhotra,ishaan.malhotra1215@example.com,Coimbatore,Tamil Nadu,2024-08-30,Regular
C01216,Nikhil Kapoor,nikhil.kapoor1216@example.com,Mumbai,Maharashtra,2024-02-15,New
C01217,Ishaan Sharma,ishaan.sharma1217@example.com,Chandigarh,Chandigarh,2023-11-24,New
C01218,Rohan Patel,rohan.patel1218@example.com,Mumbai,Maharashtra,2022-08-20,New
C01219,Kabir Iyer,kabir.iyer1219@example.com,Surat,Gujarat,2022-04-16,VIP
C01220,Pari Kulkarni,pari.kulkarni1220@example.com,Indore,Madhya Pradesh,2022-11-10,Regular
C01221,Aditya Verma,aditya.verma1221@example.com,Chennai,Tamil Nadu,2022-11-02,VIP
C01222,Myra Pillai,myra.pillai1222@example.com,Lucknow,Uttar Pradesh,2023-09-03,Regular
C01223,Ananya Chopra,ananya.chopra1223@example.com,Chandigarh,Chandigarh,2024-06-28,New
C01224,Ananya Bose,ananya.bose1224@example.com,Ahmedabad,Gujarat,2023-01-03,Regular
C01225,Reyansh Joshi,reyansh.joshi1225@example.com,Kolkata,West Bengal,2022-01-20,Regular
C01226,Sai Iyer,sai.iyer1226@example.com,Pune,Maharashtra,2022-08-05,New
C01227,Ira Pillai,ira.pillai1227@example.com,Mumbai,Maharashtra,2022-06-23,Regular
C01228,Diya Verma,diya.verma1228@example.com,Hyderabad,Telangana,2023-01-20,New
C01229,Amit Agarwal,amit.agarwal1229@example.com,Jaipur,Rajasthan,2023-10-01,Regular
C01230,Sara Verma,sara.verma1230@example.com,Delhi,Delhi,2023-11-09,Regular
C01231,Rohan Sharma,rohan.sharma1231@example.com,Hyderabad,Telangana,2022-02-19,New
C01232,Aadhya Das,aadhya.das1232@example.com,Hyderabad,Telangana,2023-01-25,New
C01233,Riya Rao,riya.rao1233@example.com,Hyderabad,Telangana,2023-05-01,Loyal
C01234,Ishaan Sharma,ishaan.sharma1234@example.com,Ahmedabad,Gujarat,2022-11-05,Regular
C01235,Karan Reddy,karan.reddy1235@example.com,Nagpur,Maharashtra,2023-11-10,New
C01236,Krishna Shah,krishna.shah1236@example.com,Chandigarh,Chandigarh,2023-09-13,VIP
C01237,Aadhya Reddy,aadhya.reddy1237@example.com,Ahmedabad,Gujarat,2023-06-08,New
C01238,Kabir Reddy,kabir.reddy1238@example.com,Hyderabad,Telangana,2024-03-14,Regular
C01239,Anika Singh,anika.singh1239@example.com,Hyderabad,Telangana,2023-09-16,VIP
C01240,Amit Rao,amit.rao1240@example.com,Kolkata,West Bengal,2024-05-01,New
C01241,Ishaan Malhotra,ishaan.malhotra1241@example.com,Chandigarh,Chandigarh,2023-12-22,New
C01242,Kabir Nair,kabir.nair1242@example.com,Nagpur,Maharashtra,2022-02-10,New
C01243,Anika Singh,anika.singh1243@example.com,Coimbatore,Tamil Nadu,2023-12-06,New
C01244,Ananya Patel,ananya.patel1244@example.com,Kochi,Kerala,2022-01-03,New
C01245,Karan Gupta,karan.gupta1245@example.com,Mumbai,Maharashtra,2024-07-17,Regular
C01246,Priya Kulkarni,priya.kulkarni1246@example.com,Hyderabad,Telangana,2023-11-17,New
C01247,Arjun Gupta,arjun.gupta1247@example.com,Kochi,Kerala,2024-03-09,Regular
C01248,Aditya Reddy,aditya.reddy1248@example.com,Chandigarh,Chandigarh,2024-07-15,VIP
C01249,Rohan Patel,rohan.patel1249@example.com,Jaipur,Rajasthan,2023-04-13,Loyal
C01250,Krishna Das,krishna.das1250@example.com,Lucknow,Uttar Pradesh,2022-02-21,Regular
C01251,Priya Nair,priya.nair1251@example.com,Hyderabad,Telangana,2024-06-14,New
C01252,Kavya Mehta,kavya.mehta1252@example.com,Delhi,Delhi,2023-01-04,Regular
C01253,Aadhya Reddy,aadhya.reddy1253@example.com,Aligarh,Uttar Pradesh,2022-04-08,Regular
C01254,Aarav Iyer,aarav.iyer1254@example.com,Delhi,Delhi,2023-11-11,Regular
C01255,Ananya Malhotra,ananya.malhotra1255@example.com,Chennai,Tamil Nadu,2024-07-04,New
C01256,Sara Rao,sara.rao1256@example.com,Patna,Bihar,2024-06-18,Loyal
C01257,Diya Kapoor,diya.kapoor1257@example.com,Bengaluru,Karnataka,2022-07-07,Regular
C01258,Saanvi Joshi,saanvi.joshi1258@example.com,Hyderabad,Telangana,2024-09-12,New
C01259,Krishna Joshi,krishna.joshi1259@example.com,Patna,Bihar,2023-12-08,Regular
C01260,Sunil Chopra,sunil.chopra1260@example.com,Kochi,Kerala,2023-10-27,Regular
C01261,Vihaan Iyer,vihaan.iyer1261@example.com,Chennai,Tamil Nadu,2023-12-14,Loyal
C01262,Kavya Nair,kavya.nair1262@example.com,Delhi,Delhi,2022-04-17,Loyal
C01263,Meera Kulkarni,meera.kulkarni1263@example.com,Nagpur,Maharashtra,2023-05-10,Loyal
C01264,Reyansh Shah,reyansh.shah1264@example.com,Patna,Bihar,2023-01-24,New
C01265,Sara Sharma,sara.sharma1265@example.com,Surat,Gujarat,2024-06-02,Regular
C01266,Anika Bose,anika.bose1266@example.com,Ahmedabad,Gujarat,2022-04-26,Regular
C01267,Myra Verma,myra.verma1267@example.com,Nagpur,Maharashtra,2022-03-06,New
C01268,Rohan Kapoor,rohan.kapoor1268@example.com,Jaipur,Rajasthan,2022-01-13,New
C01269,Amit Kulkarni,amit.kulkarni1269@example.com,Chandigarh,Chandigarh,2024-01-12,Loyal
C01270,Karan Kapoor,karan.kapoor1270@example.com,Pune,Maharashtra,2023-06-16,New
C01271,Neha Shah,neha.shah1271@example.com,Chandigarh,Chandigarh,2022-04-08,Regular
C01272,Karan Patel,karan.patel1272@example.com,Nagpur,Maharashtra,2023-05-09,New
C01273,Karan Joshi,karan.joshi1273@example.com,Surat,Gujarat,2022-06-02,New
C01274,Nikhil Shah,nikhil.shah1274@example.com,Coimbatore,Tamil Nadu,2022-02-25,New
C01275,Rohan Nair,rohan.nair1275@example.com,Mumbai,Maharashtra,2023-06-02,VIP
C01276,Kavya Bose,kavya.bose1276@example.com,Kochi,Kerala,2024-06-09,Loyal
C01277,Aditya Bose,aditya.bose1277@example.com,Chennai,Tamil Nadu,2022-11-25,VIP
C01278,Ananya Rao,ananya.rao1278@example.com,Pune,Maharashtra,2022-02-21,Regular
C01279,Sai Agarwal,sai.agarwal1279@example.com,Chandigarh,Chandigarh,2023-10-21,New
C01280,Saanvi Patel,saanvi.patel1280@example.com,Indore,Madhya Pradesh,2022-03-22,Regular
C01281,Myra Kulkarni,myra.kulkarni1281@example.com,Patna,Bihar,2023-04-04,Regular
C01282,Kavya Bose,kavya.bose1282@example.com,Bengaluru,Karnataka,2023-04-03,Loyal
C01283,Vihaan Bose,vihaan.bose1283@example.com,Aligarh,Uttar Pradesh,2024-02-03,New
C01284,Vihaan Joshi,vihaan.joshi1284@example.com,Mumbai,Maharashtra,2023-02-27,Regular
C01285,Riya Agarwal,riya.agarwal1285@example.com,Delhi,Delhi,2022-01-01,New
C01286,Sunil Shah,sunil.shah1286@example.com,Bengaluru,Karnataka,2024-09-13,New
C01287,Nikhil Pillai,nikhil.pillai1287@example.com,Lucknow,Uttar Pradesh,2023-07-30,Loyal
C01288,Rohan Das,rohan.das1288@example.com,Kolkata,West Bengal,2024-08-31,Regular
C01289,Diya Verma,diya.verma1289@example.com,Aligarh,Uttar Pradesh,2024-04-16,Regular
C01290,Kavya Das,kavya.das1290@example.com,Pune,Maharashtra,2022-12-06,Regular
C01291,Amit Shah,amit.shah1291@example.com,Coimbatore,Tamil Nadu,2023-09-07,Regular
C01292,Neha Malhotra,neha.malhotra1292@example.com,Kochi,Kerala,2024-01-04,Loyal
C01293,Vihaan Reddy,vihaan.reddy1293@example.com,Patna,Bihar,2024-02-17,Loyal
C01294,Aarav Kapoor,aarav.kapoor1294@example.com,Pune,Maharashtra,2022-12-30,VIP
C01295,Riya Pillai,riya.pillai1295@example.com,Lucknow,Uttar Pradesh,2023-01-18,Loyal
C01296,Vivaan Nair,vivaan.nair1296@example.com,Hyderabad,Telangana,2023-05-20,New
C01297,Priya Chopra,priya.chopra1297@example.com,Ahmedabad,Gujarat,2022-04-20,Regular
C01298,Sara Singh,sara.singh1298@example.com,Jaipur,Rajasthan,2022-07-12,Regular
C01299,Meera Joshi,meera.joshi1299@example.com,Hyderabad,Telangana,2022-08-09,New
C01300,Priya Singh,priya.singh1300@example.com,Patna,Bihar,2024-01-04,Loyal
C01301,Vihaan Chopra,vihaan.chopra1301@example.com,Aligarh,Uttar Pradesh,2022-02-17,New
C01302,Amit Das,amit.das1302@example.com,Hyderabad,Telangana,2023-04-14,VIP
C01303,Arjun Bose,arjun.bose1303@example.com,Chandigarh,Chandigarh,2022-01-05,Regular
C01304,Pooja Verma,pooja.verma1304@example.com,Chandigarh,Chandigarh,2023-07-21,Regular
C01305,Priya Kulkarni,priya.kulkarni1305@example.com,Nagpur,Maharashtra,2023-05-10,Regular
C01306,Amit Nair,amit.nair1306@example.com,Chandigarh,Chandigarh,2023-12-10,Loyal
C01307,Pooja Iyer,pooja.iyer1307@example.com,Chennai,Tamil Nadu,2022-04-17,Regular
C01308,Karan Shah,karan.shah1308@example.com,Indore,Madhya Pradesh,2023-09-13,Regular
C01309,Pari Joshi,pari.joshi1309@example.com,Aligarh,Uttar Pradesh,2023-03-05,New
C01310,Krishna Joshi,krishna.joshi1310@example.com,Pune,Maharashtra,2024-09-13,Regular
C01311,Kabir Das,kabir.das1311@example.com,Aligarh,Uttar Pradesh,2024-04-04,New
C01312,Arjun Chopra,arjun.chopra1312@example.com,Ahmedabad,Gujarat,2023-09-09,Loyal
C01313,Kabir Agarwal,kabir.agarwal1313@example.com,Chandigarh,Chandigarh,2024-05-31,Regular
C01314,Neha Agarwal,neha.agarwal1314@example.com,Aligarh,Uttar Pradesh,2023-10-10,Regular
C01315,Ishaan Singh,ishaan.singh1315@example.com,Kolkata,West Bengal,2023-10-02,New
C01316,Karan Malhotra,karan.malhotra1316@example.com,Lucknow,Uttar Pradesh,2024-08-01,New
C01317,Neha Nair,neha.nair1317@example.com,Ahmedabad,Gujarat,2023-05-31,Loyal
C01318,Neha Kapoor,neha.kapoor1318@example.com,Coimbatore,Tamil Nadu,2023-12-29,New
C01319,Amit Malhotra,amit.malhotra1319@example.com,Hyderabad,Telangana,2023-07-30,New
C01320,Ira Kulkarni,ira.kulkarni1320@example.com,Kochi,Kerala,2024-08-23,New
C01321,Karan Agarwal,karan.agarwal1321@example.com,Nagpur,Maharashtra,2022-10-20,VIP
C01322,Sunil Sharma,sunil.sharma1322@example.com,Nagpur,Maharashtra,2023-06-20,Loyal
C01323,Aarav Joshi,aarav.joshi1323@example.com,Hyderabad,Telangana,2022-05-29,Regular
C01324,Karan Verma,karan.verma1324@example.com,Delhi,Delhi,2022-07-24,New
C01325,Amit Nair,amit.nair1325@example.com,Jaipur,Rajasthan,2022-10-21,New
C01326,Arjun Verma,arjun.verma1326@example.com,Jaipur,Rajasthan,2023-12-09,Loyal
C01327,Ishaan Agarwal,ishaan.agarwal1327@example.com,Lucknow,Uttar Pradesh,2022-02-03,Regular
C01328,Priya Das,priya.das1328@example.com,Surat,Gujarat,2022-04-15,New
C01329,Kavya Patel,kavya.patel1329@example.com,Coimbatore,Tamil Nadu,2024-01-31,New
C01330,Saanvi Patel,saanvi.patel1330@example.com,Coimbatore,Tamil Nadu,2023-06-08,New
C01331,Neha Verma,neha.verma1331@example.com,Lucknow,Uttar Pradesh,2024-08-06,Regular
C01332,Saanvi Chopra,saanvi.chopra1332@example.com,Indore,Madhya Pradesh,2024-09-06,Loyal
C01333,Riya Verma,riya.verma1333@example.com,Aligarh,Uttar Pradesh,2022-01-14,New
C01334,Ishaan Shah,ishaan.shah1334@example.com,Jaipur,Rajasthan,2024-06-08,New
C01335,Priya Patel,priya.patel1335@example.com,Patna,Bihar,2024-07-22,New
C01336,Amit Kulkarni,amit.kulkarni1336@example.com,Surat,Gujarat,2023-07-14,VIP
C01337,Amit Singh,amit.singh1337@example.com,Kolkata,West Bengal,2022-10-29,New
C01338,Reyansh Gupta,reyansh.gupta1338@example.com,Patna,Bihar,2022-07-11,Loyal
C01339,Pooja Pillai,pooja.pillai1339@example.com,Chennai,Tamil Nadu,2022-05-03,Regular
C01340,Vivaan Chopra,vivaan.chopra1340@example.com,Indore,Madhya Pradesh,2022-10-13,Regular
C01341,Krishna Iyer,krishna.iyer1341@example.com,Coimbatore,Tamil Nadu,2022-06-14,New
C01342,Aarav Kapoor,aarav.kapoor1342@example.com,Jaipur,Rajasthan,2023-04-23,New
C01343,Vivaan Iyer,vivaan.iyer1343@example.com,Ahmedabad,Gujarat,2024-08-08,Regular
C01344,Sara Verma,sara.verma1344@example.com,Aligarh,Uttar Pradesh,2024-03-03,Loyal
C01345,Anika Kulkarni,anika.kulkarni1345@example.com,Lucknow,Uttar Pradesh,2023-07-18,Regular
C01346,Aditya Kapoor,aditya.kapoor1346@example.com,Surat,Gujarat,2023-06-23,Regular
C01347,Reyansh Pillai,reyansh.pillai1347@example.com,Pune,Maharashtra,2022-03-11,New
C01348,Reyansh Chopra,reyansh.chopra1348@example.com,Chandigarh,Chandigarh,2023-07-11,VIP
C01349,Saanvi Gupta,saanvi.gupta1349@example.com,Coimbatore,Tamil Nadu,2022-12-24,Loyal
C01350,Nikhil Singh,nikhil.singh1350@example.com,Pune,Maharashtra,2023-11-11,New
C01351,Ananya Malhotra,ananya.malhotra1351@example.com,Aligarh,Uttar Pradesh,2022-10-28,VIP
C01352,Amit Shah,amit.shah1352@example.com,Kolkata,West Bengal,2023-06-28,Regular
C01353,Riya Sharma,riya.sharma1353@example.com,Kochi,Kerala,2022-04-28,Regular
C01354,Myra Patel,myra.patel1354@example.com,Surat,Gujarat,2024-07-15,Loyal
C01355,Vivaan Kapoor,vivaan.kapoor1355@example.com,Pune,Maharashtra,2023-01-26,Loyal
C01356,Saanvi Rao,saanvi.rao1356@example.com,Hyderabad,Telangana,2023-07-08,Regular
C01357,Aarav Pillai,aarav.pillai1357@example.com,Lucknow,Uttar Pradesh,2024-04-21,New
C01358,Pari Pillai,pari.pillai1358@example.com,Surat,Gujarat,2023-04-02,New
C01359,Vivaan Mehta,vivaan.mehta1359@example.com,Kochi,Kerala,2024-07-08,VIP
C01360,Ananya Pillai,ananya.pillai1360@example.com,Kolkata,West Bengal,2022-03-26,New
C01361,Reyansh Agarwal,reyansh.agarwal1361@example.com,Hyderabad,Telangana,2023-07-01,Regular
C01362,Rohan Gupta,rohan.gupta1362@example.com,Mumbai,Maharashtra,2022-08-04,Regular
C01363,Kavya Chopra,kavya.chopra1363@example.com,Kolkata,West Bengal,2024-05-05,Regular
C01364,Ishaan Agarwal,ishaan.agarwal1364@example.com,Hyderabad,Telangana,2024-04-28,Regular
C01365,Rohan Gupta,rohan.gupta1365@example.com,Nagpur,Maharashtra,2024-02-04,VIP
C01366,Aarav Das,aarav.das1366@example.com,Ahmedabad,Gujarat,2024-01-05,New
C01367,Vivaan Gupta,vivaan.gupta1367@example.com,Aligarh,Uttar Pradesh,2022-03-17,New
C01368,Reyansh Rao,reyansh.rao1368@example.com,Delhi,Delhi,2023-07-26,New
C01369,Ira Patel,ira.patel1369@example.com,Bengaluru,Karnataka,2024-07-21,Loyal
C01370,Aadhya Joshi,aadhya.joshi1370@example.com,Jaipur,Rajasthan,2023-04-07,Regular
C01371,Aadhya Kapoor,aadhya.kapoor1371@example.com,Indore,Madhya Pradesh,2022-01-18,New
C01372,Karan Reddy,karan.reddy1372@example.com,Indore,Madhya Pradesh,2023-07-02,Loyal
C01373,Rohan Shah,rohan.shah1373@example.com,Mumbai,Maharashtra,2022-03-06,Loyal
C01374,Neha Gupta,neha.gupta1374@example.com,Delhi,Delhi,2023-01-02,Loyal
C01375,Vihaan Mehta,vihaan.mehta1375@example.com,Chandigarh,Chandigarh,2024-03-16,VIP
C01376,Sara Gupta,sara.gupta1376@example.com,Lucknow,Uttar Pradesh,2022-10-16,New
C01377,Saanvi Joshi,saanvi.joshi1377@example.com,Patna,Bihar,2024-04-21,Loyal
C01378,Anika Nair,anika.nair1378@example.com,Mumbai,Maharashtra,2023-07-01,Regular
C01379,Arjun Joshi,arjun.joshi1379@example.com,Pune,Maharashtra,2024-03-26,Loyal
C01380,Kabir Iyer,kabir.iyer1380@example.com,Coimbatore,Tamil Nadu,2022-11-02,Loyal
C01381,Aarav Agarwal,aarav.agarwal1381@example.com,Surat,Gujarat,2024-06-14,Loyal
C01382,Arjun Reddy,arjun.reddy1382@example.com,Coimbatore,Tamil Nadu,2022-02-12,Regular
C01383,Ira Shah,ira.shah1383@example.com,Mumbai,Maharashtra,2023-02-08,New
C01384,Riya Gupta,riya.gupta1384@example.com,Coimbatore,Tamil Nadu,2022-11-09,Regular
C01385,Pooja Malhotra,pooja.malhotra1385@example.com,Kolkata,West Bengal,2022-08-05,VIP
C01386,Nikhil Pillai,nikhil.pillai1386@example.com,Nagpur,Maharashtra,2022-05-26,VIP
C01387,Reyansh Patel,reyansh.patel1387@example.com,Chennai,Tamil Nadu,2023-09-24,New
C01388,Ishaan Reddy,ishaan.reddy1388@example.com,Jaipur,Rajasthan,2022-07-05,New
C01389,Kavya Agarwal,kavya.agarwal1389@example.com,Delhi,Delhi,2023-04-18,New
C01390,Aditya Mehta,aditya.mehta1390@example.com,Coimbatore,Tamil Nadu,2023-11-19,Loyal
C01391,Krishna Reddy,krishna.reddy1391@example.com,Bengaluru,Karnataka,2022-07-22,Loyal
C01392,Ananya Malhotra,ananya.malhotra1392@example.com,Kochi,Kerala,2022-05-12,New
C01393,Vihaan Mehta,vihaan.mehta1393@example.com,Pune,Maharashtra,2023-09-27,Regular
C01394,Nikhil Singh,nikhil.singh1394@example.com,Bengaluru,Karnataka,2022-11-22,Loyal
C01395,Myra Kapoor,myra.kapoor1395@example.com,Kochi,Kerala,2023-09-24,Loyal
C01396,Neha Kulkarni,neha.kulkarni1396@example.com,Lucknow,Uttar Pradesh,2022-06-06,Regular
C01397,Sunil Kapoor,sunil.kapoor1397@example.com,Surat,Gujarat,2024-09-08,Regular
C01398,Reyansh Sharma,reyansh.sharma1398@example.com,Nagpur,Maharashtra,2022-11-17,Regular
C01399,Sunil Patel,sunil.patel1399@example.com,Pune,Maharashtra,2023-12-31,New
C01400,Krishna Malhotra,krishna.malhotra1400@example.com,Nagpur,Maharashtra,2022-05-18,Regular
C01401,Nikhil Bose,nikhil.bose1401@example.com,Aligarh,Uttar Pradesh,2023-04-19,Regular
C01402,Diya Mehta,diya.mehta1402@example.com,Patna,Bihar,2023-05-14,Loyal
C01403,Vihaan Nair,vihaan.nair1403@example.com,Coimbatore,Tamil Nadu,2023-10-24,Regular
C01404,Priya Rao,priya.rao1404@example.com,Bengaluru,Karnataka,2024-05-29,Loyal
C01405,Nikhil Agarwal,nikhil.agarwal1405@example.com,Ahmedabad,Gujarat,2022-07-21,New
C01406,Pooja Gupta,pooja.gupta1406@example.com,Jaipur,Rajasthan,2024-01-15,Regular
C01407,Nikhil Sharma,nikhil.sharma1407@example.com,Bengaluru,Karnataka,2024-05-19,New
C01408,Rohan Sharma,rohan.sharma1408@example.com,Chandigarh,Chandigarh,2024-04-12,New
C01409,Amit Kulkarni,amit.kulkarni1409@example.com,Indore,Madhya Pradesh,2022-08-06,Loyal
C01410,Riya Rao,riya.rao1410@example.com,Delhi,Delhi,2023-07-11,VIP
C01411,Anika Iyer,anika.iyer1411@example.com,Coimbatore,Tamil Nadu,2023-01-10,New
C01412,Sai Kulkarni,sai.kulkarni1412@example.com,Indore,Madhya Pradesh,2024-01-21,Regular
C01413,Arjun Das,arjun.das1413@example.com,Lucknow,Uttar Pradesh,2023-05-29,Loyal
C01414,Aditya Joshi,aditya.joshi1414@example.com,Chandigarh,Chandigarh,2023-01-08,New
C01415,Aarav Patel,aarav.patel1415@example.com,Chandigarh,Chandigarh,2024-05-18,Regular
C01416,Amit Pillai,amit.pillai1416@example.com,Chennai,Tamil Nadu,2022-05-24,Loyal
C01417,Reyansh Nair,reyansh.nair1417@example.com,Patna,Bihar,2023-08-03,Regular
C01418,Pooja Bose,pooja.bose1418@example.com,Ahmedabad,Gujarat,2024-08-19,New
C01419,Vivaan Patel,vivaan.patel1419@example.com,Surat,Gujarat,2024-02-19,Regular
C01420,Sai Gupta,sai.gupta1420@example.com,Kochi,Kerala,2022-09-28,Loyal
C01421,Sai Verma,sai.verma1421@example.com,Surat,Gujarat,2023-11-16,Regular
C01422,Pari Malhotra,pari.malhotra1422@example.com,Kolkata,West Bengal,2023-02-02,New
C01423,Meera Das,meera.das1423@example.com,Kochi,Kerala,2024-06-21,Loyal
C01424,Vivaan Kapoor,vivaan.kapoor1424@example.com,Delhi,Delhi,2022-04-16,New
C01425,Rohan Rao,rohan.rao1425@example.com,Chandigarh,Chandigarh,2024-05-04,Loyal
C01426,Ira Agarwal,ira.agarwal1426@example.com,Jaipur,Rajasthan,2023-08-07,New
C01427,Saanvi Joshi,saanvi.joshi1427@example.com,Chennai,Tamil Nadu,2023-01-10,VIP
C01428,Pari Rao,pari.rao1428@example.com,Bengaluru,Karnataka,2023-01-21,Regular
C01429,Pari Joshi,pari.joshi1429@example.com,Pune,Maharashtra,2022-12-28,New
C01430,Anika Bose,anika.bose1430@example.com,Surat,Gujarat,2024-06-27,New
C01431,Pari Iyer,pari.iyer1431@example.com,Mumbai,Maharashtra,2023-03-27,New
C01432,Sai Gupta,sai.gupta1432@example.com,Chennai,Tamil Nadu,2023-06-11,Loyal
C01433,Ishaan Iyer,ishaan.iyer1433@example.com,Jaipur,Rajasthan,2022-07-11,VIP
C01434,Diya Shah,diya.shah1434@example.com,Chennai,Tamil Nadu,2024-01-05,Regular
C01435,Karan Patel,karan.patel1435@example.com,Hyderabad,Telangana,2023-03-01,Regular
C01436,Pooja Reddy,pooja.reddy1436@example.com,Aligarh,Uttar Pradesh,2023-05-09,Loyal
C01437,Anika Singh,anika.singh1437@example.com,Kochi,Kerala,2023-08-28,Loyal
C01438,Rohan Chopra,rohan.chopra1438@example.com,Chennai,Tamil Nadu,2022-01-23,Regular
C01439,Vivaan Iyer,vivaan.iyer1439@example.com,Pune,Maharashtra,2023-08-11,Regular
C01440,Arjun Pillai,arjun.pillai1440@example.com,Chennai,Tamil Nadu,2022-02-10,Regular
C01441,Vivaan Nair,vivaan.nair1441@example.com,Ahmedabad,Gujarat,2022-09-22,Regular
C01442,Pari Joshi,pari.joshi1442@example.com,Chennai,Tamil Nadu,2023-09-06,New
C01443,Nikhil Mehta,nikhil.mehta1443@example.com,Mumbai,Maharashtra,2024-08-27,Regular
C01444,Ishaan Das,ishaan.das1444@example.com,Bengaluru,Karnataka,2023-09-14,Regular
C01445,Kavya Bose,kavya.bose1445@example.com,Kochi,Kerala,2022-06-24,Loyal
C01446,Priya Chopra,priya.chopra1446@example.com,Pune,Maharashtra,2023-09-08,New
C01447,Sunil Kulkarni,sunil.kulkarni1447@example.com,Ahmedabad,Gujarat,2024-04-20,Regular
C01448,Sara Pillai,sara.pillai1448@example.com,Chennai,Tamil Nadu,2022-09-28,Regular
C01449,Pooja Kapoor,pooja.kapoor1449@example.com,Chennai,Tamil Nadu,2024-08-02,Regular
C01450,Sara Kulkarni,sara.kulkarni1450@example.com,Patna,Bihar,2022-03-12,New
C01451,Saanvi Joshi,saanvi.joshi1451@example.com,Pune,Maharashtra,2022-05-16,Regular
C01452,Aarav Singh,aarav.singh1452@example.com,Hyderabad,Telangana,2023-06-20,Regular
C01453,Karan Chopra,karan.chopra1453@example.com,Chandigarh,Chandigarh,2024-04-26,Regular
C01454,Sara Reddy,sara.reddy1454@example.com,Ahmedabad,Gujarat,2022-07-01,Regular
C01455,Nikhil Shah,nikhil.shah1455@example.com,Kochi,Kerala,2023-09-07,Regular
C01456,Nikhil Agarwal,nikhil.agarwal1456@example.com,Delhi,Delhi,2023-05-31,Loyal
C01457,Aditya Bose,aditya.bose1457@example.com,Hyderabad,Telangana,2023-11-07,New
C01458,Nikhil Shah,nikhil.shah1458@example.com,Ahmedabad,Gujarat,2023-07-07,Loyal
C01459,Nikhil Chopra,nikhil.chopra1459@example.com,Mumbai,Maharashtra,2023-06-19,Regular
C01460,Diya Verma,diya.verma1460@example.com,Nagpur,Maharashtra,2023-12-16,New
C01461,Aadhya Patel,aadhya.patel1461@example.com,Chandigarh,Chandigarh,2024-08-18,New
C01462,Sunil Joshi,sunil.joshi1462@example.com,Kochi,Kerala,2022-12-25,New
C01463,Aadhya Iyer,aadhya.iyer1463@example.com,Hyderabad,Telangana,2022-09-18,Loyal
C01464,Amit Patel,amit.patel1464@example.com,Kochi,Kerala,2024-07-20,Loyal
C01465,Kabir Shah,kabir.shah1465@example.com,Bengaluru,Karnataka,2024-06-16,Loyal
C01466,Aadhya Rao,aadhya.rao1466@example.com,Coimbatore,Tamil Nadu,2022-07-13,Regular
C01467,Neha Sharma,neha.sharma1467@example.com,Mumbai,Maharashtra,2023-08-15,Regular
C01468,Vihaan Pillai,vihaan.pillai1468@example.com,Chandigarh,Chandigarh,2022-01-08,New
C01469,Rohan Singh,rohan.singh1469@example.com,Indore,Madhya Pradesh,2023-12-06,New
C01470,Aadhya Malhotra,aadhya.malhotra1470@example.com,Aligarh,Uttar Pradesh,2022-04-20,Regular
C01471,Aadhya Kulkarni,aadhya.kulkarni1471@example.com,Ahmedabad,Gujarat,2022-09-17,New
C01472,Kavya Agarwal,kavya.agarwal1472@example.com,Jaipur,Rajasthan,2023-03-10,New
C01473,Sara Rao,sara.rao1473@example.com,Surat,Gujarat,2023-11-28,Regular
C01474,Amit Singh,amit.singh1474@example.com,Indore,Madhya Pradesh,2023-02-28,Loyal
C01475,Sunil Agarwal,sunil.agarwal1475@example.com,Coimbatore,Tamil Nadu,2023-05-10,VIP
C01476,Diya Agarwal,diya.agarwal1476@example.com,Chennai,Tamil Nadu,2023-07-23,VIP
C01477,Krishna Mehta,krishna.mehta1477@example.com,Kochi,Kerala,2023-08-15,Regular
C01478,Amit Joshi,amit.joshi1478@example.com,Surat,Gujarat,2024-01-24,Regular
C01479,Kavya Reddy,kavya.reddy1479@example.com,Ahmedabad,Gujarat,2024-02-05,Regular
C01480,Myra Nair,myra.nair1480@example.com,Pune,Maharashtra,2022-04-13,Loyal
C01481,Pari Joshi,pari.joshi1481@example.com,Kolkata,West Bengal,2024-03-15,New
C01482,Sunil Agarwal,sunil.agarwal1482@example.com,Aligarh,Uttar Pradesh,2023-09-21,Regular
C01483,Reyansh Joshi,reyansh.joshi1483@example.com,Delhi,Delhi,2024-09-14,Loyal
C01484,Sunil Gupta,sunil.gupta1484@example.com,Mumbai,Maharashtra,2024-04-23,Regular
C01485,Anika Shah,anika.shah1485@example.com,Ahmedabad,Gujarat,2023-03-22,Regular
C01486,Aditya Rao,aditya.rao1486@example.com,Bengaluru,Karnataka,2022-08-16,Regular
C01487,Aditya Shah,aditya.shah1487@example.com,Surat,Gujarat,2022-02-08,New
C01488,Meera Joshi,meera.joshi1488@example.com,Indore,Madhya Pradesh,2023-09-21,Regular
C01489,Kabir Shah,kabir.shah1489@example.com,Chandigarh,Chandigarh,2022-02-28,New
C01490,Rohan Bose,rohan.bose1490@example.com,Chennai,Tamil Nadu,2023-03-26,New
C01491,Ishaan Pillai,ishaan.pillai1491@example.com,Mumbai,Maharashtra,2022-10-20,New
C01492,Vivaan Shah,vivaan.shah1492@example.com,Kolkata,West Bengal,2023-06-07,Loyal
C01493,Neha Patel,neha.patel1493@example.com,Chandigarh,Chandigarh,2023-09-22,New
C01494,Karan Verma,karan.verma1494@example.com,Chennai,Tamil Nadu,2023-01-04,Regular
C01495,Rohan Sharma,rohan.sharma1495@example.com,Pune,Maharashtra,2024-09-26,New
C01496,Aditya Rao,aditya.rao1496@example.com,Chennai,Tamil Nadu,2024-03-09,VIP
C01497,Diya Joshi,diya.joshi1497@example.com,Indore,Madhya Pradesh,2023-02-20,New
C01498,Pari Sharma,pari.sharma1498@example.com,Kolkata,West Bengal,2024-01-25,Regular
C01499,Meera Gupta,meera.gupta1499@example.com,Bengaluru,Karnataka,2023-07-17,Loyal
C01500,Pooja Agarwal,pooja.agarwal1500@example.com,Lucknow,Uttar Pradesh,2024-07-25,Loyal
C01501,Diya Rao,diya.rao1501@example.com,Surat,Gujarat,2022-08-20,New
C01502,Myra Joshi,myra.joshi1502@example.com,Kolkata,West Bengal,2023-08-12,Loyal
C01503,Krishna Nair,krishna.nair1503@example.com,Mumbai,Maharashtra,2023-02-21,Regular
C01504,Vihaan Agarwal,vihaan.agarwal1504@example.com,Chandigarh,Chandigarh,2022-03-16,Regular
C01505,Kabir Kapoor,kabir.kapoor1505@example.com,Chandigarh,Chandigarh,2024-08-27,New
C01506,Sunil Pillai,sunil.pillai1506@example.com,Hyderabad,Telangana,2024-09-06,New
C01507,Nikhil Agarwal,nikhil.agarwal1507@example.com,Jaipur,Rajasthan,2024-04-12,Loyal
C01508,Neha Das,neha.das1508@example.com,Jaipur,Rajasthan,2024-09-16,Regular
C01509,Ira Bose,ira.bose1509@example.com,Indore,Madhya Pradesh,2024-02-28,Regular
C01510,Amit Kapoor,amit.kapoor1510@example.com,Pune,Maharashtra,2024-09-11,Loyal
C01511,Karan Das,karan.das1511@example.com,Patna,Bihar,2024-07-07,Loyal
C01512,Anika Reddy,anika.reddy1512@example.com,Mumbai,Maharashtra,2022-09-22,New
C01513,Saanvi Patel,saanvi.patel1513@example.com,Bengaluru,Karnataka,2023-11-25,Regular
C01514,Sunil Kapoor,sunil.kapoor1514@example.com,Pune,Maharashtra,2023-02-27,New
C01515,Pari Agarwal,pari.agarwal1515@example.com,Surat,Gujarat,2022-01-10,Loyal
C01516,Sai Mehta,sai.mehta1516@example.com,Jaipur,Rajasthan,2022-04-06,Regular
C01517,Karan Kapoor,karan.kapoor1517@example.com,Indore,Madhya Pradesh,2022-03-19,VIP
C01518,Meera Nair,meera.nair1518@example.com,Coimbatore,Tamil Nadu,2023-05-03,New
C01519,Diya Singh,diya.singh1519@example.com,Aligarh,Uttar Pradesh,2024-07-04,New
C01520,Reyansh Singh,reyansh.singh1520@example.com,Jaipur,Rajasthan,2023-05-26,New
C01521,Sai Patel,sai.patel1521@example.com,Kolkata,West Bengal,2024-06-12,New
C01522,Ishaan Patel,ishaan.patel1522@example.com,Jaipur,Rajasthan,2022-07-27,New
C01523,Priya Shah,priya.shah1523@example.com,Pune,Maharashtra,2022-12-31,VIP
C01524,Amit Reddy,amit.reddy1524@example.com,Ahmedabad,Gujarat,2022-05-03,New
C01525,Karan Bose,karan.bose1525@example.com,Bengaluru,Karnataka,2023-09-21,New
C01526,Amit Agarwal,amit.agarwal1526@example.com,Mumbai,Maharashtra,2024-09-07,Loyal
C01527,Kavya Bose,kavya.bose1527@example.com,Delhi,Delhi,2023-01-16,Regular
C01528,Anika Kulkarni,anika.kulkarni1528@example.com,Aligarh,Uttar Pradesh,2024-06-08,Loyal
C01529,Anika Nair,anika.nair1529@example.com,Jaipur,Rajasthan,2024-02-22,New
C01530,Krishna Joshi,krishna.joshi1530@example.com,Chandigarh,Chandigarh,2022-08-16,Regular
C01531,Vivaan Pillai,vivaan.pillai1531@example.com,Ahmedabad,Gujarat,2024-03-29,New
C01532,Anika Agarwal,anika.agarwal1532@example.com,Nagpur,Maharashtra,2022-02-03,New
C01533,Diya Joshi,diya.joshi1533@example.com,Chandigarh,Chandigarh,2024-05-31,VIP
C01534,Myra Reddy,myra.reddy1534@example.com,Chennai,Tamil Nadu,2023-12-17,New
C01535,Myra Kapoor,myra.kapoor1535@example.com,Chandigarh,Chandigarh,2023-12-07,Regular
C01536,Aarav Singh,aarav.singh1536@example.com,Mumbai,Maharashtra,2023-01-24,Regular
C01537,Ananya Malhotra,ananya.malhotra1537@example.com,Hyderabad,Telangana,2023-09-20,New
C01538,Reyansh Agarwal,reyansh.agarwal1538@example.com,Jaipur,Rajasthan,2022-09-27,Loyal
C01539,Krishna Bose,krishna.bose1539@example.com,Pune,Maharashtra,2024-09-08,New
C01540,Diya Nair,diya.nair1540@example.com,Aligarh,Uttar Pradesh,2023-05-26,Regular
C01541,Ishaan Chopra,ishaan.chopra1541@example.com,Nagpur,Maharashtra,2023-12-19,VIP
C01542,Diya Joshi,diya.joshi1542@example.com,Surat,Gujarat,2022-10-14,Regular
C01543,Reyansh Kulkarni,reyansh.kulkarni1543@example.com,Patna,Bihar,2022-05-15,VIP
C01544,Priya Reddy,priya.reddy1544@example.com,Pune,Maharashtra,2024-01-09,New
C01545,Sunil Patel,sunil.patel1545@example.com,Jaipur,Rajasthan,2023-07-23,Regular
C01546,Kavya Joshi,kavya.joshi1546@example.com,Nagpur,Maharashtra,2022-07-20,New
C01547,Sunil Iyer,sunil.iyer1547@example.com,Ahmedabad,Gujarat,2023-04-30,Loyal
C01548,Reyansh Chopra,reyansh.chopra1548@example.com,Mumbai,Maharashtra,2023-05-27,VIP
C01549,Nikhil Pillai,nikhil.pillai1549@example.com,Ahmedabad,Gujarat,2023-07-01,New
C01550,Sunil Bose,sunil.bose1550@example.com,Aligarh,Uttar Pradesh,2022-11-04,Regular
C01551,Riya Kulkarni,riya.kulkarni1551@example.com,Jaipur,Rajasthan,2022-02-18,New
C01552,Vihaan Nair,vihaan.nair1552@example.com,Indore,Madhya Pradesh,2022-03-03,Regular
C01553,Priya Rao,priya.rao1553@example.com,Kolkata,West Bengal,2023-05-03,Regular
C01554,Myra Kapoor,myra.kapoor1554@example.com,Hyderabad,Telangana,2022-09-24,VIP
C01555,Diya Agarwal,diya.agarwal1555@example.com,Surat,Gujarat,2023-07-25,Regular
C01556,Diya Sharma,diya.sharma1556@example.com,Jaipur,Rajasthan,2023-02-26,New
C01557,Diya Shah,diya.shah1557@example.com,Hyderabad,Telangana,2022-07-23,New
C01558,Reyansh Mehta,reyansh.mehta1558@example.com,Coimbatore,Tamil Nadu,2022-12-30,New
C01559,Karan Pillai,karan.pillai1559@example.com,Aligarh,Uttar Pradesh,2023-05-15,New
C01560,Nikhil Gupta,nikhil.gupta1560@example.com,Patna,Bihar,2023-01-26,New
C01561,Myra Iyer,myra.iyer1561@example.com,Lucknow,Uttar Pradesh,2024-06-08,Loyal
C01562,Rohan Kapoor,rohan.kapoor1562@example.com,Chennai,Tamil Nadu,2023-03-08,Regular
C01563,Kavya Gupta,kavya.gupta1563@example.com,Indore,Madhya Pradesh,2022-03-23,Regular
C01564,Ananya Patel,ananya.patel1564@example.com,Chennai,Tamil Nadu,2022-11-18,New
C01565,Rohan Mehta,rohan.mehta1565@example.com,Aligarh,Uttar Pradesh,2023-12-29,Loyal
C01566,Sara Joshi,sara.joshi1566@example.com,Jaipur,Rajasthan,2022-10-05,Loyal
C01567,Amit Malhotra,amit.malhotra1567@example.com,Patna,Bihar,2024-02-05,New
C01568,Myra Chopra,myra.chopra1568@example.com,Chandigarh,Chandigarh,2022-06-21,Loyal
C01569,Kavya Sharma,kavya.sharma1569@example.com,Chennai,Tamil Nadu,2022-05-09,Regular
C01570,Karan Rao,karan.rao1570@example.com,Pune,Maharashtra,2024-08-21,New
C01571,Ishaan Nair,ishaan.nair1571@example.com,Bengaluru,Karnataka,2023-02-11,Regular
C01572,Vihaan Gupta,vihaan.gupta1572@example.com,Hyderabad,Telangana,2024-08-17,Regular
C01573,Riya Verma,riya.verma1573@example.com,Kochi,Kerala,2022-01-27,New
C01574,Pari Gupta,pari.gupta1574@example.com,Indore,Madhya Pradesh,2022-04-17,VIP
C01575,Sara Iyer,sara.iyer1575@example.com,Jaipur,Rajasthan,2022-03-28,Loyal
C01576,Kabir Patel,kabir.patel1576@example.com,Indore,Madhya Pradesh,2022-09-11,Regular
C01577,Myra Iyer,myra.iyer1577@example.com,Lucknow,Uttar Pradesh,2022-05-15,Regular
C01578,Priya Nair,priya.nair1578@example.com,Chandigarh,Chandigarh,2022-01-30,Regular
C01579,Karan Malhotra,karan.malhotra1579@example.com,Delhi,Delhi,2024-05-31,Regular
C01580,Kavya Bose,kavya.bose1580@example.com,Aligarh,Uttar Pradesh,2023-04-24,Regular
C01581,Meera Rao,meera.rao1581@example.com,Coimbatore,Tamil Nadu,2023-07-16,New
C01582,Arjun Agarwal,arjun.agarwal1582@example.com,Patna,Bihar,2022-07-01,Regular
C01583,Rohan Kulkarni,rohan.kulkarni1583@example.com,Patna,Bihar,2023-03-22,Loyal
C01584,Rohan Agarwal,rohan.agarwal1584@example.com,Chandigarh,Chandigarh,2022-11-14,Regular
C01585,Anika Agarwal,anika.agarwal1585@example.com,Surat,Gujarat,2022-08-21,New
C01586,Myra Mehta,myra.mehta1586@example.com,Bengaluru,Karnataka,2023-01-10,Loyal
C01587,Krishna Iyer,krishna.iyer1587@example.com,Nagpur,Maharashtra,2022-11-07,New
C01588,Aarav Pillai,aarav.pillai1588@example.com,Mumbai,Maharashtra,2024-04-14,New
C01589,Diya Mehta,diya.mehta1589@example.com,Ahmedabad,Gujarat,2023-04-26,New
C01590,Aarav Bose,aarav.bose1590@example.com,Coimbatore,Tamil Nadu,2024-08-27,New
C01591,Kabir Sharma,kabir.sharma1591@example.com,Kochi,Kerala,2024-02-24,Loyal
C01592,Sunil Mehta,sunil.mehta1592@example.com,Nagpur,Maharashtra,2023-09-04,Regular
C01593,Sunil Sharma,sunil.sharma1593@example.com,Pune,Maharashtra,2023-07-16,New
C01594,Ishaan Chopra,ishaan.chopra1594@example.com,Surat,Gujarat,2024-06-22,Loyal
C01595,Aadhya Joshi,aadhya.joshi1595@example.com,Coimbatore,Tamil Nadu,2022-09-13,Loyal
C01596,Neha Joshi,neha.joshi1596@example.com,Chennai,Tamil Nadu,2024-04-28,Loyal
C01597,Sai Rao,sai.rao1597@example.com,Indore,Madhya Pradesh,2022-03-23,New
C01598,Rohan Patel,rohan.patel1598@example.com,Nagpur,Maharashtra,2023-06-14,Regular
C01599,Kabir Agarwal,kabir.agarwal1599@example.com,Jaipur,Rajasthan,2024-04-08,VIP
C01600,Aadhya Singh,aadhya.singh1600@example.com,Jaipur,Rajasthan,2024-05-23,Loyal
