order_item_id,order_id,product_id,quantity,unit_price,discount_pct
OI000001,O002975,P0235,1,373.21,10
OI000002,O002888,P0019,1,14263.93,0
OI000003,O003903,P0178,2,162.51,0
OI000004,O002462,P0079,1,6113.79,0
OI000005,O002462,P0062,1,2997.43,5
OI000006,O003844,P0194,1,1093.82,0
OI000007,O003844,P0104,1,393.27,5
OI000008,O003844,P0078,1,8872.72,0
OI000009,O000567,P0212,1,181.25,0
OI000010,O001008,P0054,1,2227.8,0
OI000011,O003378,P0139,1,5647.58,0
OI000012,O004063,P0164,1,597.92,0
OI000013,O004063,P0025,1,24964.59,0
OI000014,O004075,P0209,1,1131.26,0
OI000015,O002868,P0049,1,2755.84,0
OI000016,O002868,P0007,1,37593.96,0
OI000017,O000075,P0005,1,27369.28,0
OI000018,O000075,P0008,1,8836.66,0
OI000019,O002838,P0076,1,8191.74,0
OI000020,O002838,P0031,1,2125.78,0
OI000021,O000352,P0054,1,2227.8,0
OI000022,O003997,P0048,1,3922.55,5
OI000023,O003997,P0212,2,181.25,0
OI000024,O002554,P0199,1,3024.68,0
OI000025,O002554,P0175,3,436.15,0
OI000026,O002886,P0019,1,14263.93,0
OI000027,O001271,P0018,1,43480.94,5
OI000028,O003656,P0065,1,260.18,15
OI000029,O003656,P0116,1,2403.95,0
OI000030,O001619,P0031,1,2125.78,0
OI000031,O001619,P0109,1,1042.66,10
OI000032,O002013,P0092,1,2780.61,0
OI000033,O002013,P0170,3,525.76,10
OI000034,O002013,P0104,1,393.27,10
OI000035,O002013,P0003,2,7696.02,15
OI000036,O002706,P0179,1,122.86,0
OI000037,O002706,P0153,1,752.48,0
OI000038,O001993,P0077,2,1474.07,0
OI000039,O001993,P0088,1,5876.52,0
OI000040,O001877,P0100,1,2671.55,0
OI000041,O001877,P0096,1,369.0,0
OI000042,O003303,P0054,1,2227.8,0
OI000043,O003438,P0078,1,8872.72,0
OI000044,O003791,P0110,1,1982.94,10
OI000045,O003791,P0159,1,467.06,0
OI000046,O003211,P0151,1,145.51,0
OI000047,O003060,P0236,1,66.62,0
OI000048,O003060,P0123,1,402.56,15
OI000049,O003060,P0163,1,958.38,0
OI000050,O002828,P0158,1,851.38,20
OI000051,O002828,P0152,1,585.57,0
OI000052,O000835,P0011,2,27843.9,0
OI000053,O000835,P0174,2,670.58,0
OI000054,O000835,P0126,1,2271.81,15
OI000055,O000835,P0009,1,14247.51,0
OI000056,O001658,P0128,1,1434.6,0
OI000057,O003331,P0082,1,5774.06,0
OI000058,O002789,P0090,2,8442.22,0
OI000059,O002789,P0008,1,8836.66,0
OI000060,O000073,P0066,2,3872.22,0
OI000061,O000073,P0180,1,945.21,0
OI000062,O002291,P0122,1,6428.59,10
OI000063,O001423,P0221,1,172.01,0
OI000064,O001979,P0205,1,3182.03,5
OI000065,O000767,P0099,1,2204.27,0
OI000066,O001439,P0193,1,2611.49,0
OI000067,O001439,P0138,2,3724.99,10
OI000068,O001261,P0198,1,1290.69,0
OI000069,O001244,P0026,2,43655.64,0
OI000070,O001244,P0109,1,1042.66,0
OI000071,O003119,P0177,1,691.82,15
OI000072,O002395,P0151,1,145.51,0
OI000073,O000663,P0159,1,467.06,0
OI000074,O000663,P0226,1,1175.86,10
OI000075,O000663,P0090,2,8442.22,5
OI000076,O000663,P0176,1,551.82,0
OI000077,O000346,P0126,1,2271.81,0
OI000078,O003914,P0007,1,37593.96,5
OI000079,O003914,P0098,1,1082.19,0
OI000080,O003682,P0010,1,19891.97,0
OI000081,O001745,P0125,1,6755.25,0
OI000082,O001745,P0195,1,2663.56,0
OI000083,O002952,P0232,1,1130.77,0
OI000084,O002546,P0023,1,12238.08,0
OI000085,O004002,P0122,1,6428.59,10
OI000086,O003282,P0065,1,260.18,0
OI000087,O003282,P0140,2,5002.18,0
OI000088,O002630,P0024,1,14577.63,0
OI000089,O003496,P0022,1,2319.97,20
OI000090,O003496,P0063,1,2204.83,0
OI000091,O003496,P0186,1,486.61,0
OI000092,O003496,P0213,2,132.46,0
OI000093,O001044,P0184,3,3368.99,0
OI000094,O001044,P0162,1,693.18,5
OI000095,O000129,P0237,1,111.58,0
OI000096,O000153,P0025,1,24964.59,0
OI000097,O003543,P0117,1,1772.02,0
OI000098,O003543,P0098,1,1082.19,0
OI000099,O003543,P0192,1,2255.96,5
OI000100,O003543,P0087,2,4705.42,0
OI000101,O000414,P0062,1,2997.43,0
OI000102,O003734,P0155,2,814.67,0
OI000103,O003734,P0121,3,6600.07,0
OI000104,O000397,P0009,1,14247.51,0
OI000105,O000397,P0083,1,993.55,0
OI000106,O002307,P0080,1,2290.21,0
OI000107,O002307,P0142,2,2815.41,0
OI000108,O003066,P0199,1,3024.68,0
OI000109,O003066,P0181,1,1449.37,0
OI000110,O000694,P0219,1,154.51,0
OI000111,O000694,P0116,1,2403.95,5
OI000112,O004196,P0056,1,1660.83,0
OI000113,O004196,P0158,1,851.38,0
OI000114,O002202,P0106,1,1690.33,0
OI000115,O002194,P0025,1,24964.59,0
OI000116,O001522,P0003,1,7696.02,10
OI000117,O001522,P0176,1,551.82,0
OI000118,O002508,P0033,1,1619.39,0
OI000119,O000814,P0152,1,585.57,15
OI000120,O000814,P0221,3,172.01,0
OI000121,O001762,P0173,1,457.65,0
OI000122,O001762,P0200,1,2664.42,0
OI000123,O001762,P0008,1,8836.66,15
OI000124,O003387,P0240,1,1454.49,10
OI000125,O001009,P0130,1,4118.41,0
OI000126,O004092,P0114,1,2920.73,0
OI000127,O000539,P0018,2,43480.94,10
OI000128,O003907,P0129,1,6571.24,0
OI000129,O003141,P0047,1,3874.69,0
OI000130,O003141,P0119,1,913.24,20
OI000131,O003141,P0071,1,8668.54,0
OI000132,O003141,P0179,1,122.86,0
OI000133,O003637,P0145,1,2218.83,0
OI000134,O003637,P0100,1,2671.55,0
OI000135,O003464,P0206,1,1218.7,5
OI000136,O000817,P0237,1,111.58,0
OI000137,O000748,P0138,1,3724.99,10
OI000138,O004181,P0168,1,140.4,0
OI000139,O002747,P0186,2,486.61,0
OI000140,O000650,P0013,1,20958.29,0
OI000141,O000650,P0065,1,260.18,10
OI000142,O003622,P0150,1,4472.37,0
OI000143,O003622,P0031,1,2125.78,5
OI000144,O002370,P0179,1,122.86,10
OI000145,O002468,P0133,1,6177.4,10
OI000146,O001090,P0126,1,2271.81,5
OI000147,O001230,P0045,1,4468.9,0
OI000148,O002494,P0231,1,219.41,15
OI000149,O002859,P0116,1,2403.95,0
OI000150,O001172,P0076,1,8191.74,0
OI000151,O002931,P0219,1,154.51,5
OI000152,O001684,P0042,1,1854.22,0
OI000153,O001684,P0011,1,27843.9,5
OI000154,O002174,P0075,2,652.01,0
OI000155,O001102,P0154,1,563.67,15
OI000156,O000164,P0085,1,557.82,0
OI000157,O000846,P0110,1,1982.94,10
OI000158,O000556,P0029,1,4711.37,0
OI000159,O002579,P0176,1,551.82,0
OI000160,O002579,P0040,1,1983.79,20
OI000161,O002264,P0215,1,557.83,0
OI000162,O002264,P0020,1,31043.1,15
OI000163,O003135,P0051,1,446.72,0
OI000164,O002645,P0124,1,3167.83,0
OI000165,O002645,P0125,2,6755.25,0
OI000166,O002645,P0064,1,7397.53,20
OI000167,O002223,P0002,2,33154.13,5
OI000168,O002223,P0100,1,2671.55,15
OI000169,O002223,P0199,1,3024.68,10
OI000170,O002564,P0191,1,544.85,10
OI000171,O002564,P0207,1,3333.53,0
OI000172,O002564,P0168,1,140.4,0
OI000173,O000764,P0232,1,1130.77,0
OI000174,O002823,P0046,3,861.09,0
OI000175,O002823,P0198,1,1290.69,0
OI000176,O000358,P0097,1,2710.21,5
OI000177,O000358,P0012,2,13712.79,0
OI000178,O000358,P0078,2,8872.72,15
OI000179,O000684,P0047,1,3874.69,0
OI000180,O000684,P0058,2,3276.0,0
OI000181,O000684,P0088,1,5876.52,0
OI000182,O003044,P0222,1,591.69,0
OI000183,O000370,P0175,1,436.15,0
OI000184,O003620,P0150,1,4472.37,0
OI000185,O003620,P0217,1,945.42,0
OI000186,O004048,P0127,1,6001.62,0
OI000187,O002915,P0059,1,4076.26,0
OI000188,O004106,P0183,1,3302.91,20
OI000189,O004106,P0114,1,2920.73,0
OI000190,O004106,P0207,1,3333.53,0
OI000191,O000896,P0180,1,945.21,5
OI000192,O001803,P0234,1,463.28,0
OI000193,O000754,P0030,1,2799.05,0
OI000194,O000754,P0026,1,43655.64,0
OI000195,O000754,P0043,1,1760.62,0
OI000196,O003049,P0036,2,3928.55,0
OI000197,O003049,P0034,2,961.34,15
OI000198,O003792,P0190,1,2877.47,0
OI000199,O003792,P0155,1,814.67,0
OI000200,O000721,P0145,1,2218.83,0
OI000201,O000305,P0007,1,37593.96,0
OI000202,O003868,P0113,1,868.09,0
OI000203,O003868,P0128,1,1434.6,5
OI000204,O002386,P0094,1,2468.94,0
OI000205,O004015,P0204,1,1452.83,0
OI000206,O000366,P0179,1,122.86,10
OI000207,O003052,P0111,2,2006.08,0
OI000208,O003223,P0006,1,1709.83,0
OI000209,O003223,P0182,1,1684.15,5
OI000210,O002352,P0135,1,2707.59,0
OI000211,O003123,P0230,1,130.64,0
OI000212,O003123,P0178,1,162.51,0
OI000213,O002937,P0095,2,1634.99,0
OI000214,O002937,P0163,1,958.38,5
OI000215,O002937,P0140,1,5002.18,20
OI000216,O002895,P0028,1,27227.18,0
OI000217,O000354,P0108,2,2164.32,0
OI000218,O000354,P0122,1,6428.59,5
OI000219,O001620,P0009,1,14247.51,10
OI000220,O001620,P0072,1,4574.79,5
OI000221,O001582,P0112,1,370.66,10
OI000222,O000002,P0143,1,4173.48,5
OI000223,O000523,P0180,1,945.21,0
OI000224,O003249,P0109,1,1042.66,0
OI000225,O003922,P0018,1,43480.94,0
OI000226,O003922,P0017,1,3675.28,0
OI000227,O003922,P0023,1,12238.08,0
OI000228,O000629,P0068,1,8496.61,0
OI000229,O002367,P0225,1,594.58,0
OI000230,O002367,P0171,1,541.45,5
OI000231,O004045,P0092,2,2780.61,0
OI000232,O004045,P0122,1,6428.59,0
OI000233,O002058,P0103,3,1857.64,0
OI000234,O002058,P0130,1,4118.41,0
OI000235,O002381,P0236,1,66.62,0
OI000236,O002620,P0063,1,2204.83,5
OI000237,O002164,P0233,1,1444.15,0
OI000238,O001237,P0238,1,814.17,0
OI000239,O001237,P0225,1,594.58,0
OI000240,O000209,P0036,1,3928.55,10
OI000241,O000209,P0031,1,2125.78,20
OI000242,O003534,P0007,2,37593.96,0
OI000243,O003534,P0042,1,1854.22,0
OI000244,O003534,P0023,1,12238.08,0
OI000245,O003534,P0147,1,5810.42,0
OI000246,O003022,P0048,1,3922.55,0
OI000247,O003022,P0171,1,541.45,0
OI000248,O003022,P0051,1,446.72,20
OI000249,O001296,P0115,1,2685.94,10
OI000250,O001296,P0169,1,868.91,5
OI000251,O003550,P0140,1,5002.18,0
OI000252,O003550,P0096,1,369.0,0
OI000253,O003069,P0143,1,4173.48,5
OI000254,O003069,P0068,2,8496.61,15
OI000255,O003069,P0123,2,402.56,0
OI000256,O000174,P0018,1,43480.94,0
OI000257,O000704,P0203,1,1221.17,5
OI000258,O000291,P0169,1,868.91,0
OI000259,O000291,P0048,1,3922.55,0
OI000260,O000291,P0150,1,4472.37,5
OI000261,O000291,P0106,1,1690.33,5
OI000262,O002483,P0030,1,2799.05,0
OI000263,O002825,P0144,1,3418.51,5
OI000264,O002433,P0011,1,27843.9,10
OI000265,O002433,P0060,1,4494.03,20
OI000266,O001448,P0052,1,1776.47,0
OI000267,O000283,P0038,1,3621.23,0
OI000268,O002384,P0077,1,1474.07,20
OI000269,O003009,P0035,1,649.39,5
OI000270,O003009,P0192,2,2255.96,0
OI000271,O003064,P0180,2,945.21,5
OI000272,O003294,P0101,1,1960.89,0
OI000273,O002595,P0003,1,7696.02,20
OI000274,O002595,P0096,2,369.0,0
OI000275,O002595,P0016,1,27653.48,0
OI000276,O000968,P0131,1,4419.55,5
OI000277,O001676,P0202,1,1841.6,0
OI000278,O001826,P0004,1,3367.3,15
OI000279,O001826,P0029,1,4711.37,0
OI000280,O001826,P0135,1,2707.59,0
OI000281,O004180,P0171,1,541.45,0
OI000282,O004180,P0069,1,4764.36,5
OI000283,O003427,P0150,1,4472.37,0
OI000284,O003427,P0136,3,5721.72,10
OI000285,O003192,P0003,1,7696.02,5
OI000286,O003192,P0078,1,8872.72,0
OI000287,O003192,P0226,2,1175.86,5
OI000288,O004186,P0208,1,2265.65,10
OI000289,O003577,P0036,1,3928.55,0
OI000290,O003226,P0082,2,5774.06,0
OI000291,O000588,P0236,2,66.62,0
OI000292,O002001,P0063,1,2204.83,0
OI000293,O000667,P0221,1,172.01,10
OI000294,O001374,P0123,3,402.56,5
OI000295,O001374,P0206,1,1218.7,10
OI000296,O003616,P0055,1,1374.35,5
OI000297,O003971,P0049,1,2755.84,0
OI000298,O001868,P0170,1,525.76,10
OI000299,O001086,P0122,1,6428.59,10
OI000300,O001086,P0123,1,402.56,0
OI000301,O001086,P0055,1,1374.35,0
OI000302,O001127,P0026,1,43655.64,5
OI000303,O000932,P0045,2,4468.9,0
OI000304,O000355,P0100,1,2671.55,5
OI000305,O000654,P0142,1,2815.41,0
OI000306,O004166,P0163,1,958.38,15
OI000307,O004166,P0161,2,593.3,0
OI000308,O004166,P0139,1,5647.58,0
OI000309,O000053,P0220,1,1073.05,5
OI000310,O004060,P0206,2,1218.7,5
OI000311,O002465,P0019,1,14263.93,15
OI000312,O002465,P0038,1,3621.23,0
OI000313,O002465,P0171,1,541.45,5
OI000314,O002414,P0033,1,1619.39,0
OI000315,O000437,P0220,1,1073.05,0
OI000316,O000437,P0131,1,4419.55,20
OI000317,O003588,P0038,1,3621.23,15
OI000318,O003588,P0221,1,172.01,0
OI000319,O002548,P0195,1,2663.56,0
OI000320,O001798,P0018,1,43480.94,0
OI000321,O003153,P0123,3,402.56,0
OI000322,O003301,P0132,2,1237.56,0
OI000323,O003301,P0019,1,14263.93,5
OI000324,O003301,P0145,2,2218.83,0
OI000325,O002221,P0043,1,1760.62,0
OI000326,O002221,P0064,1,7397.53,0
OI000327,O002221,P0161,1,593.3,0
OI000328,O002221,P0193,1,2611.49,0
OI000329,O001283,P0106,2,1690.33,5
OI000330,O001283,P0215,1,557.83,0
OI000331,O001122,P0161,1,593.3,0
OI000332,O001697,P0093,2,847.03,0
OI000333,O001697,P0058,1,3276.0,0
OI000334,O001017,P0212,1,181.25,0
OI000335,O001017,P0068,1,8496.61,10
OI000336,O000906,P0105,2,113.68,10
OI000337,O000906,P0016,3,27653.48,0
OI000338,O001954,P0193,1,2611.49,0
OI000339,O000506,P0111,1,2006.08,0
OI000340,O002160,P0011,2,27843.9,0
OI000341,O002912,P0223,1,1227.56,5
OI000342,O003989,P0083,1,993.55,0
OI000343,O003880,P0200,1,2664.42,5
OI000344,O004179,P0102,1,567.72,0
OI000345,O003047,P0008,2,8836.66,0
OI000346,O003047,P0050,1,418.47,0
OI000347,O003047,P0172,1,254.88,0
OI000348,O003047,P0186,1,486.61,0
OI000349,O002816,P0239,1,156.01,0
OI000350,O001842,P0096,1,369.0,5
OI000351,O001324,P0101,1,1960.89,0
OI000352,O001324,P0116,1,2403.95,0
OI000353,O002188,P0156,1,494.07,5
OI000354,O002188,P0215,1,557.83,15
OI000355,O001848,P0222,1,591.69,20
OI000356,O001848,P0058,1,3276.0,0
OI000357,O001848,P0192,1,2255.96,10
OI000358,O002685,P0233,2,1444.15,0
OI000359,O002024,P0033,1,1619.39,0
OI000360,O002024,P0123,1,402.56,0
OI000361,O001561,P0158,1,851.38,0
OI000362,O001820,P0203,1,1221.17,0
OI000363,O001820,P0131,1,4419.55,0
OI000364,O004163,P0228,2,210.24,0
OI000365,O004163,P0105,1,113.68,10
OI000366,O004163,P0166,2,419.38,10
OI000367,O001471,P0224,1,1478.7,0
OI000368,O001471,P0194,1,1093.82,0
OI000369,O003924,P0163,1,958.38,0
OI000370,O002877,P0041,1,4355.59,0
OI000371,O000618,P0062,2,2997.43,10
OI000372,O001591,P0154,1,563.67,0
OI000373,O004084,P0134,1,4969.01,0
OI000374,O004084,P0074,2,5563.17,0
OI000375,O002396,P0128,1,1434.6,0
OI000376,O000404,P0198,2,1290.69,0
OI000377,O002899,P0020,1,31043.1,0
OI000378,O002899,P0111,1,2006.08,0
OI000379,O000380,P0154,1,563.67,10
OI000380,O001828,P0008,1,8836.66,0
OI000381,O000301,P0107,1,1989.69,0
OI000382,O002445,P0017,1,3675.28,5
OI000383,O003566,P0144,1,3418.51,5
OI000384,O003270,P0022,1,2319.97,0
OI000385,O003270,P0181,1,1449.37,0
OI000386,O003270,P0229,1,65.46,10
OI000387,O003270,P0199,1,3024.68,20
OI000388,O000745,P0038,1,3621.23,5
OI000389,O000745,P0198,1,1290.69,0
OI000390,O003448,P0165,1,476.64,10
OI000391,O003448,P0011,2,27843.9,20
OI000392,O003447,P0095,1,1634.99,0
OI000393,O003447,P0072,1,4574.79,0
OI000394,O000496,P0101,1,1960.89,10
OI000395,O003570,P0072,1,4574.79,0
OI000396,O003570,P0119,1,913.24,0
OI000397,O000904,P0167,1,111.95,0
OI000398,O002672,P0207,1,3333.53,0
OI000399,O004019,P0235,1,373.21,0
OI000400,O004019,P0088,1,5876.52,0
OI000401,O004019,P0078,1,8872.72,0
OI000402,O002797,P0215,1,557.83,5
OI000403,O001517,P0138,1,3724.99,5
OI000404,O002242,P0155,2,814.67,15
OI000405,O002540,P0084,2,3021.86,5
OI000406,O004151,P0236,1,66.62,0
OI000407,O004151,P0079,2,6113.79,0
OI000408,O004151,P0219,1,154.51,0
OI000409,O000248,P0121,1,6600.07,5
OI000410,O002417,P0131,1,4419.55,15
OI000411,O002417,P0125,2,6755.25,0
OI000412,O002417,P0099,1,2204.27,10
OI000413,O002862,P0194,1,1093.82,5
OI000414,O002862,P0224,1,1478.7,0
OI000415,O003698,P0215,1,557.83,0
OI000416,O000219,P0177,1,691.82,20
OI000417,O000219,P0151,1,145.51,5
OI000418,O003745,P0178,3,162.51,5
OI000419,O003745,P0144,1,3418.51,15
OI000420,O004199,P0237,1,111.58,5
OI000421,O004199,P0175,2,436.15,0
OI000422,O000825,P0155,2,814.67,5
OI000423,O001301,P0154,1,563.67,0
OI000424,O003887,P0170,2,525.76,0
OI000425,O003887,P0202,1,1841.6,0
OI000426,O000051,P0147,1,5810.42,0
OI000427,O000051,P0036,1,3928.55,0
OI000428,O004198,P0121,1,6600.07,15
OI000429,O003358,P0087,1,4705.42,15
OI000430,O001859,P0024,1,14577.63,0
OI000431,O004107,P0178,1,162.51,10
OI000432,O004107,P0126,1,2271.81,0
OI000433,O003889,P0088,3,5876.52,0
OI000434,O003889,P0137,2,6108.38,0
OI000435,O004042,P0133,1,6177.4,0
OI000436,O001926,P0158,1,851.38,0
OI000437,O000206,P0162,2,693.18,20
OI000438,O002021,P0017,1,3675.28,0
OI000439,O002021,P0065,1,260.18,20
OI000440,O003546,P0162,2,693.18,20
OI000441,O001079,P0069,1,4764.36,0
OI000442,O001079,P0240,1,1454.49,0
OI000443,O003352,P0070,1,3398.94,5
OI000444,O001144,P0224,1,1478.7,0
OI000445,O002565,P0074,1,5563.17,0
OI000446,O002565,P0153,1,752.48,0
OI000447,O003315,P0132,1,1237.56,0
OI000448,O003649,P0059,1,4076.26,0
OI000449,O002891,P0081,2,3435.49,0
OI000450,O003544,P0238,1,814.17,0
OI000451,O003544,P0232,1,1130.77,0
OI000452,O003544,P0083,1,993.55,0
OI000453,O003544,P0233,1,1444.15,5
OI000454,O001382,P0062,2,2997.43,5
OI000455,O000079,P0145,1,2218.83,0
OI000456,O002984,P0049,1,2755.84,0
OI000457,O002984,P0090,1,8442.22,0
OI000458,O000963,P0079,2,6113.79,0
OI000459,O003492,P0050,2,418.47,0
OI000460,O003492,P0212,1,181.25,0
OI000461,O003492,P0086,1,6161.57,0
OI000462,O002629,P0133,1,6177.4,0
OI000463,O002629,P0174,1,670.58,0
OI000464,O002629,P0106,2,1690.33,0
OI000465,O002398,P0072,1,4574.79,10
OI000466,O002247,P0068,2,8496.61,0
OI000467,O001738,P0154,1,563.67,0
OI000468,O001921,P0109,1,1042.66,0
OI000469,O003408,P0172,1,254.88,0
OI000470,O001436,P0169,1,868.91,0
OI000471,O001436,P0049,1,2755.84,5
OI000472,O003652,P0197,1,1395.26,0
OI000473,O003652,P0157,2,121.82,20
OI000474,O003996,P0228,3,210.24,5
OI000475,O003996,P0202,1,1841.6,0
OI000476,O001016,P0036,1,3928.55,10
OI000477,O003632,P0206,1,1218.7,0
OI000478,O003632,P0198,1,1290.69,0
OI000479,O003632,P0177,1,691.82,0
OI000480,O002647,P0076,1,8191.74,0
OI000481,O002647,P0049,1,2755.84,0
OI000482,O002647,P0176,2,551.82,0
OI000483,O002743,P0176,1,551.82,0
OI000484,O001338,P0093,1,847.03,0
OI000485,O001535,P0183,1,3302.91,0
OI000486,O001176,P0139,1,5647.58,15
OI000487,O001179,P0142,1,2815.41,0
OI000488,O000962,P0083,1,993.55,10
OI000489,O000451,P0053,1,4564.56,0
OI000490,O000451,P0205,2,3182.03,0
OI000491,O000725,P0119,2,913.24,5
OI000492,O001054,P0149,1,5457.96,0
OI000493,O001054,P0134,1,4969.01,0
OI000494,O002727,P0045,2,4468.9,10
OI000495,O000100,P0031,1,2125.78,0
OI000496,O001770,P0186,1,486.61,5
OI000497,O001770,P0225,1,594.58,0
OI000498,O002491,P0075,1,652.01,0
OI000499,O002491,P0164,1,597.92,0
OI000500,O003048,P0064,1,7397.53,0
OI000501,O002589,P0053,1,4564.56,10
OI000502,O002589,P0154,1,563.67,0
OI000503,O001799,P0203,2,1221.17,0
OI000504,O001609,P0163,1,958.38,0
OI000505,O001609,P0213,1,132.46,0
OI000506,O000150,P0087,1,4705.42,15
OI000507,O000150,P0047,1,3874.69,20
OI000508,O003159,P0228,1,210.24,10
OI000509,O003436,P0166,1,419.38,5
OI000510,O003436,P0208,2,2265.65,0
OI000511,O001272,P0128,2,1434.6,0
OI000512,O001475,P0096,1,369.0,0
OI000513,O002166,P0063,2,2204.83,0
OI000514,O000934,P0101,2,1960.89,0
OI000515,O000934,P0124,1,3167.83,0
OI000516,O001143,P0184,1,3368.99,0
OI000517,O002110,P0070,1,3398.94,0
OI000518,O000201,P0239,1,156.01,0
OI000519,O002118,P0146,1,503.35,0
OI000520,O002118,P0118,1,665.2,0
OI000521,O002388,P0138,1,3724.99,0
OI000522,O000252,P0088,2,5876.52,0
OI000523,O001011,P0038,1,3621.23,0
OI000524,O001011,P0066,1,3872.22,0
OI000525,O001011,P0156,1,494.07,0
OI000526,O001011,P0019,1,14263.93,0
OI000527,O001623,P0065,1,260.18,0
OI000528,O001991,P0032,2,4194.07,0
OI000529,O001991,P0097,1,2710.21,0
OI000530,O001007,P0209,1,1131.26,5
OI000531,O001007,P0141,1,6262.04,0
OI000532,O000526,P0101,1,1960.89,10
OI000533,O001034,P0001,1,17354.67,0
OI000534,O003382,P0018,1,43480.94,0
OI000535,O003382,P0049,1,2755.84,0
OI000536,O003027,P0208,1,2265.65,0
OI000537,O003027,P0240,1,1454.49,15
OI000538,O000263,P0066,1,3872.22,15
OI000539,O001706,P0238,2,814.17,0
OI000540,O002969,P0127,1,6001.62,10
OI000541,O002452,P0117,2,1772.02,0
OI000542,O000476,P0240,1,1454.49,0
OI000543,O000476,P0141,2,6262.04,15
OI000544,O000812,P0150,1,4472.37,0
OI000545,O002472,P0211,1,1196.79,0
OI000546,O000679,P0071,1,8668.54,0
OI000547,O001888,P0131,1,4419.55,0
OI000548,O002308,P0146,1,503.35,5
OI000549,O002600,P0108,1,2164.32,15
OI000550,O002600,P0051,1,446.72,5
OI000551,O002539,P0069,1,4764.36,0
OI000552,O004130,P0014,1,9625.58,0
OI000553,O001705,P0110,1,1982.94,0
OI000554,O001705,P0161,3,593.3,0
OI000555,O002470,P0126,1,2271.81,10
OI000556,O002448,P0153,1,752.48,0
OI000557,O001004,P0028,1,27227.18,5
OI000558,O003002,P0122,1,6428.59,5
OI000559,O003002,P0112,1,370.66,5
OI000560,O002037,P0100,1,2671.55,0
OI000561,O002199,P0081,1,3435.49,0
OI000562,O003420,P0031,1,2125.78,0
OI000563,O003567,P0036,1,3928.55,0
OI000564,O000742,P0047,1,3874.69,15
OI000565,O000742,P0032,1,4194.07,0
OI000566,O002580,P0093,1,847.03,15
OI000567,O000576,P0195,1,2663.56,0
OI000568,O004014,P0206,1,1218.7,20
OI000569,O004014,P0014,1,9625.58,0
OI000570,O003994,P0011,2,27843.9,10
OI000571,O000294,P0217,1,945.42,5
OI000572,O000876,P0018,1,43480.94,0
OI000573,O001941,P0072,1,4574.79,0
OI000574,O003075,P0028,2,27227.18,0
OI000575,O000519,P0141,1,6262.04,5
OI000576,O000519,P0138,1,3724.99,5
OI000577,O003890,P0069,2,4764.36,0
OI000578,O002621,P0033,2,1619.39,0
OI000579,O003533,P0201,2,494.46,0
OI000580,O002069,P0025,3,24964.59,0
OI000581,O003353,P0237,1,111.58,5
OI000582,O003353,P0191,1,544.85,20
OI000583,O003953,P0176,1,551.82,0
OI000584,O001791,P0109,1,1042.66,10
OI000585,O000928,P0053,1,4564.56,0
OI000586,O001135,P0011,1,27843.9,0
OI000587,O003057,P0229,1,65.46,0
OI000588,O003973,P0170,1,525.76,10
OI000589,O003973,P0146,1,503.35,0
OI000590,O002063,P0016,1,27653.48,0
OI000591,O000994,P0003,1,7696.02,5
OI000592,O000994,P0029,1,4711.37,0
OI000593,O001031,P0087,1,4705.42,0
OI000594,O000801,P0160,3,239.79,5
OI000595,O000801,P0185,1,804.9,0
OI000596,O000801,P0071,1,8668.54,0
OI000597,O000548,P0073,1,2705.6,20
OI000598,O000548,P0111,1,2006.08,5
OI000599,O000548,P0062,1,2997.43,10
OI000600,O000718,P0060,1,4494.03,10
OI000601,O000507,P0057,1,4668.58,0
OI000602,O000241,P0159,1,467.06,0
OI000603,O001373,P0155,1,814.67,0
OI000604,O001650,P0147,2,5810.42,10
OI000605,O001808,P0193,1,2611.49,0
OI000606,O004170,P0069,1,4764.36,0
OI000607,O004170,P0238,1,814.17,0
OI000608,O003296,P0142,1,2815.41,0
OI000609,O000515,P0091,1,1088.09,15
OI000610,O002812,P0216,1,256.34,0
OI000611,O000788,P0061,1,7304.47,0
OI000612,O002979,P0039,1,3923.97,0
OI000613,O002979,P0006,1,1709.83,0
OI000614,O002949,P0142,1,2815.41,0
OI000615,O002949,P0150,1,4472.37,5
OI000616,O002949,P0082,1,5774.06,0
OI000617,O000883,P0196,1,3467.19,10
OI000618,O001434,P0057,1,4668.58,0
OI000619,O001434,P0044,1,3728.15,0
OI000620,O002040,P0207,1,3333.53,0
OI000621,O002040,P0212,2,181.25,0
OI000622,O002040,P0099,1,2204.27,0
OI000623,O001497,P0053,1,4564.56,5
OI000624,O000050,P0139,1,5647.58,5
OI000625,O003086,P0158,1,851.38,0
OI000626,O001918,P0005,1,27369.28,5
OI000627,O001381,P0042,1,1854.22,0
OI000628,O001381,P0024,2,14577.63,0
OI000629,O001381,P0147,1,5810.42,0
OI000630,O001381,P0190,1,2877.47,5
OI000631,O000136,P0158,1,851.38,0
OI000632,O000285,P0070,1,3398.94,5
OI000633,O000842,P0208,2,2265.65,0
OI000634,O003796,P0125,1,6755.25,10
OI000635,O000379,P0032,1,4194.07,20
OI000636,O000048,P0025,1,24964.59,5
OI000637,O000048,P0064,1,7397.53,10
OI000638,O000048,P0217,1,945.42,20
OI000639,O000048,P0105,1,113.68,0
OI000640,O003828,P0057,1,4668.58,0
OI000641,O000084,P0062,1,2997.43,0
OI000642,O001339,P0118,1,665.2,0
OI000643,O001594,P0157,1,121.82,10
OI000644,O002977,P0043,1,1760.62,0
OI000645,O002666,P0229,1,65.46,15
OI000646,O000386,P0045,1,4468.9,0
OI000647,O000386,P0235,1,373.21,0
OI000648,O003100,P0057,1,4668.58,0
OI000649,O002039,P0072,1,4574.79,0
OI000650,O002039,P0028,1,27227.18,10
OI000651,O002039,P0001,1,17354.67,0
OI000652,O000021,P0062,1,2997.43,0
OI000653,O000021,P0172,1,254.88,0
OI000654,O003835,P0079,3,6113.79,5
OI000655,O000161,P0112,1,370.66,0
OI000656,O001748,P0149,2,5457.96,10
OI000657,O002254,P0221,1,172.01,0
OI000658,O000361,P0154,1,563.67,0
OI000659,O002238,P0218,1,170.95,0
OI000660,O002238,P0099,2,2204.27,0
OI000661,O002238,P0115,1,2685.94,0
OI000662,O000009,P0055,2,1374.35,15
OI000663,O001153,P0060,2,4494.03,0
OI000664,O001153,P0026,2,43655.64,20
OI000665,O001153,P0217,1,945.42,0
OI000666,O002978,P0021,1,6194.09,0
OI000667,O002542,P0105,2,113.68,0
OI000668,O002542,P0183,1,3302.91,10
OI000669,O002542,P0114,1,2920.73,0
OI000670,O002634,P0114,2,2920.73,15
OI000671,O002634,P0039,1,3923.97,0
OI000672,O000773,P0190,1,2877.47,5
OI000673,O000773,P0228,1,210.24,0
OI000674,O000773,P0099,1,2204.27,0
OI000675,O002098,P0218,1,170.95,10
OI000676,O002098,P0158,2,851.38,0
OI000677,O002098,P0193,1,2611.49,0
OI000678,O000196,P0098,1,1082.19,0
OI000679,O000196,P0006,1,1709.83,5
OI000680,O002216,P0139,1,5647.58,0
OI000681,O002216,P0196,1,3467.19,10
OI000682,O002216,P0070,1,3398.94,5
OI000683,O000312,P0053,1,4564.56,10
OI000684,O002849,P0226,1,1175.86,0
OI000685,O002849,P0173,2,457.65,0
OI000686,O004167,P0126,1,2271.81,0
OI000687,O004167,P0112,1,370.66,0
OI000688,O004167,P0203,1,1221.17,10
OI000689,O002137,P0225,3,594.58,0
OI000690,O002137,P0135,1,2707.59,10
OI000691,O003080,P0088,1,5876.52,10
OI000692,O001356,P0083,1,993.55,10
OI000693,O002734,P0006,2,1709.83,0
OI000694,O003030,P0128,1,1434.6,5
OI000695,O003030,P0130,1,4118.41,10
OI000696,O002658,P0158,1,851.38,5
OI000697,O004029,P0100,1,2671.55,0
OI000698,O000016,P0215,1,557.83,0
OI000699,O001946,P0114,1,2920.73,0
OI000700,O003247,P0156,2,494.07,10
OI000701,O001566,P0053,1,4564.56,15
OI000702,O003050,P0096,1,369.0,0
OI000703,O004116,P0037,1,324.95,5
OI000704,O004116,P0181,1,1449.37,0
OI000705,O003810,P0020,1,31043.1,0
OI000706,O003810,P0154,1,563.67,0
OI000707,O003659,P0215,1,557.83,0
OI000708,O000113,P0179,1,122.86,5
OI000709,O000631,P0175,1,436.15,0
OI000710,O003573,P0097,1,2710.21,0
OI000711,O003083,P0044,1,3728.15,20
OI000712,O003909,P0202,1,1841.6,5
OI000713,O003909,P0104,1,393.27,0
OI000714,O003909,P0054,1,2227.8,0
OI000715,O000796,P0056,1,1660.83,0
OI000716,O003561,P0081,1,3435.49,0
OI000717,O000315,P0091,1,1088.09,0
OI000718,O001025,P0104,1,393.27,5
OI000719,O001025,P0071,1,8668.54,0
OI000720,O003518,P0064,1,7397.53,15
OI000721,O001899,P0184,1,3368.99,0
OI000722,O002065,P0075,1,652.01,0
OI000723,O002065,P0231,1,219.41,20
OI000724,O002065,P0060,1,4494.03,0
OI000725,O002065,P0098,1,1082.19,0
OI000726,O002964,P0154,1,563.67,0
OI000727,O002964,P0225,2,594.58,15
OI000728,O000114,P0121,1,6600.07,10
OI000729,O001493,P0007,2,37593.96,15
OI000730,O000532,P0176,2,551.82,0
OI000731,O003405,P0240,1,1454.49,10
OI000732,O003405,P0145,1,2218.83,0
OI000733,O000611,P0063,1,2204.83,0
OI000734,O000611,P0166,2,419.38,5
OI000735,O000611,P0179,2,122.86,15
OI000736,O003482,P0017,1,3675.28,0
OI000737,O001263,P0116,1,2403.95,5
OI000738,O001263,P0183,1,3302.91,0
OI000739,O003619,P0205,1,3182.03,0
OI000740,O001483,P0006,1,1709.83,0
OI000741,O000954,P0100,2,2671.55,0
OI000742,O000954,P0147,1,5810.42,0
OI000743,O003182,P0089,1,6279.25,0
OI000744,O000840,P0093,1,847.03,15
OI000745,O000840,P0098,1,1082.19,0
OI000746,O002362,P0006,1,1709.83,0
OI000747,O002362,P0126,1,2271.81,0
OI000748,O002362,P0112,1,370.66,0
OI000749,O002332,P0186,1,486.61,0
OI000750,O002332,P0115,1,2685.94,0
OI000751,O003212,P0233,1,1444.15,0
OI000752,O003112,P0109,1,1042.66,0
OI000753,O001715,P0023,1,12238.08,0
OI000754,O002713,P0112,1,370.66,0
OI000755,O002055,P0066,1,3872.22,15
OI000756,O001329,P0090,1,8442.22,10
OI000757,O001329,P0059,1,4076.26,0
OI000758,O002788,P0069,1,4764.36,0
OI000759,O002788,P0094,1,2468.94,5
OI000760,O002158,P0234,1,463.28,0
OI000761,O000251,P0067,1,1253.82,20
OI000762,O000251,P0123,1,402.56,0
OI000763,O001461,P0041,1,4355.59,15
OI000764,O003158,P0044,1,3728.15,0
OI000765,O003158,P0057,1,4668.58,10
OI000766,O003158,P0219,1,154.51,0
OI000767,O003158,P0150,1,4472.37,0
OI000768,O003531,P0166,1,419.38,0
OI000769,O003531,P0133,1,6177.4,0
OI000770,O003531,P0154,1,563.67,0
OI000771,O000430,P0136,2,5721.72,0
OI000772,O002762,P0208,1,2265.65,0
OI000773,O002762,P0051,1,446.72,10
OI000774,O002113,P0217,1,945.42,0
OI000775,O000587,P0010,1,19891.97,5
OI000776,O002475,P0098,1,1082.19,0
OI000777,O001962,P0094,1,2468.94,0
OI000778,O000750,P0013,2,20958.29,0
OI000779,O002311,P0195,1,2663.56,20
OI000780,O001432,P0059,1,4076.26,0
OI000781,O001432,P0024,2,14577.63,0
OI000782,O001432,P0182,1,1684.15,10
OI000783,O001432,P0235,1,373.21,0
OI000784,O000939,P0041,1,4355.59,0
OI000785,O000939,P0024,1,14577.63,0
OI000786,O002522,P0158,1,851.38,0
OI000787,O003203,P0179,1,122.86,5
OI000788,O003203,P0142,1,2815.41,5
OI000789,O001587,P0013,2,20958.29,0
OI000790,O000183,P0065,1,260.18,5
OI000791,O000648,P0021,1,6194.09,5
OI000792,O000806,P0135,1,2707.59,0
OI000793,O000806,P0239,1,156.01,0
OI000794,O000177,P0066,1,3872.22,0
OI000795,O001414,P0116,1,2403.95,0
OI000796,O001414,P0039,2,3923.97,0
OI000797,O001414,P0076,1,8191.74,10
OI000798,O003957,P0037,1,324.95,0
OI000799,O001209,P0220,1,1073.05,5
OI000800,O003452,P0112,1,370.66,0
OI000801,O003452,P0072,2,4574.79,20
OI000802,O001708,P0223,2,1227.56,5
OI000803,O001977,P0235,1,373.21,0
OI000804,O002989,P0048,1,3922.55,5
OI000805,O002989,P0059,1,4076.26,0
OI000806,O004098,P0105,2,113.68,0
OI000807,O004098,P0080,1,2290.21,0
OI000808,O001767,P0043,1,1760.62,0
OI000809,O001767,P0134,1,4969.01,0
OI000810,O001816,P0018,1,43480.94,5
OI000811,O001816,P0060,2,4494.03,0
OI000812,O003213,P0224,1,1478.7,0
OI000813,O003398,P0024,1,14577.63,15
OI000814,O001115,P0159,1,467.06,5
OI000815,O001115,P0014,2,9625.58,0
OI000816,O004110,P0147,1,5810.42,10
OI000817,O001947,P0168,1,140.4,0
OI000818,O000103,P0201,1,494.46,5
OI000819,O000103,P0224,1,1478.7,0
OI000820,O000103,P0222,1,591.69,20
OI000821,O001366,P0190,1,2877.47,0
OI000822,O002566,P0046,1,861.09,5
OI000823,O003584,P0074,1,5563.17,0
OI000824,O003584,P0141,1,6262.04,0
OI000825,O003584,P0121,1,6600.07,0
OI000826,O003629,P0109,1,1042.66,0
OI000827,O001994,P0230,1,130.64,10
OI000828,O004052,P0043,2,1760.62,0
OI000829,O004052,P0061,1,7304.47,0
OI000830,O003921,P0005,1,27369.28,0
OI000831,O000435,P0207,1,3333.53,0
OI000832,O000822,P0051,1,446.72,0
OI000833,O000822,P0155,1,814.67,20
OI000834,O000822,P0183,1,3302.91,0
OI000835,O000822,P0020,1,31043.1,5
OI000836,O001788,P0018,1,43480.94,10
OI000837,O001723,P0198,1,1290.69,10
OI000838,O001723,P0026,1,43655.64,10
OI000839,O001723,P0069,1,4764.36,0
OI000840,O001723,P0210,2,2401.94,10
OI000841,O003607,P0201,1,494.46,0
OI000842,O000859,P0046,1,861.09,0
OI000843,O000859,P0137,1,6108.38,0
OI000844,O000288,P0032,1,4194.07,0
OI000845,O002730,P0200,1,2664.42,0
OI000846,O002730,P0119,1,913.24,0
OI000847,O003580,P0142,1,2815.41,5
OI000848,O003601,P0195,1,2663.56,0
OI000849,O000104,P0095,1,1634.99,20
OI000850,O000104,P0186,1,486.61,10
OI000851,O002485,P0046,1,861.09,15
OI000852,O002056,P0040,1,1983.79,0
OI000853,O003864,P0137,1,6108.38,0
OI000854,O003864,P0239,1,156.01,0
OI000855,O003864,P0048,1,3922.55,0
OI000856,O002178,P0063,1,2204.83,0
OI000857,O002178,P0202,1,1841.6,0
OI000858,O003898,P0003,1,7696.02,0
OI000859,O003898,P0084,1,3021.86,0
OI000860,O001556,P0219,1,154.51,0
OI000861,O001198,P0044,1,3728.15,15
OI000862,O000625,P0197,1,1395.26,0
OI000863,O000625,P0070,2,3398.94,0
OI000864,O001982,P0132,1,1237.56,10
OI000865,O001982,P0209,1,1131.26,0
OI000866,O003945,P0006,3,1709.83,5
OI000867,O002310,P0129,1,6571.24,0
OI000868,O001412,P0130,1,4118.41,0
OI000869,O002724,P0230,1,130.64,0
OI000870,O002724,P0015,1,26984.72,15
OI000871,O000199,P0101,1,1960.89,20
OI000872,O000199,P0035,1,649.39,0
OI000873,O001681,P0043,2,1760.62,0
OI000874,O000034,P0013,1,20958.29,5
OI000875,O001955,P0121,1,6600.07,0
OI000876,O001955,P0040,2,1983.79,0
OI000877,O001955,P0217,1,945.42,15
OI000878,O001955,P0034,1,961.34,0
OI000879,O001291,P0062,1,2997.43,15
OI000880,O001291,P0221,1,172.01,0
OI000881,O003397,P0156,1,494.07,10
OI000882,O000951,P0214,2,689.22,0
OI000883,O000951,P0095,1,1634.99,0
OI000884,O001065,P0147,1,5810.42,0
OI000885,O001065,P0201,1,494.46,0
OI000886,O000851,P0072,2,4574.79,0
OI000887,O000562,P0119,1,913.24,5
OI000888,O002688,P0063,1,2204.83,0
OI000889,O001323,P0117,1,1772.02,5
OI000890,O001323,P0045,1,4468.9,0
OI000891,O003162,P0182,1,1684.15,0
OI000892,O004147,P0029,1,4711.37,0
OI000893,O000058,P0183,2,3302.91,0
OI000894,O003757,P0064,2,7397.53,0
OI000895,O003757,P0042,1,1854.22,0
OI000896,O002927,P0164,1,597.92,0
OI000897,O002953,P0156,1,494.07,0
OI000898,O003165,P0194,1,1093.82,0
OI000899,O002840,P0011,1,27843.9,0
OI000900,O003892,P0018,2,43480.94,10
OI000901,O000777,P0097,1,2710.21,0
OI000902,O002000,P0035,2,649.39,0
OI000903,O001917,P0001,1,17354.67,0
OI000904,O001917,P0074,1,5563.17,0
OI000905,O001917,P0118,1,665.2,0
OI000906,O002467,P0136,1,5721.72,0
OI000907,O002467,P0205,1,3182.03,10
OI000908,O002520,P0126,1,2271.81,20
OI000909,O003940,P0174,1,670.58,10
OI000910,O000943,P0194,1,1093.82,0
OI000911,O000943,P0102,1,567.72,0
OI000912,O001453,P0141,1,6262.04,0
OI000913,O001453,P0139,1,5647.58,5
OI000914,O001453,P0186,2,486.61,0
OI000915,O004068,P0104,1,393.27,0
OI000916,O004068,P0228,2,210.24,10
OI000917,O004068,P0135,2,2707.59,5
OI000918,O002528,P0120,1,1970.87,15
OI000919,O002894,P0166,1,419.38,5
OI000920,O002582,P0134,2,4969.01,0
OI000921,O002014,P0091,1,1088.09,0
OI000922,O002014,P0202,1,1841.6,0
OI000923,O004006,P0156,1,494.07,0
OI000924,O002162,P0148,1,1150.31,0
OI000925,O002130,P0184,1,3368.99,10
OI000926,O002130,P0215,1,557.83,5
OI000927,O003562,P0192,1,2255.96,10
OI000928,O003562,P0104,1,393.27,10
OI000929,O002947,P0193,1,2611.49,0
OI000930,O002947,P0065,1,260.18,5
OI000931,O003856,P0135,1,2707.59,0
OI000932,O002907,P0240,2,1454.49,5
OI000933,O000261,P0105,1,113.68,0
OI000934,O002416,P0043,2,1760.62,0
OI000935,O000006,P0129,2,6571.24,15
OI000936,O002156,P0220,1,1073.05,0
OI000937,O001267,P0128,2,1434.6,0
OI000938,O001267,P0033,1,1619.39,10
OI000939,O001443,P0207,3,3333.53,0
OI000940,O001443,P0010,1,19891.97,0
OI000941,O002513,P0053,1,4564.56,0
OI000942,O001201,P0019,2,14263.93,0
OI000943,O003469,P0154,1,563.67,10
OI000944,O003469,P0095,1,1634.99,5
OI000945,O003711,P0216,1,256.34,5
OI000946,O002527,P0077,1,1474.07,10
OI000947,O002260,P0030,1,2799.05,0
OI000948,O002260,P0155,1,814.67,0
OI000949,O003081,P0232,1,1130.77,0
OI000950,O003081,P0106,3,1690.33,0
OI000951,O003081,P0098,1,1082.19,0
OI000952,O003081,P0097,1,2710.21,0
OI000953,O001513,P0077,1,1474.07,0
OI000954,O001469,P0096,1,369.0,0
OI000955,O002995,P0007,1,37593.96,5
OI000956,O004161,P0081,1,3435.49,5
OI000957,O002574,P0125,1,6755.25,5
OI000958,O001315,P0051,1,446.72,20
OI000959,O001164,P0193,2,2611.49,0
OI000960,O003775,P0005,1,27369.28,0
OI000961,O000980,P0056,1,1660.83,15
OI000962,O000222,P0112,1,370.66,10
OI000963,O000222,P0199,2,3024.68,15
OI000964,O001219,P0164,1,597.92,0
OI000965,O002004,P0193,3,2611.49,0
OI000966,O001518,P0038,2,3621.23,0
OI000967,O003935,P0116,1,2403.95,0
OI000968,O003935,P0222,1,591.69,5
OI000969,O002768,P0152,2,585.57,10
OI000970,O000636,P0203,1,1221.17,15
OI000971,O000458,P0195,1,2663.56,10
OI000972,O003487,P0192,1,2255.96,0
OI000973,O003487,P0036,1,3928.55,5
OI000974,O001303,P0167,2,111.95,0
OI000975,O001303,P0204,1,1452.83,20
OI000976,O000284,P0078,1,8872.72,10
OI000977,O000334,P0102,1,567.72,0
OI000978,O001477,P0063,1,2204.83,0
OI000979,O002457,P0037,1,324.95,5
OI000980,O002457,P0005,1,27369.28,5
OI000981,O002457,P0231,1,219.41,5
OI000982,O002457,P0059,1,4076.26,0
OI000983,O003899,P0232,1,1130.77,5
OI000984,O003899,P0113,1,868.09,0
OI000985,O002303,P0065,1,260.18,5
OI000986,O002303,P0125,3,6755.25,5
OI000987,O002922,P0103,1,1857.64,5
OI000988,O003915,P0120,1,1970.87,0
OI000989,O003915,P0183,1,3302.91,5
OI000990,O001183,P0120,2,1970.87,0
OI000991,O001183,P0096,1,369.0,0
OI000992,O002237,P0226,2,1175.86,0
OI000993,O004195,P0053,1,4564.56,0
OI000994,O002717,P0119,1,913.24,0
OI000995,O003795,P0034,1,961.34,10
OI000996,O003795,P0107,1,1989.69,0
OI000997,O003795,P0014,1,9625.58,10
OI000998,O004109,P0063,1,2204.83,0
OI000999,O003495,P0038,2,3621.23,5
OI001000,O003495,P0230,2,130.64,0
OI001001,O003495,P0164,2,597.92,0
OI001002,O003495,P0237,1,111.58,0
OI001003,O002067,P0026,1,43655.64,0
OI001004,O002102,P0076,1,8191.74,0
OI001005,O001821,P0096,2,369.0,15
OI001006,O001821,P0014,1,9625.58,0
OI001007,O001821,P0090,2,8442.22,15
OI001008,O002996,P0120,1,1970.87,0
OI001009,O002996,P0233,1,1444.15,0
OI001010,O003535,P0099,2,2204.27,5
OI001011,O003535,P0228,1,210.24,0
OI001012,O003750,P0168,1,140.4,5
OI001013,O003750,P0224,1,1478.7,5
OI001014,O003750,P0111,1,2006.08,0
OI001015,O003750,P0020,1,31043.1,0
OI001016,O000760,P0154,1,563.67,0
OI001017,O003219,P0076,1,8191.74,0
OI001018,O003219,P0091,1,1088.09,5
OI001019,O000071,P0211,1,1196.79,0
OI001020,O000938,P0132,2,1237.56,15
OI001021,O000938,P0142,1,2815.41,0
OI001022,O000456,P0123,1,402.56,0
OI001023,O002523,P0011,1,27843.9,0
OI001024,O000200,P0240,1,1454.49,0
OI001025,O002733,P0223,1,1227.56,5
OI001026,O002733,P0217,1,945.42,0
OI001027,O001371,P0123,2,402.56,20
OI001028,O003662,P0018,1,43480.94,0
OI001029,O003662,P0091,1,1088.09,10
OI001030,O001564,P0085,2,557.82,0
OI001031,O001564,P0050,1,418.47,0
OI001032,O000524,P0080,1,2290.21,0
OI001033,O001900,P0237,1,111.58,0
OI001034,O001900,P0130,1,4118.41,0
OI001035,O000286,P0043,1,1760.62,0
OI001036,O000286,P0003,2,7696.02,0
OI001037,O001622,P0026,1,43655.64,10
OI001038,O001603,P0038,1,3621.23,0
OI001039,O001603,P0191,1,544.85,0
OI001040,O001238,P0183,2,3302.91,15
OI001041,O001238,P0144,1,3418.51,0
OI001042,O001543,P0070,1,3398.94,0
OI001043,O001760,P0016,1,27653.48,0
OI001044,O003056,P0007,1,37593.96,5
OI001045,O002561,P0131,1,4419.55,10
OI001046,O001003,P0056,1,1660.83,0
OI001047,O001003,P0162,1,693.18,0
OI001048,O002270,P0134,1,4969.01,0
OI001049,O001192,P0096,2,369.0,5
OI001050,O002096,P0007,1,37593.96,0
OI001051,O001931,P0115,1,2685.94,5
OI001052,O000613,P0104,1,393.27,10
OI001053,O000613,P0086,1,6161.57,0
OI001054,O000424,P0205,1,3182.03,10
OI001055,O002752,P0157,1,121.82,0
OI001056,O002752,P0118,1,665.2,0
OI001057,O000335,P0089,2,6279.25,5
OI001058,O000603,P0160,1,239.79,0
OI001059,O003608,P0084,2,3021.86,5
OI001060,O003608,P0073,1,2705.6,0
OI001061,O001218,P0095,3,1634.99,0
OI001062,O001218,P0014,1,9625.58,0
OI001063,O001218,P0206,2,1218.7,5
OI001064,O002584,P0133,1,6177.4,0
OI001065,O002584,P0150,1,4472.37,15
OI001066,O002052,P0032,1,4194.07,0
OI001067,O000102,P0227,2,664.12,0
OI001068,O000102,P0113,2,868.09,0
OI001069,O000102,P0195,1,2663.56,0
OI001070,O003713,P0125,2,6755.25,0
OI001071,O003713,P0111,1,2006.08,5
OI001072,O003713,P0196,2,3467.19,0
OI001073,O001960,P0132,1,1237.56,0
OI001074,O001583,P0010,1,19891.97,0
OI001075,O002328,P0171,1,541.45,15
OI001076,O002328,P0200,1,2664.42,0
OI001077,O002328,P0141,1,6262.04,5
OI001078,O001141,P0187,1,465.38,0
OI001079,O001141,P0192,1,2255.96,0
OI001080,O002577,P0145,1,2218.83,0
OI001081,O002577,P0130,1,4118.41,20
OI001082,O002920,P0018,1,43480.94,0
OI001083,O002920,P0040,1,1983.79,0
OI001084,O002165,P0239,1,156.01,0
OI001085,O002165,P0212,1,181.25,0
OI001086,O003077,P0097,1,2710.21,0
OI001087,O001550,P0085,1,557.82,0
OI001088,O003334,P0170,1,525.76,5
OI001089,O000130,P0183,1,3302.91,0
OI001090,O001992,P0113,1,868.09,0
OI001091,O001992,P0188,1,387.48,0
OI001092,O001992,P0185,2,804.9,5
OI001093,O001992,P0163,1,958.38,0
OI001094,O004018,P0069,1,4764.36,0
OI001095,O004018,P0037,1,324.95,0
OI001096,O001262,P0037,2,324.95,0
OI001097,O003585,P0196,1,3467.19,0
OI001098,O001417,P0235,1,373.21,5
OI001099,O001417,P0051,1,446.72,5
OI001100,O003943,P0024,1,14577.63,0
OI001101,O003943,P0158,2,851.38,0
OI001102,O004136,P0099,1,2204.27,0
OI001103,O000534,P0071,1,8668.54,5
OI001104,O000862,P0101,2,1960.89,0
OI001105,O003169,P0057,2,4668.58,5
OI001106,O003169,P0011,2,27843.9,5
OI001107,O003169,P0012,2,13712.79,0
OI001108,O000028,P0078,1,8872.72,0
OI001109,O000306,P0004,2,3367.3,0
OI001110,O000306,P0035,2,649.39,0
OI001111,O001651,P0050,1,418.47,0
OI001112,O000971,P0108,1,2164.32,0
OI001113,O002471,P0146,1,503.35,0
OI001114,O002471,P0050,1,418.47,10
OI001115,O001949,P0107,1,1989.69,0
OI001116,O001949,P0205,2,3182.03,0
OI001117,O000020,P0212,1,181.25,0
OI001118,O000829,P0227,1,664.12,0
OI001119,O000829,P0039,1,3923.97,15
OI001120,O001327,P0110,1,1982.94,5
OI001121,O001327,P0141,1,6262.04,15
OI001122,O001901,P0146,2,503.35,0
OI001123,O002722,P0066,1,3872.22,5
OI001124,O000156,P0235,1,373.21,0
OI001125,O000156,P0054,2,2227.8,0
OI001126,O002834,P0001,1,17354.67,0
OI001127,O002834,P0017,1,3675.28,0
OI001128,O003199,P0042,1,1854.22,0
OI001129,O001666,P0220,1,1073.05,10
OI001130,O001753,P0010,1,19891.97,0
OI001131,O003157,P0068,2,8496.61,0
OI001132,O002190,P0187,1,465.38,0
OI001133,O002190,P0124,1,3167.83,10
OI001134,O000322,P0202,1,1841.6,10
OI001135,O000322,P0017,1,3675.28,15
OI001136,O000322,P0057,1,4668.58,0
OI001137,O002533,P0120,2,1970.87,10
OI001138,O000981,P0235,2,373.21,0
OI001139,O000981,P0043,2,1760.62,20
OI001140,O000981,P0237,1,111.58,0
OI001141,O003598,P0173,3,457.65,10
OI001142,O003598,P0127,2,6001.62,15
OI001143,O004135,P0030,1,2799.05,5
OI001144,O004135,P0021,1,6194.09,0
OI001145,O002926,P0172,2,254.88,0
OI001146,O003811,P0118,1,665.2,5
OI001147,O002062,P0208,1,2265.65,0
OI001148,O002604,P0231,1,219.41,0
OI001149,O003478,P0088,1,5876.52,0
OI001150,O000535,P0158,2,851.38,0
OI001151,O002088,P0187,1,465.38,0
OI001152,O004118,P0096,1,369.0,0
OI001153,O002597,P0218,1,170.95,5
OI001154,O002597,P0121,1,6600.07,15
OI001155,O003329,P0067,1,1253.82,0
OI001156,O000264,P0148,1,1150.31,0
OI001157,O000264,P0143,1,4173.48,0
OI001158,O004041,P0141,1,6262.04,0
OI001159,O004041,P0228,1,210.24,0
OI001160,O001023,P0231,1,219.41,0
OI001161,O001023,P0209,2,1131.26,0
OI001162,O003085,P0190,1,2877.47,0
OI001163,O003085,P0085,1,557.82,5
OI001164,O003085,P0162,1,693.18,0
OI001165,O003085,P0171,1,541.45,5
OI001166,O002393,P0084,1,3021.86,0
OI001167,O002393,P0135,2,2707.59,20
OI001168,O003848,P0040,1,1983.79,10
OI001169,O001952,P0171,1,541.45,15
OI001170,O001952,P0175,1,436.15,0
OI001171,O003955,P0214,1,689.22,20
OI001172,O003955,P0184,1,3368.99,0
OI001173,O003597,P0151,1,145.51,0
OI001174,O003597,P0134,2,4969.01,0
OI001175,O000474,P0175,2,436.15,0
OI001176,O000474,P0072,3,4574.79,5
OI001177,O003677,P0207,1,3333.53,15
OI001178,O001367,P0153,1,752.48,0
OI001179,O003089,P0200,1,2664.42,20
OI001180,O001653,P0230,1,130.64,0
OI001181,O001653,P0063,1,2204.83,0
OI001182,O002655,P0058,2,3276.0,10
OI001183,O002655,P0209,1,1131.26,0
OI001184,O000078,P0006,1,1709.83,0
OI001185,O004005,P0112,2,370.66,20
OI001186,O004005,P0124,2,3167.83,0
OI001187,O004005,P0070,1,3398.94,0
OI001188,O001325,P0085,1,557.82,5
OI001189,O003272,P0131,1,4419.55,0
OI001190,O003272,P0077,1,1474.07,0
OI001191,O003981,P0128,1,1434.6,10
OI001192,O001575,P0186,1,486.61,0
OI001193,O000895,P0104,1,393.27,10
OI001194,O000895,P0014,2,9625.58,10
OI001195,O000895,P0152,1,585.57,5
OI001196,O000895,P0077,1,1474.07,0
OI001197,O001792,P0206,2,1218.7,15
OI001198,O000250,P0221,1,172.01,15
OI001199,O003542,P0066,1,3872.22,0
OI001200,O001606,P0028,1,27227.18,5
OI001201,O001606,P0211,1,1196.79,0
OI001202,O002249,P0038,1,3621.23,0
OI001203,O002667,P0143,2,4173.48,0
OI001204,O003883,P0058,2,3276.0,10
OI001205,O003883,P0217,2,945.42,0
OI001206,O000098,P0201,2,494.46,10
OI001207,O000808,P0057,1,4668.58,0
OI001208,O000808,P0226,1,1175.86,5
OI001209,O002440,P0064,1,7397.53,0
OI001210,O002799,P0119,1,913.24,10
OI001211,O001465,P0232,1,1130.77,0
OI001212,O001465,P0040,2,1983.79,0
OI001213,O002010,P0238,1,814.17,0
OI001214,O002010,P0026,1,43655.64,5
OI001215,O004011,P0179,1,122.86,0
OI001216,O002844,P0139,1,5647.58,0
OI001217,O001154,P0130,1,4118.41,0
OI001218,O003055,P0093,1,847.03,0
OI001219,O002172,P0106,1,1690.33,0
OI001220,O002751,P0191,1,544.85,0
OI001221,O002686,P0103,2,1857.64,5
OI001222,O003881,P0108,1,2164.32,5
OI001223,O003881,P0146,2,503.35,5
OI001224,O003461,P0085,1,557.82,0
OI001225,O003988,P0077,1,1474.07,10
OI001226,O003471,P0021,1,6194.09,0
OI001227,O003471,P0063,1,2204.83,0
OI001228,O003207,P0042,1,1854.22,0
OI001229,O004178,P0160,1,239.79,0
OI001230,O004178,P0124,1,3167.83,0
OI001231,O004178,P0238,1,814.17,0
OI001232,O004178,P0170,1,525.76,0
OI001233,O003823,P0017,1,3675.28,0
OI001234,O003823,P0199,1,3024.68,5
OI001235,O001670,P0081,1,3435.49,5
OI001236,O000678,P0238,1,814.17,0
OI001237,O001222,P0228,2,210.24,20
OI001238,O001222,P0015,2,26984.72,5
OI001239,O002149,P0112,1,370.66,0
OI001240,O002149,P0104,1,393.27,0
OI001241,O001736,P0209,1,1131.26,0
OI001242,O002070,P0111,1,2006.08,10
OI001243,O000111,P0040,1,1983.79,0
OI001244,O000111,P0107,1,1989.69,0
OI001245,O002531,P0122,1,6428.59,0
OI001246,O002324,P0008,1,8836.66,0
OI001247,O001073,P0086,1,6161.57,0
OI001248,O003733,P0095,1,1634.99,0
OI001249,O003733,P0031,1,2125.78,5
OI001250,O000096,P0079,1,6113.79,15
OI001251,O001548,P0061,1,7304.47,10
OI001252,O001060,P0125,1,6755.25,0
OI001253,O002925,P0226,1,1175.86,5
OI001254,O000658,P0126,1,2271.81,0
OI001255,O000658,P0238,1,814.17,0
OI001256,O000658,P0102,1,567.72,0
OI001257,O001847,P0151,1,145.51,0
OI001258,O003424,P0055,1,1374.35,0
OI001259,O003424,P0104,2,393.27,0
OI001260,O003424,P0111,2,2006.08,0
OI001261,O003424,P0218,1,170.95,10
OI001262,O000220,P0061,2,7304.47,10
OI001263,O002819,P0074,1,5563.17,0
OI001264,O002819,P0063,1,2204.83,15
OI001265,O002819,P0157,1,121.82,0
OI001266,O002819,P0206,1,1218.7,0
OI001267,O000060,P0043,1,1760.62,10
OI001268,O002673,P0087,2,4705.42,5
OI001269,O003179,P0041,1,4355.59,0
OI001270,O003179,P0154,1,563.67,5
OI001271,O002453,P0084,1,3021.86,0
OI001272,O000686,P0152,1,585.57,0
OI001273,O000686,P0097,1,2710.21,20
OI001274,O004169,P0219,1,154.51,0
OI001275,O001656,P0022,1,2319.97,5
OI001276,O001656,P0026,1,43655.64,0
OI001277,O002419,P0022,1,2319.97,5
OI001278,O002419,P0204,2,1452.83,0
OI001279,O001555,P0189,1,2979.33,5
OI001280,O001555,P0003,1,7696.02,0
OI001281,O001555,P0039,1,3923.97,0
OI001282,O002078,P0139,1,5647.58,0
OI001283,O001430,P0110,1,1982.94,0
OI001284,O001217,P0127,1,6001.62,10
OI001285,O000462,P0230,1,130.64,0
OI001286,O000462,P0024,1,14577.63,0
OI001287,O000462,P0240,1,1454.49,0
OI001288,O002551,P0204,1,1452.83,0
OI001289,O004073,P0207,1,3333.53,0
OI001290,O004073,P0179,1,122.86,5
OI001291,O002858,P0166,1,419.38,0
OI001292,O002858,P0039,1,3923.97,0
OI001293,O002981,P0014,1,9625.58,0
OI001294,O001214,P0001,2,17354.67,5
OI001295,O002392,P0121,1,6600.07,0
OI001296,O003227,P0046,1,861.09,20
OI001297,O003227,P0009,1,14247.51,10
OI001298,O003485,P0035,2,649.39,5
OI001299,O000660,P0075,1,652.01,5
OI001300,O000660,P0216,1,256.34,0
OI001301,O003699,P0094,1,2468.94,0
OI001302,O000696,P0174,1,670.58,0
OI001303,O002499,P0176,1,551.82,0
OI001304,O004129,P0236,1,66.62,10
OI001305,O001721,P0212,1,181.25,0
OI001306,O001388,P0180,1,945.21,0
OI001307,O001388,P0092,1,2780.61,0
OI001308,O001388,P0171,1,541.45,0
OI001309,O001388,P0147,1,5810.42,10
OI001310,O002693,P0023,1,12238.08,0
OI001311,O000328,P0011,2,27843.9,10
OI001312,O004051,P0043,2,1760.62,0
OI001313,O004051,P0229,1,65.46,0
OI001314,O002854,P0080,2,2290.21,0
OI001315,O002854,P0085,1,557.82,15
OI001316,O003712,P0026,2,43655.64,0
OI001317,O001576,P0010,1,19891.97,0
OI001318,O002709,P0150,1,4472.37,10
OI001319,O000693,P0022,1,2319.97,0
OI001320,O000693,P0011,2,27843.9,0
OI001321,O001581,P0158,1,851.38,0
OI001322,O002258,P0001,1,17354.67,0
OI001323,O002258,P0211,2,1196.79,0
OI001324,O003714,P0237,1,111.58,5
OI001325,O003714,P0050,1,418.47,20
OI001326,O004156,P0203,1,1221.17,0
OI001327,O000374,P0044,1,3728.15,0
OI001328,O001379,P0230,1,130.64,0
OI001329,O003111,P0101,1,1960.89,0
OI001330,O003111,P0211,1,1196.79,5
OI001331,O003773,P0126,1,2271.81,0
OI001332,O003780,P0028,1,27227.18,0
OI001333,O001554,P0069,1,4764.36,15
OI001334,O003765,P0152,1,585.57,0
OI001335,O003765,P0075,1,652.01,10
OI001336,O002775,P0158,1,851.38,0
OI001337,O002775,P0215,1,557.83,0
OI001338,O000045,P0135,1,2707.59,0
OI001339,O000045,P0019,1,14263.93,0
OI001340,O000671,P0213,1,132.46,5
OI001341,O001087,P0157,2,121.82,0
OI001342,O001087,P0073,1,2705.6,15
OI001343,O001087,P0036,1,3928.55,0
OI001344,O000908,P0017,1,3675.28,5
OI001345,O000614,P0119,1,913.24,0
OI001346,O001359,P0156,1,494.07,0
OI001347,O003634,P0219,2,154.51,10
OI001348,O002183,P0067,1,1253.82,5
OI001349,O002183,P0041,1,4355.59,5
OI001350,O003742,P0165,1,476.64,0
OI001351,O003742,P0199,1,3024.68,0
OI001352,O003708,P0180,1,945.21,0
OI001353,O000015,P0132,1,1237.56,0
OI001354,O000015,P0025,1,24964.59,10
OI001355,O000015,P0128,1,1434.6,0
OI001356,O000015,P0156,2,494.07,0
OI001357,O003171,P0058,1,3276.0,5
OI001358,O000956,P0177,1,691.82,0
OI001359,O000956,P0073,1,2705.6,0
OI001360,O002562,P0009,1,14247.51,0
OI001361,O003309,P0101,1,1960.89,0
OI001362,O003309,P0219,1,154.51,0
OI001363,O000407,P0087,1,4705.42,0
OI001364,O000407,P0171,1,541.45,0
OI001365,O000407,P0042,1,1854.22,0
OI001366,O000407,P0178,1,162.51,0
OI001367,O001167,P0122,1,6428.59,0
OI001368,O000063,P0208,1,2265.65,0
OI001369,O000063,P0116,1,2403.95,10
OI001370,O001247,P0092,1,2780.61,5
OI001371,O002451,P0131,1,4419.55,0
OI001372,O002451,P0079,1,6113.79,20
OI001373,O002383,P0076,3,8191.74,0
OI001374,O000612,P0168,1,140.4,0
OI001375,O003666,P0181,1,1449.37,10
OI001376,O001121,P0209,1,1131.26,0
OI001377,O001121,P0103,1,1857.64,0
OI001378,O001121,P0108,1,2164.32,15
OI001379,O001121,P0207,1,3333.53,0
OI001380,O001616,P0239,1,156.01,0
OI001381,O003592,P0061,2,7304.47,0
OI001382,O003592,P0204,1,1452.83,0
OI001383,O001839,P0217,3,945.42,5
OI001384,O001839,P0080,1,2290.21,15
OI001385,O002545,P0171,1,541.45,0
OI001386,O003788,P0084,2,3021.86,5
OI001387,O001499,P0054,1,2227.8,0
OI001388,O000453,P0062,1,2997.43,0
OI001389,O001312,P0119,2,913.24,15
OI001390,O001312,P0039,3,3923.97,5
OI001391,O001618,P0181,2,1449.37,0
OI001392,O002662,P0040,1,1983.79,10
OI001393,O002662,P0010,1,19891.97,0
OI001394,O001739,P0021,1,6194.09,20
OI001395,O002075,P0016,1,27653.48,15
OI001396,O000978,P0151,1,145.51,0
OI001397,O000978,P0225,1,594.58,10
OI001398,O000242,P0031,2,2125.78,0
OI001399,O000242,P0038,1,3621.23,0
OI001400,O001264,P0028,1,27227.18,0
OI001401,O001264,P0115,1,2685.94,0
OI001402,O001967,P0033,1,1619.39,0
OI001403,O001967,P0039,1,3923.97,10
OI001404,O003473,P0186,1,486.61,0
OI001405,O003001,P0019,2,14263.93,0
OI001406,O001879,P0073,1,2705.6,10
OI001407,O001879,P0198,1,1290.69,0
OI001408,O001879,P0086,1,6161.57,0
OI001409,O003870,P0177,1,691.82,0
OI001410,O002552,P0082,1,5774.06,10
OI001411,O002552,P0149,1,5457.96,0
OI001412,O002389,P0062,1,2997.43,0
OI001413,O002389,P0184,1,3368.99,15
OI001414,O002389,P0124,1,3167.83,0
OI001415,O002431,P0112,1,370.66,0
OI001416,O000645,P0105,1,113.68,10
OI001417,O002219,P0032,1,4194.07,0
OI001418,O002219,P0239,1,156.01,0
OI001419,O003851,P0165,1,476.64,0
OI001420,O003851,P0172,2,254.88,5
OI001421,O000885,P0172,1,254.88,0
OI001422,O000885,P0142,1,2815.41,10
OI001423,O001845,P0187,1,465.38,0
OI001424,O001845,P0151,1,145.51,0
OI001425,O003110,P0078,1,8872.72,0
OI001426,O002387,P0240,1,1454.49,5
OI001427,O001336,P0182,1,1684.15,0
OI001428,O000120,P0054,1,2227.8,0
OI001429,O000120,P0230,1,130.64,0
OI001430,O000120,P0122,1,6428.59,0
OI001431,O000120,P0168,3,140.4,10
OI001432,O002637,P0009,1,14247.51,10
OI001433,O002637,P0094,1,2468.94,0
OI001434,O002637,P0041,1,4355.59,0
OI001435,O003260,P0101,1,1960.89,0
OI001436,O003260,P0050,2,418.47,0
OI001437,O002146,P0089,1,6279.25,10
OI001438,O001268,P0017,1,3675.28,10
OI001439,O001074,P0013,1,20958.29,5
OI001440,O002963,P0009,2,14247.51,0
OI001441,O003797,P0216,2,256.34,0
OI001442,O003797,P0219,1,154.51,20
OI001443,O003797,P0206,1,1218.7,0
OI001444,O003571,P0065,1,260.18,10
OI001445,O003571,P0100,1,2671.55,0
OI001446,O000027,P0048,2,3922.55,0
OI001447,O000027,P0209,3,1131.26,5
OI001448,O002319,P0128,2,1434.6,0
OI001449,O001253,P0119,1,913.24,5
OI001450,O003271,P0169,1,868.91,0
OI001451,O003271,P0102,1,567.72,10
OI001452,O003271,P0201,1,494.46,0
OI001453,O003843,P0182,1,1684.15,0
OI001454,O003843,P0221,1,172.01,10
OI001455,O001226,P0083,1,993.55,0
OI001456,O002993,P0116,1,2403.95,0
OI001457,O002317,P0035,1,649.39,0
OI001458,O002681,P0209,1,1131.26,0
OI001459,O002681,P0084,1,3021.86,20
OI001460,O001066,P0191,1,544.85,15
OI001461,O003127,P0182,2,1684.15,0
OI001462,O001038,P0109,1,1042.66,15
OI001463,O001038,P0169,1,868.91,0
OI001464,O004091,P0081,1,3435.49,5
OI001465,O000861,P0235,1,373.21,0
OI001466,O003617,P0193,1,2611.49,0
OI001467,O000752,P0146,3,503.35,0
OI001468,O000752,P0223,1,1227.56,0
OI001469,O001936,P0180,1,945.21,0
OI001470,O002282,P0048,2,3922.55,15
OI001471,O004003,P0002,1,33154.13,20
OI001472,O000919,P0223,1,1227.56,0
OI001473,O001278,P0201,1,494.46,10
OI001474,O001913,P0043,1,1760.62,10
OI001475,O001913,P0065,1,260.18,0
OI001476,O002477,P0107,1,1989.69,0
OI001477,O002477,P0024,1,14577.63,20
OI001478,O003262,P0125,2,6755.25,0
OI001479,O003262,P0225,1,594.58,0
OI001480,O002657,P0086,1,6161.57,0
OI001481,O002657,P0038,1,3621.23,10
OI001482,O002657,P0011,1,27843.9,0
OI001483,O002657,P0227,1,664.12,10
OI001484,O003394,P0036,2,3928.55,15
OI001485,O003040,P0062,1,2997.43,0
OI001486,O001542,P0132,1,1237.56,5
OI001487,O001082,P0155,1,814.67,5
OI001488,O003289,P0127,2,6001.62,0
OI001489,O003289,P0072,1,4574.79,15
OI001490,O002304,P0233,1,1444.15,0
OI001491,O003104,P0052,1,1776.47,15
OI001492,O003104,P0185,2,804.9,0
OI001493,O004133,P0047,1,3874.69,0
OI001494,O001740,P0107,1,1989.69,0
OI001495,O001740,P0010,2,19891.97,0
OI001496,O002940,P0198,1,1290.69,0
OI001497,O002009,P0003,1,7696.02,0
OI001498,O002009,P0162,1,693.18,0
OI001499,O002009,P0093,1,847.03,5
OI001500,O003720,P0183,2,3302.91,0
OI001501,O003720,P0088,1,5876.52,0
OI001502,O003720,P0205,1,3182.03,0
OI001503,O001999,P0158,1,851.38,0
OI001504,O003330,P0096,1,369.0,5
OI001505,O003330,P0087,1,4705.42,0
OI001506,O003737,P0001,1,17354.67,15
OI001507,O003737,P0027,1,42325.85,0
OI001508,O003410,P0124,1,3167.83,10
OI001509,O003375,P0198,1,1290.69,0
OI001510,O003375,P0212,1,181.25,0
OI001511,O002715,P0129,2,6571.24,0
OI001512,O002072,P0052,1,1776.47,10
OI001513,O001175,P0055,1,1374.35,0
OI001514,O001175,P0038,1,3621.23,0
OI001515,O001175,P0086,3,6161.57,0
OI001516,O000185,P0175,1,436.15,0
OI001517,O001328,P0169,1,868.91,0
OI001518,O001328,P0220,2,1073.05,0
OI001519,O000425,P0189,1,2979.33,0
OI001520,O000425,P0191,1,544.85,0
OI001521,O000555,P0130,1,4118.41,0
OI001522,O000945,P0071,1,8668.54,15
OI001523,O003161,P0136,1,5721.72,10
OI001524,O001040,P0101,1,1960.89,0
OI001525,O001040,P0228,1,210.24,0
OI001526,O000655,P0136,1,5721.72,5
OI001527,O000655,P0152,1,585.57,0
OI001528,O000655,P0157,2,121.82,0
OI001529,O003370,P0238,1,814.17,0
OI001530,O000488,P0157,1,121.82,10
OI001531,O001352,P0051,1,446.72,5
OI001532,O001352,P0112,1,370.66,0
OI001533,O000927,P0198,1,1290.69,0
OI001534,O000927,P0188,1,387.48,15
OI001535,O001639,P0205,1,3182.03,0
OI001536,O002613,P0011,1,27843.9,0
OI001537,O003612,P0117,1,1772.02,0
OI001538,O003612,P0185,1,804.9,0
OI001539,O001108,P0152,1,585.57,10
OI001540,O001108,P0141,2,6262.04,10
OI001541,O001108,P0075,1,652.01,15
OI001542,O001108,P0138,1,3724.99,0
OI001543,O002624,P0194,1,1093.82,0
OI001544,O001449,P0117,1,1772.02,5
OI001545,O001540,P0012,1,13712.79,20
OI001546,O003692,P0073,1,2705.6,20
OI001547,O002885,P0086,1,6161.57,10
OI001548,O000469,P0005,1,27369.28,0
OI001549,O000469,P0105,2,113.68,0
OI001550,O000469,P0151,1,145.51,0
OI001551,O000119,P0161,1,593.3,10
OI001552,O002353,P0203,1,1221.17,0
OI001553,O002353,P0017,1,3675.28,0
OI001554,O002611,P0122,2,6428.59,0
OI001555,O002611,P0213,1,132.46,5
OI001556,O002611,P0225,2,594.58,0
OI001557,O001158,P0107,1,1989.69,0
OI001558,O001158,P0238,1,814.17,5
OI001559,O003893,P0119,1,913.24,0
OI001560,O003893,P0235,1,373.21,0
OI001561,O002659,P0227,1,664.12,0
OI001562,O003648,P0156,1,494.07,0
OI001563,O003648,P0147,1,5810.42,0
OI001564,O001306,P0060,1,4494.03,0
OI001565,O001322,P0237,1,111.58,0
OI001566,O001322,P0081,1,3435.49,15
OI001567,O003209,P0214,1,689.22,0
OI001568,O003368,P0152,1,585.57,10
OI001569,O003946,P0058,1,3276.0,5
OI001570,O003738,P0116,1,2403.95,10
OI001571,O002083,P0068,1,8496.61,15
OI001572,O002083,P0077,1,1474.07,0
OI001573,O002083,P0229,1,65.46,0
OI001574,O003680,P0167,3,111.95,10
OI001575,O003680,P0219,1,154.51,0
OI001576,O000069,P0010,1,19891.97,5
OI001577,O003963,P0210,2,2401.94,10
OI001578,O001239,P0059,1,4076.26,5
OI001579,O003786,P0172,1,254.88,0
OI001580,O000952,P0232,1,1130.77,0
OI001581,O001174,P0149,1,5457.96,10
OI001582,O001174,P0066,1,3872.22,5
OI001583,O000178,P0102,1,567.72,0
OI001584,O002607,P0068,1,8496.61,0
OI001585,O001484,P0002,1,33154.13,10
OI001586,O001484,P0136,1,5721.72,10
OI001587,O000337,P0059,1,4076.26,0
OI001588,O000337,P0011,1,27843.9,0
OI001589,O000337,P0057,1,4668.58,0
OI001590,O002474,P0211,2,1196.79,5
OI001591,O002474,P0116,1,2403.95,5
OI001592,O002343,P0062,1,2997.43,0
OI001593,O000406,P0102,1,567.72,0
OI001594,O000406,P0001,1,17354.67,0
OI001595,O000406,P0111,1,2006.08,0
OI001596,O000572,P0013,1,20958.29,5
OI001597,O002745,P0020,1,31043.1,5
OI001598,O003195,P0206,2,1218.7,0
OI001599,O003195,P0071,2,8668.54,0
OI001600,O003073,P0138,1,3724.99,0
OI001601,O003073,P0209,1,1131.26,5
OI001602,O002833,P0231,1,219.41,0
OI001603,O002610,P0140,1,5002.18,5
OI001604,O003753,P0107,1,1989.69,0
OI001605,O000733,P0005,1,27369.28,0
OI001606,O000733,P0129,1,6571.24,0
OI001607,O000246,P0223,2,1227.56,0
OI001608,O003675,P0188,1,387.48,0
OI001609,O001529,P0204,1,1452.83,5
OI001610,O003240,P0197,1,1395.26,0
OI001611,O001741,P0164,1,597.92,5
OI001612,O001966,P0202,2,1841.6,0
OI001613,O001966,P0079,1,6113.79,0
OI001614,O001809,P0197,1,1395.26,0
OI001615,O001553,P0154,1,563.67,5
OI001616,O001553,P0170,1,525.76,0
OI001617,O000068,P0014,1,9625.58,0
OI001618,O000674,P0128,1,1434.6,0
OI001619,O001975,P0149,1,5457.96,0
OI001620,O002138,P0055,1,1374.35,0
OI001621,O001450,P0137,3,6108.38,0
OI001622,O003685,P0170,1,525.76,0
OI001623,O003095,P0142,1,2815.41,0
OI001624,O003095,P0074,1,5563.17,0
OI001625,O004027,P0200,2,2664.42,0
OI001626,O004027,P0030,1,2799.05,0
OI001627,O004027,P0219,1,154.51,0
OI001628,O004027,P0061,1,7304.47,15
OI001629,O001000,P0237,1,111.58,5
OI001630,O000372,P0100,1,2671.55,0
OI001631,O000372,P0144,1,3418.51,10
OI001632,O000378,P0186,1,486.61,0
OI001633,O000378,P0085,1,557.82,0
OI001634,O000378,P0046,1,861.09,0
OI001635,O002999,P0140,2,5002.18,5
OI001636,O002999,P0168,1,140.4,0
OI001637,O001476,P0052,1,1776.47,0
OI001638,O001476,P0004,1,3367.3,0
OI001639,O004165,P0176,2,551.82,20
OI001640,O001252,P0110,1,1982.94,15
OI001641,O001252,P0021,3,6194.09,15
OI001642,O001252,P0085,1,557.82,5
OI001643,O001252,P0166,1,419.38,10
OI001644,O000525,P0063,1,2204.83,20
OI001645,O001970,P0123,1,402.56,20
OI001646,O003706,P0006,1,1709.83,10
OI001647,O003706,P0026,1,43655.64,0
OI001648,O003706,P0034,1,961.34,0
OI001649,O003706,P0239,1,156.01,0
OI001650,O003821,P0192,1,2255.96,10
OI001651,O003821,P0188,1,387.48,0
OI001652,O003821,P0067,2,1253.82,10
OI001653,O003342,P0044,1,3728.15,5
OI001654,O003144,P0169,2,868.91,0
OI001655,O003144,P0075,1,652.01,0
OI001656,O000813,P0172,1,254.88,0
OI001657,O000813,P0066,1,3872.22,5
OI001658,O003256,P0107,1,1989.69,10
OI001659,O000541,P0042,1,1854.22,0
OI001660,O000541,P0232,2,1130.77,0
OI001661,O000541,P0110,1,1982.94,0
OI001662,O001854,P0053,1,4564.56,5
OI001663,O003558,P0187,1,465.38,20
OI001664,O003388,P0042,1,1854.22,10
OI001665,O003446,P0093,1,847.03,20
OI001666,O000955,P0025,1,24964.59,15
OI001667,O000232,P0196,1,3467.19,15
OI001668,O001631,P0239,3,156.01,0
OI001669,O001631,P0074,1,5563.17,0
OI001670,O001454,P0080,1,2290.21,0
OI001671,O001454,P0139,1,5647.58,0
OI001672,O002103,P0178,1,162.51,15
OI001673,O001132,P0141,1,6262.04,10
OI001674,O002309,P0164,1,597.92,0
OI001675,O003412,P0018,1,43480.94,5
OI001676,O003412,P0020,3,31043.1,20
OI001677,O000115,P0040,2,1983.79,20
OI001678,O003418,P0224,1,1478.7,0
OI001679,O002271,P0032,2,4194.07,0
OI001680,O000231,P0219,1,154.51,5
OI001681,O000231,P0240,1,1454.49,0
OI001682,O000309,P0001,1,17354.67,0
OI001683,O000309,P0062,1,2997.43,15
OI001684,O003132,P0017,1,3675.28,0
OI001685,O003132,P0200,1,2664.42,0
OI001686,O003132,P0198,1,1290.69,5
OI001687,O000699,P0204,1,1452.83,0
OI001688,O001669,P0195,1,2663.56,0
OI001689,O003896,P0070,1,3398.94,5
OI001690,O000215,P0046,1,861.09,10
OI001691,O000215,P0030,1,2799.05,0
OI001692,O000215,P0196,1,3467.19,0
OI001693,O003975,P0116,1,2403.95,0
OI001694,O003975,P0087,2,4705.42,0
OI001695,O003430,P0032,1,4194.07,0
OI001696,O002592,P0129,1,6571.24,0
OI001697,O000419,P0197,1,1395.26,5
OI001698,O001935,P0214,2,689.22,15
OI001699,O001935,P0200,1,2664.42,0
OI001700,O001935,P0137,1,6108.38,0
OI001701,O001935,P0120,1,1970.87,10
OI001702,O002120,P0131,1,4419.55,0
OI001703,O002314,P0032,1,4194.07,0
OI001704,O002711,P0124,1,3167.83,0
OI001705,O001924,P0172,2,254.88,0
OI001706,O002293,P0158,3,851.38,0
OI001707,O003527,P0072,1,4574.79,10
OI001708,O002437,P0202,1,1841.6,5
OI001709,O003096,P0022,2,2319.97,0
OI001710,O003475,P0092,1,2780.61,0
OI001711,O000737,P0202,3,1841.6,0
OI001712,O000737,P0024,2,14577.63,0
OI001713,O001006,P0091,1,1088.09,0
OI001714,O001006,P0046,1,861.09,0
OI001715,O003933,P0100,2,2671.55,10
OI001716,O001951,P0207,1,3333.53,10
OI001717,O002114,P0049,1,2755.84,0
OI001718,O002107,P0140,1,5002.18,5
OI001719,O002480,P0065,1,260.18,15
OI001720,O002480,P0186,1,486.61,0
OI001721,O002695,P0005,1,27369.28,0
OI001722,O002661,P0234,1,463.28,0
OI001723,O002272,P0234,1,463.28,0
OI001724,O002272,P0159,1,467.06,15
OI001725,O002455,P0206,1,1218.7,0
OI001726,O002455,P0204,2,1452.83,0
OI001727,O002126,P0197,1,1395.26,5
OI001728,O000032,P0023,1,12238.08,0
OI001729,O000032,P0017,2,3675.28,0
OI001730,O000936,P0042,1,1854.22,10
OI001731,O001724,P0038,2,3621.23,0
OI001732,O001724,P0088,1,5876.52,0
OI001733,O000949,P0042,1,1854.22,0
OI001734,O000949,P0134,1,4969.01,0
OI001735,O002913,P0209,2,1131.26,0
OI001736,O003131,P0177,1,691.82,0
OI001737,O001558,P0137,1,6108.38,0
OI001738,O001733,P0050,1,418.47,0
OI001739,O001733,P0123,1,402.56,5
OI001740,O001733,P0237,1,111.58,10
OI001741,O000005,P0194,2,1093.82,5
OI001742,O000005,P0162,1,693.18,10
OI001743,O001829,P0090,3,8442.22,0
OI001744,O001829,P0008,1,8836.66,0
OI001745,O001829,P0088,1,5876.52,5
OI001746,O003636,P0219,1,154.51,10
OI001747,O003636,P0100,1,2671.55,0
OI001748,O003636,P0203,1,1221.17,0
OI001749,O003636,P0194,2,1093.82,0
OI001750,O000484,P0111,1,2006.08,0
OI001751,O002735,P0027,1,42325.85,0
OI001752,O002735,P0207,2,3333.53,0
OI001753,O002735,P0132,2,1237.56,0
OI001754,O003043,P0199,2,3024.68,10
OI001755,O000608,P0208,1,2265.65,15
OI001756,O000131,P0104,1,393.27,0
OI001757,O001393,P0055,1,1374.35,10
OI001758,O000875,P0043,2,1760.62,0
OI001759,O003384,P0049,1,2755.84,0
OI001760,O001428,P0159,1,467.06,5
OI001761,O002128,P0164,1,597.92,20
OI001762,O002644,P0124,1,3167.83,0
OI001763,O002644,P0199,1,3024.68,10
OI001764,O002644,P0151,1,145.51,0
OI001765,O002644,P0192,2,2255.96,15
OI001766,O003805,P0179,1,122.86,0
OI001767,O003805,P0018,1,43480.94,0
OI001768,O000727,P0191,1,544.85,0
OI001769,O001365,P0059,2,4076.26,5
OI001770,O000815,P0214,2,689.22,0
OI001771,O000815,P0169,1,868.91,0
OI001772,O000815,P0240,1,1454.49,15
OI001773,O000300,P0234,1,463.28,0
OI001774,O000755,P0200,1,2664.42,0
OI001775,O002841,P0127,1,6001.62,15
OI001776,O001968,P0143,1,4173.48,0
OI001777,O000565,P0198,1,1290.69,5
OI001778,O003789,P0118,1,665.2,0
OI001779,O003789,P0100,1,2671.55,0
OI001780,O000669,P0083,1,993.55,0
OI001781,O003579,P0165,1,476.64,10
OI001782,O003579,P0095,1,1634.99,0
OI001783,O002955,P0051,1,446.72,0
OI001784,O001633,P0231,1,219.41,0
OI001785,O003068,P0011,1,27843.9,0
OI001786,O003068,P0010,1,19891.97,0
OI001787,O000375,P0116,1,2403.95,5
OI001788,O000375,P0049,1,2755.84,0
OI001789,O002241,P0001,1,17354.67,0
OI001790,O000304,P0147,1,5810.42,0
OI001791,O000304,P0091,2,1088.09,0
OI001792,O001173,P0005,1,27369.28,5
OI001793,O002845,P0171,1,541.45,20
OI001794,O002845,P0240,1,1454.49,0
OI001795,O001019,P0096,1,369.0,5
OI001796,O001019,P0167,1,111.95,5
OI001797,O002632,P0087,2,4705.42,0
OI001798,O002972,P0107,1,1989.69,15
OI001799,O002972,P0192,1,2255.96,0
OI001800,O003014,P0215,1,557.83,5
OI001801,O003014,P0002,1,33154.13,0
OI001802,O003014,P0081,2,3435.49,0
OI001803,O003440,P0221,2,172.01,5
OI001804,O001714,P0119,1,913.24,5
OI001805,O000280,P0022,2,2319.97,5
OI001806,O003591,P0035,1,649.39,0
OI001807,O000877,P0216,1,256.34,20
OI001808,O000238,P0025,1,24964.59,0
OI001809,O002211,P0153,1,752.48,5
OI001810,O002211,P0134,1,4969.01,10
OI001811,O003343,P0144,1,3418.51,5
OI001812,O002741,P0197,1,1395.26,0
OI001813,O002741,P0030,1,2799.05,5
OI001814,O002086,P0152,1,585.57,0
OI001815,O002106,P0035,1,649.39,5
OI001816,O002106,P0122,1,6428.59,10
OI001817,O001744,P0127,1,6001.62,0
OI001818,O003916,P0142,1,2815.41,0
OI001819,O003833,P0142,1,2815.41,0
OI001820,O003470,P0186,1,486.61,0
OI001821,O001069,P0195,1,2663.56,0
OI001822,O001069,P0088,1,5876.52,0
OI001823,O001069,P0031,1,2125.78,0
OI001824,O002018,P0160,1,239.79,5
OI001825,O002018,P0208,3,2265.65,15
OI001826,O002018,P0009,1,14247.51,5
OI001827,O001266,P0202,1,1841.6,0
OI001828,O002125,P0214,2,689.22,0
OI001829,O000423,P0164,1,597.92,0
OI001830,O000423,P0082,1,5774.06,0
OI001831,O000227,P0063,1,2204.83,0
OI001832,O000920,P0080,1,2290.21,0
OI001833,O002191,P0138,1,3724.99,0
OI001834,O000554,P0211,1,1196.79,0
OI001835,O000610,P0109,1,1042.66,0
OI001836,O000610,P0076,1,8191.74,0
OI001837,O001787,P0010,2,19891.97,10
OI001838,O004083,P0220,2,1073.05,0
OI001839,O001813,P0028,1,27227.18,5
OI001840,O001813,P0015,1,26984.72,0
OI001841,O003672,P0077,1,1474.07,0
OI001842,O002045,P0171,1,541.45,5
OI001843,O002776,P0036,2,3928.55,0
OI001844,O001654,P0179,1,122.86,0
OI001845,O001654,P0067,2,1253.82,0
OI001846,O000726,P0209,1,1131.26,0
OI001847,O001351,P0098,1,1082.19,10
OI001848,O000398,P0040,1,1983.79,10
OI001849,O000398,P0072,1,4574.79,0
OI001850,O003537,P0088,1,5876.52,0
OI001851,O003017,P0218,1,170.95,20
OI001852,O003017,P0106,1,1690.33,0
OI001853,O000937,P0020,1,31043.1,0
OI001854,O000937,P0136,1,5721.72,0
OI001855,O001903,P0094,1,2468.94,0
OI001856,O001903,P0020,1,31043.1,0
OI001857,O004174,P0128,1,1434.6,20
OI001858,O002015,P0079,1,6113.79,0
OI001859,O001996,P0190,1,2877.47,0
OI001860,O001996,P0077,1,1474.07,0
OI001861,O003245,P0105,1,113.68,0
OI001862,O000421,P0006,1,1709.83,0
OI001863,O003657,P0007,2,37593.96,0
OI001864,O003468,P0073,1,2705.6,0
OI001865,O003468,P0084,1,3021.86,0
OI001866,O003164,P0048,1,3922.55,0
OI001867,O001048,P0183,3,3302.91,0
OI001868,O000857,P0024,1,14577.63,0
OI001869,O000571,P0223,1,1227.56,0
OI001870,O000571,P0036,1,3928.55,5
OI001871,O000157,P0239,1,156.01,0
OI001872,O004132,P0135,1,2707.59,10
OI001873,O002665,P0155,1,814.67,0
OI001874,O002665,P0154,1,563.67,0
OI001875,O002759,P0219,1,154.51,20
OI001876,O001858,P0026,2,43655.64,0
OI001877,O001409,P0093,1,847.03,5
OI001878,O001318,P0030,2,2799.05,10
OI001879,O004137,P0025,1,24964.59,5
OI001880,O004137,P0068,1,8496.61,0
OI001881,O001105,P0197,2,1395.26,0
OI001882,O001105,P0086,2,6161.57,0
OI001883,O001347,P0082,1,5774.06,0
OI001884,O001140,P0228,2,210.24,5
OI001885,O001140,P0032,3,4194.07,0
OI001886,O001766,P0047,1,3874.69,10
OI001887,O003751,P0148,3,1150.31,0
OI001888,O000418,P0055,1,1374.35,0
OI001889,O000418,P0150,1,4472.37,5
OI001890,O000418,P0205,1,3182.03,15
OI001891,O000418,P0021,2,6194.09,0
OI001892,O001768,P0060,1,4494.03,0
OI001893,O001236,P0013,1,20958.29,0
OI001894,O001236,P0071,1,8668.54,0
OI001895,O000108,P0080,1,2290.21,0
OI001896,O000559,P0216,3,256.34,0
OI001897,O001909,P0195,1,2663.56,0
OI001898,O002302,P0141,1,6262.04,0
OI001899,O002656,P0194,1,1093.82,10
OI001900,O002656,P0139,2,5647.58,0
OI001901,O002656,P0234,1,463.28,0
OI001902,O002934,P0220,2,1073.05,0
OI001903,O002934,P0021,1,6194.09,10
OI001904,O002436,P0208,1,2265.65,10
OI001905,O002436,P0183,1,3302.91,5
OI001906,O002436,P0141,1,6262.04,5
OI001907,O002436,P0240,1,1454.49,0
OI001908,O003139,P0148,1,1150.31,0
OI001909,O001403,P0223,1,1227.56,0
OI001910,O001403,P0177,2,691.82,10
OI001911,O003830,P0140,1,5002.18,15
OI001912,O001758,P0077,1,1474.07,0
OI001913,O001758,P0233,1,1444.15,5
OI001914,O001889,P0142,1,2815.41,0
OI001915,O000218,P0169,1,868.91,0
OI001916,O000218,P0077,2,1474.07,0
OI001917,O003679,P0026,1,43655.64,0
OI001918,O001984,P0230,1,130.64,0
OI001919,O001984,P0104,2,393.27,0
OI001920,O001415,P0193,1,2611.49,0
OI001921,O001415,P0239,2,156.01,0
OI001922,O002536,P0011,1,27843.9,0
OI001923,O003820,P0080,2,2290.21,5
OI001924,O003820,P0236,1,66.62,0
OI001925,O003297,P0225,1,594.58,0
OI001926,O000511,P0108,2,2164.32,0
OI001927,O000701,P0024,1,14577.63,5
OI001928,O000170,P0169,1,868.91,20
OI001929,O000581,P0086,2,6161.57,0
OI001930,O000581,P0069,1,4764.36,0
OI001931,O001802,P0190,1,2877.47,0
OI001932,O000574,P0014,1,9625.58,5
OI001933,O000040,P0036,1,3928.55,0
OI001934,O002916,P0018,1,43480.94,0
OI001935,O000339,P0025,2,24964.59,0
OI001936,O000339,P0151,2,145.51,5
OI001937,O001118,P0002,1,33154.13,0
OI001938,O001118,P0028,1,27227.18,0
OI001939,O000933,P0229,2,65.46,5
OI001940,O000933,P0123,1,402.56,0
OI001941,O003121,P0011,2,27843.9,0
OI001942,O003121,P0121,2,6600.07,10
OI001943,O002529,P0208,2,2265.65,0
OI001944,O001983,P0093,1,847.03,5
OI001945,O001547,P0104,1,393.27,10
OI001946,O001547,P0139,2,5647.58,5
OI001947,O000347,P0028,1,27227.18,0
OI001948,O002928,P0068,1,8496.61,20
OI001949,O002928,P0041,2,4355.59,5
OI001950,O004030,P0152,1,585.57,5
OI001951,O004030,P0144,1,3418.51,10
OI001952,O003758,P0230,1,130.64,5
OI001953,O003758,P0204,1,1452.83,0
OI001954,O002447,P0064,1,7397.53,0
OI001955,O002447,P0021,1,6194.09,0
OI001956,O002773,P0086,2,6161.57,0
OI001957,O004089,P0044,2,3728.15,0
OI001958,O003894,P0048,1,3922.55,5
OI001959,O001928,P0167,2,111.95,15
OI001960,O002521,P0236,1,66.62,10
OI001961,O000682,P0146,1,503.35,5
OI001962,O000343,P0180,1,945.21,0
OI001963,O000707,P0222,1,591.69,0
OI001964,O000707,P0027,1,42325.85,0
OI001965,O002196,P0162,2,693.18,0
OI001966,O002196,P0208,1,2265.65,5
OI001967,O002196,P0005,2,27369.28,0
OI001968,O001644,P0121,1,6600.07,0
OI001969,O003937,P0056,1,1660.83,20
OI001970,O000972,P0187,1,465.38,0
OI001971,O001029,P0182,1,1684.15,0
OI001972,O001029,P0033,1,1619.39,0
OI001973,O001492,P0044,1,3728.15,5
OI001974,O003845,P0189,1,2979.33,0
OI001975,O000137,P0211,1,1196.79,0
OI001976,O000137,P0222,1,591.69,0
OI001977,O001202,P0175,1,436.15,0
OI001978,O001202,P0131,1,4419.55,0
OI001979,O002268,P0062,1,2997.43,0
OI001980,O003961,P0105,1,113.68,0
OI001981,O000140,P0002,1,33154.13,0
OI001982,O003445,P0175,1,436.15,0
OI001983,O002956,P0134,1,4969.01,0
OI001984,O003061,P0225,1,594.58,10
OI001985,O003540,P0070,1,3398.94,10
OI001986,O003540,P0148,1,1150.31,0
OI001987,O001109,P0204,2,1452.83,20
OI001988,O001109,P0187,1,465.38,0
OI001989,O001109,P0199,1,3024.68,0
OI001990,O001109,P0216,1,256.34,10
OI001991,O001789,P0049,1,2755.84,0
OI001992,O002612,P0127,1,6001.62,20
OI001993,O002612,P0141,1,6262.04,0
OI001994,O001707,P0061,3,7304.47,10
OI001995,O001707,P0016,2,27653.48,0
OI001996,O002053,P0111,1,2006.08,5
OI001997,O002053,P0055,1,1374.35,0
OI001998,O002053,P0157,1,121.82,0
OI001999,O001989,P0171,1,541.45,10
OI002000,O001989,P0100,1,2671.55,0
OI002001,O003332,P0050,1,418.47,0
OI002002,O003332,P0212,1,181.25,5
OI002003,O003078,P0136,2,5721.72,5
OI002004,O003078,P0075,1,652.01,0
OI002005,O003078,P0089,1,6279.25,0
OI002006,O003078,P0035,1,649.39,0
OI002007,O000984,P0104,1,393.27,5
OI002008,O000984,P0152,2,585.57,0
OI002009,O000941,P0106,1,1690.33,0
OI002010,O000941,P0234,1,463.28,0
OI002011,O002374,P0149,1,5457.96,15
OI002012,O002830,P0074,1,5563.17,20
OI002013,O002830,P0069,1,4764.36,10
OI002014,O002830,P0064,1,7397.53,0
OI002015,O000649,P0158,2,851.38,0
OI002016,O000785,P0220,2,1073.05,15
OI002017,O001769,P0228,1,210.24,0
OI002018,O001334,P0032,1,4194.07,0
OI002019,O002180,P0181,1,1449.37,0
OI002020,O002506,P0108,1,2164.32,0
OI002021,O002506,P0066,1,3872.22,0
OI002022,O000868,P0166,1,419.38,0
OI002023,O000868,P0155,1,814.67,0
OI002024,O002544,P0128,2,1434.6,5
OI002025,O002413,P0001,1,17354.67,10
OI002026,O002490,P0030,1,2799.05,5
OI002027,O001053,P0104,1,393.27,0
OI002028,O001053,P0152,2,585.57,20
OI002029,O001206,P0049,3,2755.84,0
OI002030,O001206,P0192,1,2255.96,0
OI002031,O001257,P0065,1,260.18,0
OI002032,O001830,P0177,1,691.82,0
OI002033,O001830,P0033,1,1619.39,0
OI002034,O000460,P0148,1,1150.31,0
OI002035,O001521,P0048,1,3922.55,5
OI002036,O000586,P0209,1,1131.26,0
OI002037,O000586,P0165,1,476.64,0
OI002038,O003942,P0149,1,5457.96,0
OI002039,O000211,P0031,1,2125.78,0
OI002040,O000620,P0172,3,254.88,10
OI002041,O000620,P0064,1,7397.53,0
OI002042,O000176,P0034,1,961.34,10
OI002043,O000176,P0183,1,3302.91,15
OI002044,O000652,P0011,1,27843.9,5
OI002045,O000652,P0060,1,4494.03,0
OI002046,O000159,P0064,1,7397.53,0
OI002047,O003808,P0191,2,544.85,0
OI002048,O002668,P0012,1,13712.79,0
OI002049,O003251,P0188,2,387.48,0
OI002050,O003721,P0019,1,14263.93,0
OI002051,O003136,P0176,1,551.82,0
OI002052,O003136,P0102,1,567.72,20
OI002053,O003740,P0035,2,649.39,0
OI002054,O001689,P0056,1,1660.83,0
OI002055,O000960,P0071,1,8668.54,0
OI002056,O002418,P0029,1,4711.37,5
OI002057,O002418,P0148,1,1150.31,0
OI002058,O002091,P0001,1,17354.67,0
OI002059,O002091,P0167,1,111.95,0
OI002060,O000803,P0054,1,2227.8,0
OI002061,O000803,P0184,1,3368.99,0
OI002062,O000485,P0029,1,4711.37,10
OI002063,O003866,P0213,1,132.46,0
OI002064,O003866,P0179,1,122.86,0
OI002065,O003866,P0004,1,3367.3,15
OI002066,O003046,P0106,1,1690.33,10
OI002067,O001637,P0028,1,27227.18,0
OI002068,O001637,P0088,1,5876.52,0
OI002069,O000399,P0053,1,4564.56,20
OI002070,O002377,P0115,1,2685.94,0
OI002071,O000909,P0037,1,324.95,15
OI002072,O002295,P0038,1,3621.23,10
OI002073,O002295,P0186,1,486.61,0
OI002074,O000593,P0166,2,419.38,0
OI002075,O001251,P0202,1,1841.6,0
OI002076,O000786,P0032,1,4194.07,5
OI002077,O002460,P0223,1,1227.56,15
OI002078,O002876,P0095,1,1634.99,5
OI002079,O001093,P0084,2,3021.86,0
OI002080,O001093,P0106,1,1690.33,10
OI002081,O001022,P0097,1,2710.21,0
OI002082,O001022,P0169,1,868.91,0
OI002083,O003013,P0133,1,6177.4,0
OI002084,O003013,P0175,1,436.15,0
OI002085,O003013,P0071,1,8668.54,5
OI002086,O001333,P0114,1,2920.73,0
OI002087,O001932,P0170,2,525.76,0
OI002088,O001932,P0052,1,1776.47,0
OI002089,O000864,P0220,3,1073.05,0
OI002090,O000864,P0163,1,958.38,15
OI002091,O002537,P0038,1,3621.23,20
OI002092,O002537,P0053,1,4564.56,0
OI002093,O000256,P0100,1,2671.55,5
OI002094,O000256,P0091,1,1088.09,0
OI002095,O003755,P0049,1,2755.84,0
OI002096,O000765,P0223,1,1227.56,0
OI002097,O000765,P0171,1,541.45,10
OI002098,O000765,P0220,1,1073.05,0
OI002099,O000121,P0170,1,525.76,0
OI002100,O000583,P0063,2,2204.83,0
OI002101,O000583,P0126,2,2271.81,15
OI002102,O002794,P0126,2,2271.81,10
OI002103,O002794,P0071,1,8668.54,0
OI002104,O002794,P0112,1,370.66,10
OI002105,O001635,P0013,1,20958.29,0
OI002106,O002921,P0065,1,260.18,0
OI002107,O002921,P0001,1,17354.67,5
OI002108,O003520,P0111,1,2006.08,0
OI002109,O000390,P0119,1,913.24,0
OI002110,O000390,P0041,1,4355.59,0
OI002111,O000390,P0016,1,27653.48,0
OI002112,O000390,P0201,2,494.46,0
OI002113,O004022,P0228,3,210.24,10
OI002114,O004022,P0214,1,689.22,5
OI002115,O001601,P0016,2,27653.48,20
OI002116,O001601,P0192,1,2255.96,0
OI002117,O001601,P0118,1,665.2,0
OI002118,O001275,P0135,2,2707.59,0
OI002119,O001275,P0075,1,652.01,0
OI002120,O001275,P0053,1,4564.56,5
OI002121,O000059,P0106,1,1690.33,0
OI002122,O001662,P0029,3,4711.37,0
OI002123,O003862,P0226,1,1175.86,0
OI002124,O003862,P0074,1,5563.17,5
OI002125,O003862,P0037,1,324.95,0
OI002126,O004126,P0073,1,2705.6,0
OI002127,O003583,P0072,1,4574.79,0
OI002128,O003744,P0046,1,861.09,20
OI002129,O002863,P0110,2,1982.94,0
OI002130,O001384,P0197,1,1395.26,0
OI002131,O001384,P0004,2,3367.3,10
OI002132,O003360,P0122,2,6428.59,0
OI002133,O003360,P0202,1,1841.6,0
OI002134,O000509,P0196,1,3467.19,15
OI002135,O000509,P0136,1,5721.72,5
OI002136,O000570,P0017,1,3675.28,5
OI002137,O002104,P0151,2,145.51,5
OI002138,O002116,P0117,2,1772.02,5
OI002139,O002337,P0090,1,8442.22,0
OI002140,O002337,P0078,1,8872.72,10
OI002141,O003696,P0165,1,476.64,0
OI002142,O000723,P0058,1,3276.0,5
OI002143,O001136,P0116,2,2403.95,0
OI002144,O002511,P0052,1,1776.47,0
OI002145,O002511,P0177,2,691.82,0
OI002146,O002623,P0222,1,591.69,0
OI002147,O003683,P0071,1,8668.54,15
OI002148,O002855,P0215,1,557.83,5
OI002149,O002855,P0123,1,402.56,0
OI002150,O001276,P0100,1,2671.55,10
OI002151,O001840,P0070,2,3398.94,0
OI002152,O002572,P0042,1,1854.22,0
OI002153,O002379,P0123,1,402.56,0
OI002154,O000724,P0057,1,4668.58,0
OI002155,O000724,P0113,2,868.09,0
OI002156,O000724,P0232,1,1130.77,0
OI002157,O003704,P0035,1,649.39,0
OI002158,O001458,P0005,1,27369.28,0
OI002159,O001458,P0200,1,2664.42,0
OI002160,O002986,P0061,1,7304.47,0
OI002161,O002986,P0166,1,419.38,0
OI002162,O002986,P0125,1,6755.25,0
OI002163,O001580,P0099,1,2204.27,0
OI002164,O001370,P0057,1,4668.58,15
OI002165,O002959,P0142,2,2815.41,0
OI002166,O001930,P0131,1,4419.55,5
OI002167,O001930,P0165,1,476.64,0
OI002168,O001189,P0240,1,1454.49,0
OI002169,O001189,P0038,1,3621.23,0
OI002170,O002044,P0029,1,4711.37,0
OI002171,O003785,P0069,1,4764.36,0
OI002172,O003021,P0185,2,804.9,0
OI002173,O000480,P0095,1,1634.99,15
OI002174,O000480,P0134,2,4969.01,5
OI002175,O000480,P0066,1,3872.22,0
OI002176,O002640,P0177,2,691.82,15
OI002177,O001240,P0026,2,43655.64,15
OI002178,O001240,P0070,1,3398.94,0
OI002179,O003102,P0221,1,172.01,0
OI002180,O001898,P0169,1,868.91,0
OI002181,O002770,P0133,1,6177.4,0
OI002182,O002770,P0205,2,3182.03,5
OI002183,O001800,P0080,1,2290.21,0
OI002184,O000886,P0192,1,2255.96,0
OI002185,O000886,P0104,1,393.27,10
OI002186,O000886,P0006,1,1709.83,10
OI002187,O000753,P0017,2,3675.28,5
OI002188,O002810,P0146,1,503.35,10
OI002189,O002810,P0227,1,664.12,10
OI002190,O002145,P0028,1,27227.18,0
OI002191,O002782,P0062,1,2997.43,0
OI002192,O003000,P0231,2,219.41,0
OI002193,O002558,P0073,2,2705.6,0
OI002194,O003399,P0065,1,260.18,0
OI002195,O001515,P0208,1,2265.65,20
OI002196,O002550,P0063,1,2204.83,5
OI002197,O004055,P0194,1,1093.82,10
OI002198,O001571,P0172,2,254.88,0
OI002199,O004088,P0239,1,156.01,0
OI002200,O004088,P0143,1,4173.48,15
OI002201,O002300,P0220,1,1073.05,20
OI002202,O002300,P0158,1,851.38,0
OI002203,O004140,P0148,1,1150.31,10
OI002204,O001851,P0205,2,3182.03,5
OI002205,O001851,P0237,1,111.58,0
OI002206,O003650,P0136,1,5721.72,0
OI002207,O003650,P0236,1,66.62,0
OI002208,O003650,P0047,1,3874.69,0
OI002209,O002829,P0161,1,593.3,5
OI002210,O002829,P0128,1,1434.6,5
OI002211,O002829,P0136,2,5721.72,0
OI002212,O001965,P0001,1,17354.67,10
OI002213,O000249,P0039,1,3923.97,5
OI002214,O000249,P0006,1,1709.83,0
OI002215,O000249,P0084,1,3021.86,0
OI002216,O000249,P0197,1,1395.26,5
OI002217,O003716,P0177,1,691.82,0
OI002218,O003716,P0198,1,1290.69,0
OI002219,O000341,P0142,1,2815.41,0
OI002220,O000341,P0108,1,2164.32,10
OI002221,O001971,P0146,1,503.35,0
OI002222,O000563,P0088,1,5876.52,0
OI002223,O002286,P0001,1,17354.67,5
OI002224,O002286,P0124,1,3167.83,0
OI002225,O003625,P0050,1,418.47,0
OI002226,O002263,P0048,1,3922.55,0
OI002227,O002263,P0028,1,27227.18,0
OI002228,O002321,P0188,1,387.48,10
OI002229,O002321,P0079,1,6113.79,10
OI002230,O002321,P0185,1,804.9,15
OI002231,O000823,P0196,1,3467.19,0
OI002232,O000915,P0109,1,1042.66,0
OI002233,O000360,P0065,1,260.18,5
OI002234,O000282,P0179,1,122.86,15
OI002235,O000580,P0206,2,1218.7,10
OI002236,O000580,P0070,1,3398.94,20
OI002237,O000580,P0151,1,145.51,0
OI002238,O002085,P0052,1,1776.47,0
OI002239,O002085,P0161,1,593.3,0
OI002240,O002129,P0103,1,1857.64,0
OI002241,O002005,P0172,1,254.88,0
OI002242,O002616,P0216,1,256.34,10
OI002243,O002616,P0155,1,814.67,0
OI002244,O002616,P0145,1,2218.83,0
OI002245,O001782,P0145,1,2218.83,0
OI002246,O000863,P0092,1,2780.61,15
OI002247,O002228,P0025,1,24964.59,5
OI002248,O000054,P0098,2,1082.19,20
OI002249,O002864,P0121,1,6600.07,5
OI002250,O001596,P0160,1,239.79,15
OI002251,O001321,P0051,1,446.72,0
OI002252,O001321,P0228,2,210.24,0
OI002253,O004049,P0063,1,2204.83,0
OI002254,O004049,P0084,1,3021.86,0
OI002255,O002590,P0012,1,13712.79,0
OI002256,O002345,P0220,1,1073.05,0
OI002257,O001624,P0087,1,4705.42,0
OI002258,O000181,P0092,1,2780.61,0
OI002259,O000181,P0121,1,6600.07,0
OI002260,O000181,P0195,1,2663.56,0
OI002261,O002028,P0062,1,2997.43,10
OI002262,O002028,P0137,1,6108.38,0
OI002263,O003564,P0086,1,6161.57,10
OI002264,O003564,P0127,2,6001.62,15
OI002265,O003564,P0059,1,4076.26,0
OI002266,O003564,P0111,1,2006.08,0
OI002267,O002615,P0144,1,3418.51,0
OI002268,O000171,P0005,1,27369.28,0
OI002269,O003850,P0177,1,691.82,5
OI002270,O003951,P0020,1,31043.1,0
OI002271,O003951,P0027,1,42325.85,0
OI002272,O001123,P0145,1,2218.83,10
OI002273,O001123,P0230,1,130.64,0
OI002274,O000692,P0036,1,3928.55,0
OI002275,O000692,P0060,1,4494.03,0
OI002276,O002350,P0106,1,1690.33,0
OI002277,O001400,P0222,1,591.69,0
OI002278,O001400,P0012,1,13712.79,15
OI002279,O001400,P0053,1,4564.56,10
OI002280,O001400,P0120,1,1970.87,10
OI002281,O004093,P0106,1,1690.33,0
OI002282,O003900,P0137,2,6108.38,0
OI002283,O003855,P0190,3,2877.47,0
OI002284,O003814,P0019,1,14263.93,15
OI002285,O003814,P0027,1,42325.85,0
OI002286,O003814,P0175,1,436.15,0
OI002287,O003381,P0141,1,6262.04,20
OI002288,O002684,P0113,2,868.09,20
OI002289,O002684,P0184,1,3368.99,20
OI002290,O002684,P0035,2,649.39,0
OI002291,O002684,P0057,1,4668.58,15
OI002292,O002974,P0189,1,2979.33,0
OI002293,O002974,P0055,2,1374.35,15
OI002294,O001391,P0056,1,1660.83,0
OI002295,O000831,P0095,1,1634.99,0
OI002296,O001211,P0025,1,24964.59,0
OI002297,O001211,P0010,2,19891.97,0
OI002298,O001211,P0066,1,3872.22,0
OI002299,O003710,P0003,2,7696.02,15
OI002300,O003710,P0236,1,66.62,0
OI002301,O000191,P0151,1,145.51,5
OI002302,O000454,P0105,1,113.68,15
OI002303,O001402,P0031,1,2125.78,5
OI002304,O001402,P0072,1,4574.79,0
OI002305,O001402,P0165,1,476.64,0
OI002306,O000901,P0151,1,145.51,0
OI002307,O002777,P0228,1,210.24,0
OI002308,O000318,P0116,1,2403.95,0
OI002309,O000318,P0229,3,65.46,0
OI002310,O001934,P0054,1,2227.8,10
OI002311,O001934,P0024,2,14577.63,0
OI002312,O001796,P0088,1,5876.52,20
OI002313,O001796,P0237,1,111.58,10
OI002314,O003784,P0061,1,7304.47,20
OI002315,O002222,P0157,1,121.82,0
OI002316,O002222,P0031,1,2125.78,0
OI002317,O003551,P0024,1,14577.63,0
OI002318,O002077,P0207,1,3333.53,0
OI002319,O001435,P0065,1,260.18,0
OI002320,O000093,P0203,1,1221.17,0
OI002321,O000265,P0154,1,563.67,0
OI002322,O000265,P0138,2,3724.99,20
OI002323,O002889,P0192,1,2255.96,0
OI002324,O003801,P0162,1,693.18,0
OI002325,O003891,P0195,2,2663.56,0
OI002326,O000342,P0062,1,2997.43,0
OI002327,O001024,P0012,1,13712.79,0
OI002328,O003336,P0122,1,6428.59,0
OI002329,O003822,P0177,3,691.82,0
OI002330,O002184,P0071,3,8668.54,0
OI002331,O000258,P0139,1,5647.58,5
OI002332,O002279,P0043,1,1760.62,20
OI002333,O000393,P0169,1,868.91,0
OI002334,O003690,P0194,1,1093.82,0
OI002335,O003671,P0179,1,122.86,20
OI002336,O003671,P0187,2,465.38,0
OI002337,O001085,P0002,1,33154.13,5
OI002338,O001085,P0238,1,814.17,0
OI002339,O000889,P0216,1,256.34,10
OI002340,O000889,P0126,1,2271.81,0
OI002341,O002680,P0210,2,2401.94,0
OI002342,O000635,P0056,1,1660.83,15
OI002343,O000635,P0204,1,1452.83,0
OI002344,O001838,P0106,2,1690.33,5
OI002345,O001838,P0228,1,210.24,0
OI002346,O001838,P0085,1,557.82,0
OI002347,O003188,P0026,1,43655.64,0
OI002348,O002390,P0023,1,12238.08,0
OI002349,O002930,P0129,1,6571.24,0
OI002350,O002930,P0150,1,4472.37,0
OI002351,O003279,P0059,1,4076.26,0
OI002352,O003279,P0237,1,111.58,10
OI002353,O003419,P0148,1,1150.31,0
OI002354,O000651,P0072,1,4574.79,0
OI002355,O003429,P0001,1,17354.67,0
OI002356,O001397,P0110,1,1982.94,0
OI002357,O001431,P0179,1,122.86,0
OI002358,O003198,P0090,1,8442.22,0
OI002359,O003174,P0240,1,1454.49,5
OI002360,O000409,P0092,1,2780.61,0
OI002361,O000409,P0193,2,2611.49,0
OI002362,O000409,P0116,2,2403.95,0
OI002363,O000403,P0143,1,4173.48,15
OI002364,O002364,P0179,1,122.86,5
OI002365,O002364,P0043,1,1760.62,5
OI002366,O002331,P0007,1,37593.96,0
OI002367,O002331,P0190,2,2877.47,15
OI002368,O000066,P0025,1,24964.59,20
OI002369,O003449,P0161,1,593.3,0
OI002370,O001541,P0147,1,5810.42,0
OI002371,O001541,P0006,1,1709.83,15
OI002372,O002861,P0171,1,541.45,0
OI002373,O002861,P0071,2,8668.54,5
OI002374,O000465,P0050,3,418.47,0
OI002375,O000465,P0045,1,4468.9,15
OI002376,O003503,P0211,1,1196.79,0
OI002377,O003503,P0041,1,4355.59,0
OI002378,O002185,P0060,2,4494.03,0
OI002379,O000950,P0189,1,2979.33,0
OI002380,O003356,P0012,1,13712.79,0
OI002381,O004144,P0188,1,387.48,0
OI002382,O000818,P0046,1,861.09,15
OI002383,O002011,P0051,1,446.72,0
OI002384,O002950,P0212,1,181.25,0
OI002385,O002950,P0054,1,2227.8,0
OI002386,O000834,P0051,1,446.72,10
OI002387,O000834,P0034,1,961.34,0
OI002388,O003517,P0076,2,8191.74,0
OI002389,O001018,P0118,1,665.2,0
OI002390,O001018,P0016,1,27653.48,10
OI002391,O000313,P0170,1,525.76,0
OI002392,O003777,P0116,1,2403.95,0
OI002393,O000455,P0058,2,3276.0,0
OI002394,O004127,P0159,2,467.06,5
OI002395,O004127,P0035,1,649.39,15
OI002396,O004127,P0009,1,14247.51,0
OI002397,O004127,P0031,1,2125.78,0
OI002398,O002257,P0186,2,486.61,15
OI002399,O002257,P0234,1,463.28,0
OI002400,O002257,P0053,1,4564.56,0
OI002401,O002257,P0094,1,2468.94,0
OI002402,O001369,P0161,3,593.3,0
OI002403,O001369,P0194,1,1093.82,0
OI002404,O001369,P0226,1,1175.86,5
OI002405,O001422,P0195,2,2663.56,5
OI002406,O000332,P0077,1,1474.07,0
OI002407,O000332,P0214,1,689.22,5
OI002408,O004153,P0176,1,551.82,5
OI002409,O004153,P0111,1,2006.08,0
OI002410,O004153,P0040,1,1983.79,5
OI002411,O000820,P0177,1,691.82,0
OI002412,O001640,P0017,2,3675.28,0
OI002413,O003927,P0214,1,689.22,15
OI002414,O001563,P0231,1,219.41,0
OI002415,O001563,P0041,2,4355.59,0
OI002416,O000771,P0122,2,6428.59,0
OI002417,O000771,P0097,1,2710.21,0
OI002418,O002140,P0002,1,33154.13,15
OI002419,O003837,P0044,1,3728.15,10
OI002420,O000331,P0096,1,369.0,0
OI002421,O000331,P0009,1,14247.51,0
OI002422,O000331,P0137,1,6108.38,0
OI002423,O000331,P0045,1,4468.9,0
OI002424,O002881,P0176,1,551.82,0
OI002425,O002881,P0216,1,256.34,0
OI002426,O001286,P0229,1,65.46,10
OI002427,O001286,P0108,1,2164.32,0
OI002428,O001642,P0028,1,27227.18,5
OI002429,O001771,P0022,1,2319.97,0
OI002430,O002155,P0196,1,3467.19,5
OI002431,O002155,P0041,1,4355.59,20
OI002432,O002155,P0055,3,1374.35,0
OI002433,O002155,P0019,1,14263.93,0
OI002434,O000758,P0040,1,1983.79,0
OI002435,O001092,P0107,1,1989.69,10
OI002436,O001092,P0028,1,27227.18,5
OI002437,O001092,P0112,1,370.66,0
OI002438,O001702,P0059,1,4076.26,10
OI002439,O000074,P0180,1,945.21,0
OI002440,O003782,P0209,1,1131.26,0
OI002441,O003782,P0043,1,1760.62,0
OI002442,O004182,P0069,1,4764.36,5
OI002443,O004182,P0183,1,3302.91,0
OI002444,O003572,P0134,1,4969.01,0
OI002445,O001853,P0183,1,3302.91,0
OI002446,O001853,P0143,1,4173.48,5
OI002447,O003319,P0227,1,664.12,0
OI002448,O003319,P0174,1,670.58,20
OI002449,O000292,P0136,1,5721.72,0
OI002450,O000292,P0231,1,219.41,0
OI002451,O001289,P0239,1,156.01,10
OI002452,O001289,P0152,1,585.57,0
OI002453,O003923,P0231,1,219.41,15
OI002454,O003923,P0235,1,373.21,0
OI002455,O001531,P0150,1,4472.37,0
OI002456,O001531,P0085,3,557.82,0
OI002457,O004113,P0227,2,664.12,0
OI002458,O000042,P0116,1,2403.95,0
OI002459,O003799,P0041,1,4355.59,0
OI002460,O003799,P0213,1,132.46,0
OI002461,O003799,P0153,1,752.48,0
OI002462,O003799,P0137,1,6108.38,0
OI002463,O000847,P0170,1,525.76,0
OI002464,O000847,P0146,1,503.35,0
OI002465,O002678,P0056,1,1660.83,0
OI002466,O002399,P0115,1,2685.94,15
OI002467,O002399,P0109,1,1042.66,15
OI002468,O002358,P0045,2,4468.9,0
OI002469,O000319,P0157,2,121.82,0
OI002470,O004053,P0215,1,557.83,0
OI002471,O002408,P0204,1,1452.83,5
OI002472,O003252,P0114,2,2920.73,5
OI002473,O003278,P0072,1,4574.79,10
OI002474,O003278,P0081,1,3435.49,10
OI002475,O001627,P0067,1,1253.82,0
OI002476,O003724,P0156,1,494.07,0
OI002477,O003409,P0055,1,1374.35,0
OI002478,O002349,P0238,1,814.17,0
OI002479,O002349,P0188,1,387.48,15
OI002480,O003041,P0205,1,3182.03,0
OI002481,O001467,P0198,1,1290.69,0
OI002482,O001467,P0214,1,689.22,10
OI002483,O003194,P0006,1,1709.83,0
OI002484,O001794,P0051,1,446.72,5
OI002485,O000997,P0104,1,393.27,20
OI002486,O000997,P0076,1,8191.74,0
OI002487,O000997,P0097,2,2710.21,5
OI002488,O001663,P0198,2,1290.69,5
OI002489,O003116,P0138,2,3724.99,0
OI002490,O003116,P0120,1,1970.87,5
OI002491,O000175,P0238,1,814.17,5
OI002492,O003444,P0024,1,14577.63,15
OI002493,O001204,P0224,1,1478.7,0
OI002494,O001348,P0149,2,5457.96,0
OI002495,O002983,P0030,1,2799.05,5
OI002496,O000086,P0204,1,1452.83,0
OI002497,O001754,P0178,1,162.51,0
OI002498,O001754,P0033,2,1619.39,0
OI002499,O004059,P0231,2,219.41,5
OI002500,O003854,P0014,1,9625.58,10
OI002501,O001701,P0059,1,4076.26,0
OI002502,O001701,P0189,1,2979.33,10
OI002503,O003694,P0180,1,945.21,0
OI002504,O001343,P0137,2,6108.38,0
OI002505,O001343,P0220,1,1073.05,0
OI002506,O001036,P0029,1,4711.37,5
OI002507,O001036,P0144,2,3418.51,5
OI002508,O001056,P0123,1,402.56,15
OI002509,O001056,P0102,1,567.72,0
OI002510,O002094,P0233,1,1444.15,10
OI002511,O001049,P0167,2,111.95,10
OI002512,O003840,P0149,1,5457.96,0
OI002513,O002761,P0183,2,3302.91,0
OI002514,O004007,P0189,1,2979.33,10
OI002515,O000891,P0210,1,2401.94,0
OI002516,O000891,P0035,1,649.39,0
OI002517,O001612,P0014,1,9625.58,0
OI002518,O001648,P0133,1,6177.4,0
OI002519,O001059,P0047,1,3874.69,0
OI002520,O000607,P0138,1,3724.99,0
OI002521,O002985,P0225,1,594.58,0
OI002522,O004076,P0060,1,4494.03,20
OI002523,O002865,P0205,2,3182.03,0
OI002524,O000508,P0033,1,1619.39,0
OI002525,O001523,P0062,3,2997.43,0
OI002526,O000026,P0233,1,1444.15,15
OI002527,O001998,P0013,1,20958.29,0
OI002528,O001998,P0131,2,4419.55,0
OI002529,O004094,P0220,1,1073.05,0
OI002530,O003931,P0156,2,494.07,5
OI002531,O003931,P0140,1,5002.18,0
OI002532,O000449,P0227,1,664.12,0
OI002533,O001287,P0019,1,14263.93,0
OI002534,O002355,P0062,1,2997.43,0
OI002535,O001680,P0138,1,3724.99,5
OI002536,O003373,P0142,1,2815.41,0
OI002537,O002150,P0022,1,2319.97,20
OI002538,O000856,P0087,1,4705.42,0
OI002539,O002787,P0135,1,2707.59,0
OI002540,O000899,P0138,1,3724.99,15
OI002541,O001785,P0024,1,14577.63,0
OI002542,O003813,P0067,1,1253.82,0
OI002543,O000959,P0067,1,1253.82,0
OI002544,O002570,P0086,1,6161.57,0
OI002545,O002570,P0141,1,6262.04,0
OI002546,O001911,P0035,1,649.39,20
OI002547,O001514,P0212,3,181.25,0
OI002548,O002003,P0046,1,861.09,0
OI002549,O000466,P0012,1,13712.79,20
OI002550,O003910,P0110,1,1982.94,5
OI002551,O003416,P0126,1,2271.81,0
OI002552,O003416,P0218,1,170.95,0
OI002553,O001480,P0215,1,557.83,0
OI002554,O000125,P0053,2,4564.56,0
OI002555,O000125,P0036,1,3928.55,0
OI002556,O000125,P0206,1,1218.7,0
OI002557,O003229,P0203,1,1221.17,0
OI002558,O003229,P0057,1,4668.58,20
OI002559,O003229,P0179,2,122.86,5
OI002560,O003152,P0163,1,958.38,0
OI002561,O000869,P0023,1,12238.08,0
OI002562,O003960,P0133,1,6177.4,0
OI002563,O003504,P0038,1,3621.23,0
OI002564,O001385,P0160,2,239.79,0
OI002565,O002495,P0114,1,2920.73,0
OI002566,O001784,P0019,1,14263.93,0
OI002567,O001784,P0109,2,1042.66,5
OI002568,O002994,P0185,1,804.9,0
OI002569,O001831,P0163,1,958.38,0
OI002570,O001831,P0140,1,5002.18,0
OI002571,O000791,P0021,2,6194.09,0
OI002572,O000791,P0189,1,2979.33,0
OI002573,O004065,P0195,1,2663.56,20
OI002574,O004065,P0083,2,993.55,0
OI002575,O002850,P0118,1,665.2,0
OI002576,O002850,P0043,1,1760.62,0
OI002577,O001045,P0175,1,436.15,10
OI002578,O001045,P0071,1,8668.54,5
OI002579,O002786,P0217,1,945.42,0
OI002580,O003012,P0087,2,4705.42,0
OI002581,O003819,P0008,2,8836.66,0
OI002582,O001810,P0009,1,14247.51,0
OI002583,O003885,P0196,1,3467.19,5
OI002584,O003885,P0003,1,7696.02,0
OI002585,O001857,P0200,2,2664.42,0
OI002586,O003932,P0007,2,37593.96,5
OI002587,O001014,P0199,3,3024.68,0
OI002588,O001014,P0171,1,541.45,0
OI002589,O003181,P0177,1,691.82,0
OI002590,O000675,P0007,1,37593.96,0
OI002591,O000675,P0221,1,172.01,0
OI002592,O000740,P0208,3,2265.65,5
OI002593,O000740,P0186,1,486.61,15
OI002594,O002253,P0008,1,8836.66,0
OI002595,O000772,P0022,3,2319.97,0
OI002596,O000590,P0083,1,993.55,10
OI002597,O000590,P0043,2,1760.62,0
OI002598,O000505,P0194,1,1093.82,15
OI002599,O000642,P0191,1,544.85,0
OI002600,O000923,P0207,1,3333.53,0
OI002601,O001112,P0164,1,597.92,0
OI002602,O001112,P0150,1,4472.37,0
OI002603,O003589,P0021,1,6194.09,0
OI002604,O003589,P0022,1,2319.97,10
OI002605,O003589,P0177,3,691.82,0
OI002606,O002204,P0049,1,2755.84,5
OI002607,O000276,P0124,2,3167.83,10
OI002608,O000276,P0207,2,3333.53,0
OI002609,O003143,P0026,1,43655.64,0
OI002610,O002901,P0113,1,868.09,0
OI002611,O000279,P0201,1,494.46,0
OI002612,O001698,P0229,1,65.46,5
OI002613,O002315,P0138,2,3724.99,5
OI002614,O002646,P0166,1,419.38,0
OI002615,O002646,P0096,1,369.0,5
OI002616,O001728,P0015,1,26984.72,0
OI002617,O001675,P0202,1,1841.6,0
OI002618,O001675,P0162,2,693.18,10
OI002619,O001675,P0192,1,2255.96,15
OI002620,O001490,P0155,1,814.67,0
OI002621,O002454,P0007,1,37593.96,0
OI002622,O004100,P0185,1,804.9,0
OI002623,O000212,P0039,1,3923.97,0
OI002624,O000212,P0091,1,1088.09,0
OI002625,O000212,P0081,1,3435.49,0
OI002626,O000212,P0098,2,1082.19,0
OI002627,O003267,P0173,1,457.65,0
OI002628,O001273,P0030,2,2799.05,20
OI002629,O000855,P0204,1,1452.83,20
OI002630,O001220,P0235,1,373.21,15
OI002631,O003367,P0130,1,4118.41,0
OI002632,O003367,P0166,1,419.38,0
OI002633,O003450,P0075,1,652.01,0
OI002634,O003450,P0193,1,2611.49,0
OI002635,O002824,P0075,2,652.01,0
OI002636,O000194,P0067,1,1253.82,10
OI002637,O001538,P0041,1,4355.59,0
OI002638,O000779,P0022,2,2319.97,0
OI002639,O003383,P0140,2,5002.18,20
OI002640,O003383,P0209,1,1131.26,0
OI002641,O000661,P0038,1,3621.23,5
OI002642,O001494,P0154,1,563.67,0
OI002643,O001494,P0172,1,254.88,0
OI002644,O000926,P0148,1,1150.31,0
OI002645,O000926,P0139,1,5647.58,20
OI002646,O002230,P0123,2,402.56,5
OI002647,O002230,P0074,1,5563.17,0
OI002648,O001119,P0126,1,2271.81,10
OI002649,O002084,P0134,1,4969.01,0
OI002650,O003825,P0234,1,463.28,0
OI002651,O001731,P0197,1,1395.26,0
OI002652,O003059,P0020,1,31043.1,10
OI002653,O002617,P0039,1,3923.97,0
OI002654,O002020,P0045,1,4468.9,15
OI002655,O000269,P0212,1,181.25,0
OI002656,O000269,P0196,1,3467.19,0
OI002657,O001418,P0074,2,5563.17,0
OI002658,O001985,P0129,2,6571.24,5
OI002659,O001818,P0160,1,239.79,0
OI002660,O001818,P0202,2,1841.6,0
OI002661,O001818,P0011,1,27843.9,5
OI002662,O000544,P0081,2,3435.49,20
OI002663,O000544,P0098,2,1082.19,0
OI002664,O000008,P0121,1,6600.07,20
OI002665,O000008,P0011,1,27843.9,0
OI002666,O000411,P0130,1,4118.41,0
OI002667,O000411,P0112,1,370.66,0
OI002668,O003977,P0120,1,1970.87,5
OI002669,O003977,P0007,1,37593.96,0
OI002670,O003691,P0012,1,13712.79,0
OI002671,O000221,P0154,1,563.67,5
OI002672,O000221,P0013,1,20958.29,0
OI002673,O000197,P0001,1,17354.67,0
OI002674,O002124,P0170,2,525.76,0
OI002675,O002124,P0067,1,1253.82,15
OI002676,O002274,P0227,1,664.12,0
OI002677,O003155,P0063,2,2204.83,0
OI002678,O003029,P0097,2,2710.21,5
OI002679,O003029,P0089,1,6279.25,0
OI002680,O002933,P0163,2,958.38,20
OI002681,O002933,P0088,1,5876.52,5
OI002682,O003254,P0023,2,12238.08,5
OI002683,O003984,P0093,1,847.03,15
OI002684,O003984,P0186,1,486.61,0
OI002685,O003007,P0133,1,6177.4,0
OI002686,O003007,P0071,1,8668.54,0
OI002687,O002284,P0136,1,5721.72,10
OI002688,O002882,P0039,1,3923.97,5
OI002689,O002532,P0104,1,393.27,10
OI002690,O002456,P0097,1,2710.21,0
OI002691,O002456,P0145,1,2218.83,0
OI002692,O001694,P0032,1,4194.07,0
OI002693,O003275,P0061,1,7304.47,0
OI002694,O003275,P0106,1,1690.33,20
OI002695,O003275,P0039,1,3923.97,5
OI002696,O000734,P0205,2,3182.03,5
OI002697,O002726,P0069,1,4764.36,0
OI002698,O003962,P0131,1,4419.55,0
OI002699,O003962,P0059,1,4076.26,10
OI002700,O003962,P0083,1,993.55,0
OI002701,O003389,P0095,1,1634.99,0
OI002702,O003502,P0170,1,525.76,20
OI002703,O002643,P0013,1,20958.29,0
OI002704,O003376,P0094,1,2468.94,5
OI002705,O003508,P0080,2,2290.21,0
OI002706,O002832,P0211,2,1196.79,0
OI002707,O001865,P0044,1,3728.15,5
OI002708,O003033,P0201,1,494.46,0
OI002709,O003033,P0148,1,1150.31,15
OI002710,O001629,P0097,2,2710.21,0
OI002711,O002306,P0187,1,465.38,0
OI002712,O004020,P0011,2,27843.9,0
OI002713,O002410,P0142,1,2815.41,5
OI002714,O000756,P0183,1,3302.91,0
OI002715,O000756,P0011,1,27843.9,0
OI002716,O000756,P0161,1,593.3,0
OI002717,O002703,P0121,1,6600.07,0
OI002718,O002703,P0014,1,9625.58,0
OI002719,O002322,P0105,1,113.68,10
OI002720,O001508,P0054,1,2227.8,0
OI002721,O002340,P0062,1,2997.43,15
OI002722,O002340,P0106,1,1690.33,0
OI002723,O002340,P0155,1,814.67,0
OI002724,O000190,P0220,1,1073.05,10
OI002725,O002082,P0158,1,851.38,0
OI002726,O000683,P0143,1,4173.48,0
OI002727,O000478,P0118,1,665.2,0
OI002728,O002857,P0159,1,467.06,15
OI002729,O000095,P0091,1,1088.09,5
OI002730,O000095,P0202,2,1841.6,0
OI002731,O003304,P0005,1,27369.28,10
OI002732,O002285,P0198,1,1290.69,0
OI002733,O000255,P0160,1,239.79,5
OI002734,O000255,P0200,2,2664.42,0
OI002735,O000643,P0163,1,958.38,15
OI002736,O003323,P0220,2,1073.05,0
OI002737,O003323,P0237,1,111.58,0
OI002738,O000367,P0135,2,2707.59,0
OI002739,O002376,P0048,1,3922.55,0
OI002740,O003735,P0033,1,1619.39,10
OI002741,O000903,P0017,1,3675.28,0
OI002742,O000659,P0016,1,27653.48,15
OI002743,O000659,P0069,1,4764.36,0
OI002744,O000676,P0206,1,1218.7,5
OI002745,O001693,P0013,1,20958.29,0
OI002746,O004067,P0238,2,814.17,0
OI002747,O004067,P0032,1,4194.07,10
OI002748,O001335,P0222,1,591.69,0
OI002749,O001335,P0101,1,1960.89,0
OI002750,O000970,P0065,2,260.18,0
OI002751,O000494,P0214,1,689.22,15
OI002752,O000494,P0136,1,5721.72,5
OI002753,O000172,P0032,1,4194.07,0
OI002754,O003930,P0228,1,210.24,0
OI002755,O003930,P0143,1,4173.48,0
OI002756,O002079,P0235,2,373.21,0
OI002757,O002079,P0136,1,5721.72,15
OI002758,O001772,P0190,1,2877.47,0
OI002759,O001772,P0002,1,33154.13,0
OI002760,O002245,P0067,2,1253.82,0
OI002761,O002938,P0161,2,593.3,0
OI002762,O002214,P0188,1,387.48,0
OI002763,O002214,P0067,1,1253.82,0
OI002764,O002214,P0220,1,1073.05,0
OI002765,O001457,P0165,1,476.64,0
OI002766,O001129,P0046,1,861.09,0
OI002767,O002767,P0141,1,6262.04,0
OI002768,O002206,P0122,1,6428.59,20
OI002769,O003150,P0128,1,1434.6,15
OI002770,O000151,P0226,2,1175.86,0
OI002771,O000151,P0239,1,156.01,10
OI002772,O000151,P0064,2,7397.53,0
OI002773,O002791,P0133,3,6177.4,0
OI002774,O003669,P0050,1,418.47,0
OI002775,O001743,P0097,1,2710.21,20
OI002776,O003644,P0184,1,3368.99,10
OI002777,O002524,P0196,1,3467.19,0
OI002778,O003901,P0049,1,2755.84,5
OI002779,O002670,P0136,1,5721.72,0
OI002780,O002670,P0166,1,419.38,0
OI002781,O002670,P0017,1,3675.28,0
OI002782,O003258,P0103,1,1857.64,0
OI002783,O003258,P0069,1,4764.36,0
OI002784,O003246,P0063,2,2204.83,0
OI002785,O003246,P0040,1,1983.79,20
OI002786,O000439,P0173,2,457.65,0
OI002787,O000439,P0017,1,3675.28,0
OI002788,O002167,P0037,1,324.95,0
OI002789,O003640,P0179,1,122.86,10
OI002790,O001615,P0103,1,1857.64,0
OI002791,O002919,P0159,1,467.06,0
OI002792,O002391,P0174,1,670.58,0
OI002793,O002391,P0076,2,8191.74,20
OI002794,O003613,P0186,1,486.61,0
OI002795,O003613,P0044,1,3728.15,20
OI002796,O000709,P0134,1,4969.01,0
OI002797,O000709,P0147,1,5810.42,0
OI002798,O000356,P0166,1,419.38,0
OI002799,O001166,P0172,1,254.88,0
OI002800,O001166,P0171,1,541.45,10
OI002801,O003693,P0188,1,387.48,0
OI002802,O003338,P0079,1,6113.79,0
OI002803,O003094,P0105,1,113.68,5
OI002804,O000623,P0077,1,1474.07,0
OI002805,O000757,P0041,1,4355.59,0
OI002806,O003802,P0006,1,1709.83,10
OI002807,O001929,P0063,1,2204.83,0
OI002808,O000641,P0226,1,1175.86,15
OI002809,O001091,P0108,1,2164.32,0
OI002810,O000036,P0194,2,1093.82,5
OI002811,O000036,P0184,2,3368.99,0
OI002812,O002549,P0034,1,961.34,0
OI002813,O003230,P0095,1,1634.99,0
OI002814,O003230,P0185,1,804.9,10
OI002815,O000916,P0186,1,486.61,0
OI002816,O000916,P0217,1,945.42,0
OI002817,O000916,P0136,1,5721.72,5
OI002818,O002335,P0111,1,2006.08,0
OI002819,O002904,P0055,2,1374.35,0
OI002820,O002904,P0027,1,42325.85,0
OI002821,O003205,P0080,1,2290.21,5
OI002822,O003205,P0200,1,2664.42,5
OI002823,O001505,P0065,1,260.18,5
OI002824,O001505,P0022,1,2319.97,10
OI002825,O002420,P0119,2,913.24,5
OI002826,O000349,P0224,2,1478.7,0
OI002827,O002035,P0011,1,27843.9,0
OI002828,O002035,P0211,1,1196.79,0
OI002829,O002035,P0100,2,2671.55,5
OI002830,O002035,P0075,1,652.01,5
OI002831,O000429,P0162,1,693.18,0
OI002832,O000538,P0100,1,2671.55,0
OI002833,O004183,P0041,2,4355.59,0
OI002834,O003099,P0091,1,1088.09,0
OI002835,O001120,P0193,1,2611.49,0
OI002836,O003098,P0096,1,369.0,0
OI002837,O003098,P0194,1,1093.82,0
OI002838,O001990,P0075,2,652.01,0
OI002839,O001990,P0222,1,591.69,15
OI002840,O002571,P0224,1,1478.7,0
OI002841,O003015,P0011,2,27843.9,0
OI002842,O003015,P0048,1,3922.55,0
OI002843,O003093,P0104,1,393.27,10
OI002844,O003093,P0202,1,1841.6,5
OI002845,O003093,P0059,1,4076.26,0
OI002846,O000195,P0185,2,804.9,0
OI002847,O000195,P0173,1,457.65,0
OI002848,O002973,P0095,1,1634.99,0
OI002849,O001062,P0088,1,5876.52,20
OI002850,O001062,P0140,1,5002.18,0
OI002851,O002175,P0175,2,436.15,0
OI002852,O000235,P0048,2,3922.55,10
OI002853,O001488,P0076,1,8191.74,0
OI002854,O001488,P0050,1,418.47,0
OI002855,O003707,P0222,1,591.69,20
OI002856,O002809,P0234,1,463.28,0
OI002857,O002939,P0187,1,465.38,0
OI002858,O002939,P0006,1,1709.83,5
OI002859,O002852,P0172,1,254.88,5
OI002860,O001433,P0022,1,2319.97,0
OI002861,O002425,P0121,1,6600.07,20
OI002862,O002425,P0097,3,2710.21,0
OI002863,O000243,P0079,1,6113.79,20
OI002864,O000705,P0106,1,1690.33,5
OI002865,O000127,P0203,1,1221.17,0
OI002866,O002415,P0072,1,4574.79,0
OI002867,O002415,P0221,2,172.01,0
OI002868,O002255,P0075,1,652.01,0
OI002869,O002255,P0132,1,1237.56,0
OI002870,O003228,P0148,1,1150.31,0
OI002871,O003173,P0209,1,1131.26,0
OI002872,O001969,P0136,1,5721.72,0
OI002873,O000609,P0130,2,4118.41,0
OI002874,O002908,P0235,1,373.21,15
OI002875,O002835,P0236,2,66.62,5
OI002876,O002880,P0006,1,1709.83,0
OI002877,O002478,P0198,1,1290.69,5
OI002878,O002518,P0058,1,3276.0,5
OI002879,O003160,P0188,2,387.48,0
OI002880,O003160,P0028,1,27227.18,0
OI002881,O002301,P0095,1,1634.99,15
OI002882,O002301,P0062,1,2997.43,10
OI002883,O003969,P0143,2,4173.48,0
OI002884,O003969,P0179,1,122.86,0
OI002885,O001308,P0129,1,6571.24,5
OI002886,O002008,P0133,2,6177.4,0
OI002887,O001995,P0046,1,861.09,5
OI002888,O001197,P0213,2,132.46,0
OI002889,O000163,P0071,1,8668.54,0
OI002890,O000163,P0085,1,557.82,10
OI002891,O000163,P0186,1,486.61,10
OI002892,O000759,P0035,1,649.39,0
OI002893,O001265,P0120,1,1970.87,10
OI002894,O000830,P0157,1,121.82,10
OI002895,O000830,P0213,1,132.46,5
OI002896,O000830,P0179,1,122.86,0
OI002897,O000830,P0016,1,27653.48,0
OI002898,O002559,P0173,2,457.65,0
OI002899,O003604,P0177,2,691.82,0
OI002900,O003604,P0088,1,5876.52,5
OI002901,O003604,P0010,2,19891.97,20
OI002902,O000879,P0075,1,652.01,5
OI002903,O000879,P0176,1,551.82,0
OI002904,O002265,P0164,2,597.92,20
OI002905,O002265,P0015,1,26984.72,5
OI002906,O003340,P0219,1,154.51,0
OI002907,O003340,P0075,1,652.01,0
OI002908,O003074,P0062,1,2997.43,10
OI002909,O003074,P0053,1,4564.56,0
OI002910,O000400,P0235,1,373.21,20
OI002911,O000931,P0056,1,1660.83,10
OI002912,O001526,P0054,2,2227.8,0
OI002913,O001229,P0196,2,3467.19,0
OI002914,O000543,P0211,1,1196.79,0
OI002915,O000483,P0091,1,1088.09,0
OI002916,O000483,P0050,1,418.47,5
OI002917,O001116,P0213,1,132.46,10
OI002918,O001116,P0135,1,2707.59,5
OI002919,O000728,P0066,1,3872.22,0
OI002920,O000728,P0151,1,145.51,0
OI002921,O000728,P0081,1,3435.49,5
OI002922,O000728,P0227,1,664.12,0
OI002923,O002239,P0182,1,1684.15,0
OI002924,O001498,P0032,1,4194.07,20
OI002925,O001498,P0102,1,567.72,15
OI002926,O001419,P0187,1,465.38,0
OI002927,O001050,P0057,1,4668.58,20
OI002928,O001050,P0207,1,3333.53,5
OI002929,O002298,P0037,1,324.95,0
OI002930,O002298,P0207,1,3333.53,10
OI002931,O002936,P0027,1,42325.85,0
OI002932,O002815,P0024,1,14577.63,0
OI002933,O001028,P0025,1,24964.59,0
OI002934,O002338,P0183,1,3302.91,0
OI002935,O002338,P0154,1,563.67,20
OI002936,O001460,P0117,1,1772.02,0
OI002937,O000368,P0135,1,2707.59,10
OI002938,O001394,P0120,1,1970.87,0
OI002939,O002720,P0185,1,804.9,0
OI002940,O002720,P0225,1,594.58,0
OI002941,O001134,P0202,1,1841.6,0
OI002942,O001134,P0032,1,4194.07,0
OI002943,O004012,P0140,2,5002.18,0
OI002944,O003238,P0013,1,20958.29,10
OI002945,O004023,P0156,2,494.07,0
OI002946,O004023,P0051,1,446.72,0
OI002947,O003108,P0062,1,2997.43,0
OI002948,O001956,P0152,1,585.57,5
OI002949,O003459,P0024,2,14577.63,0
OI002950,O001671,P0162,1,693.18,0
OI002951,O001671,P0174,3,670.58,0
OI002952,O001945,P0051,1,446.72,0
OI002953,O001945,P0127,1,6001.62,10
OI002954,O000064,P0056,1,1660.83,5
OI002955,O001288,P0035,1,649.39,0
OI002956,O002700,P0104,2,393.27,0
OI002957,O002700,P0165,1,476.64,0
OI002958,O000135,P0083,1,993.55,10
OI002959,O000135,P0058,1,3276.0,0
OI002960,O001481,P0011,1,27843.9,5
OI002961,O000639,P0226,1,1175.86,0
OI002962,O000639,P0105,1,113.68,5
OI002963,O000836,P0219,1,154.51,0
OI002964,O003486,P0009,1,14247.51,0
OI002965,O002664,P0186,1,486.61,15
OI002966,O002664,P0020,1,31043.1,0
OI002967,O003673,P0022,1,2319.97,0
OI002968,O000364,P0236,1,66.62,0
OI002969,O000364,P0193,1,2611.49,0
OI002970,O000364,P0157,1,121.82,15
OI002971,O000364,P0195,1,2663.56,0
OI002972,O000800,P0130,1,4118.41,0
OI002973,O000800,P0128,1,1434.6,0
OI002974,O000800,P0195,1,2663.56,10
OI002975,O000732,P0084,1,3021.86,0
OI002976,O000732,P0100,2,2671.55,0
OI002977,O003480,P0025,1,24964.59,0
OI002978,O000697,P0119,1,913.24,5
OI002979,O000697,P0129,1,6571.24,5
OI002980,O000697,P0220,1,1073.05,0
OI002981,O000428,P0105,1,113.68,15
OI002982,O000428,P0200,1,2664.42,0
OI002983,O001720,P0142,2,2815.41,0
OI002984,O002061,P0185,1,804.9,0
OI002985,O002061,P0222,1,591.69,0
OI002986,O003770,P0135,1,2707.59,0
OI002987,O002100,P0229,1,65.46,0
OI002988,O002100,P0003,1,7696.02,0
OI002989,O002218,P0003,1,7696.02,0
OI002990,O003314,P0234,1,463.28,5
OI002991,O003217,P0048,1,3922.55,0
OI002992,O003113,P0054,1,2227.8,5
OI002993,O000491,P0211,3,1196.79,0
OI002994,O002563,P0007,1,37593.96,0
OI002995,O002563,P0208,1,2265.65,0
OI002996,O001256,P0008,1,8836.66,0
OI002997,O001256,P0151,1,145.51,0
OI002998,O000845,P0028,1,27227.18,0
OI002999,O000845,P0086,1,6161.57,0
OI003000,O000845,P0200,2,2664.42,15
OI003001,O003974,P0107,1,1989.69,15
OI003002,O003124,P0029,1,4711.37,0
OI003003,O003859,P0141,1,6262.04,15
OI003004,O003548,P0033,1,1619.39,0
OI003005,O000677,P0215,1,557.83,0
OI003006,O000677,P0153,1,752.48,5
OI003007,O002022,P0135,1,2707.59,0
OI003008,O003437,P0237,2,111.58,0
OI003009,O001320,P0004,1,3367.3,0
OI003010,O001084,P0063,1,2204.83,0
OI003011,O003934,P0177,2,691.82,0
OI003012,O003861,P0097,1,2710.21,10
OI003013,O004150,P0086,1,6161.57,0
OI003014,O004150,P0121,1,6600.07,0
OI003015,O000298,P0164,1,597.92,0
OI003016,O000298,P0180,2,945.21,0
OI003017,O000990,P0128,1,1434.6,0
OI003018,O001193,P0068,1,8496.61,0
OI003019,O003831,P0187,1,465.38,0
OI003020,O001837,P0073,1,2705.6,0
OI003021,O000391,P0211,2,1196.79,0
OI003022,O000391,P0153,1,752.48,0
OI003023,O001682,P0031,2,2125.78,0
OI003024,O001682,P0186,1,486.61,10
OI003025,O002051,P0233,1,1444.15,0
OI003026,O000307,P0107,1,1989.69,5
OI003027,O001280,P0235,1,373.21,10
OI003028,O001920,P0001,1,17354.67,0
OI003029,O003326,P0226,1,1175.86,10
OI003030,O003266,P0159,1,467.06,0
OI003031,O002784,P0175,1,436.15,15
OI003032,O002784,P0055,1,1374.35,10
OI003033,O002784,P0101,2,1960.89,5
OI003034,O002560,P0095,1,1634.99,0
OI003035,O003335,P0157,1,121.82,0
OI003036,O001549,P0203,1,1221.17,0
OI003037,O001274,P0089,1,6279.25,5
OI003038,O001827,P0035,1,649.39,0
OI003039,O004000,P0227,1,664.12,0
OI003040,O004000,P0015,1,26984.72,0
OI003041,O003422,P0020,1,31043.1,0
OI003042,O003888,P0080,1,2290.21,0
OI003043,O002818,P0155,2,814.67,0
OI003044,O001425,P0019,1,14263.93,10
OI003045,O001425,P0207,1,3333.53,0
OI003046,O000320,P0032,3,4194.07,0
OI003047,O004047,P0223,2,1227.56,0
OI003048,O002066,P0135,1,2707.59,0
OI003049,O000741,P0164,2,597.92,5
OI003050,O001923,P0198,1,1290.69,0
OI003051,O001923,P0148,1,1150.31,0
OI003052,O000001,P0074,1,5563.17,0
OI003053,O002050,P0028,3,27227.18,0
OI003054,O003689,P0139,1,5647.58,0
OI003055,O003689,P0075,1,652.01,0
OI003056,O004157,P0058,1,3276.0,10
OI003057,O002541,P0060,1,4494.03,0
OI003058,O000502,P0102,1,567.72,0
OI003059,O003026,P0136,1,5721.72,5
OI003060,O002430,P0123,2,402.56,0
OI003061,O003324,P0088,2,5876.52,5
OI003062,O003324,P0215,1,557.83,0
OI003063,O003105,P0007,1,37593.96,0
OI003064,O000160,P0151,1,145.51,0
OI003065,O000160,P0036,1,3928.55,0
OI003066,O001456,P0194,2,1093.82,15
OI003067,O001456,P0105,1,113.68,0
OI003068,O000025,P0050,1,418.47,0
OI003069,O003231,P0044,1,3728.15,0
OI003070,O001145,P0209,1,1131.26,0
OI003071,O002719,P0186,1,486.61,5
OI003072,O002227,P0041,1,4355.59,0
OI003073,O002227,P0056,1,1660.83,0
OI003074,O003912,P0156,1,494.07,0
OI003075,O000547,P0155,1,814.67,0
OI003076,O003023,P0130,1,4118.41,0
OI003077,O003172,P0038,2,3621.23,10
OI003078,O001269,P0019,1,14263.93,0
OI003079,O001269,P0062,1,2997.43,0
OI003080,O003269,P0116,1,2403.95,0
OI003081,O002875,P0071,1,8668.54,0
OI003082,O003793,P0086,1,6161.57,0
OI003083,O003793,P0087,2,4705.42,0
OI003084,O004086,P0108,1,2164.32,0
OI003085,O004086,P0020,1,31043.1,0
OI003086,O002594,P0024,1,14577.63,0
OI003087,O003133,P0066,1,3872.22,0
OI003088,O000530,P0240,1,1454.49,5
OI003089,O000530,P0010,1,19891.97,5
OI003090,O003523,P0179,1,122.86,0
OI003091,O003005,P0191,1,544.85,0
OI003092,O001131,P0220,1,1073.05,0
OI003093,O001259,P0188,1,387.48,20
OI003094,O000445,P0076,1,8191.74,0
OI003095,O000935,P0034,1,961.34,0
OI003096,O001377,P0134,1,4969.01,0
OI003097,O001377,P0138,1,3724.99,0
OI003098,O002341,P0105,1,113.68,0
OI003099,O003493,P0192,1,2255.96,20
OI003100,O002220,P0011,1,27843.9,0
OI003101,O003299,P0213,2,132.46,5
OI003102,O000031,P0094,1,2468.94,0
OI003103,O003512,P0162,1,693.18,5
OI003104,O003512,P0006,1,1709.83,0
OI003105,O000217,P0200,3,2664.42,0
OI003106,O000217,P0203,2,1221.17,5
OI003107,O004025,P0087,2,4705.42,0
OI003108,O004025,P0061,1,7304.47,10
OI003109,O003442,P0127,1,6001.62,0
OI003110,O002421,P0240,1,1454.49,0
OI003111,O002421,P0102,1,567.72,0
OI003112,O001907,P0110,1,1982.94,0
OI003113,O002033,P0112,1,370.66,15
OI003114,O002033,P0203,1,1221.17,20
OI003115,O003882,P0191,1,544.85,0
OI003116,O001401,P0012,1,13712.79,0
OI003117,O000922,P0133,1,6177.4,20
OI003118,O000922,P0178,1,162.51,20
OI003119,O000867,P0025,1,24964.59,0
OI003120,O000155,P0030,1,2799.05,0
OI003121,O000155,P0192,1,2255.96,0
OI003122,O000044,P0033,1,1619.39,5
OI003123,O000018,P0110,2,1982.94,0
OI003124,O000018,P0200,1,2664.42,20
OI003125,O003939,P0217,1,945.42,10
OI003126,O001372,P0005,1,27369.28,0
OI003127,O001884,P0011,1,27843.9,0
OI003128,O002406,P0050,2,418.47,0
OI003129,O001893,P0224,1,1478.7,10
OI003130,O001893,P0015,2,26984.72,10
OI003131,O001199,P0134,1,4969.01,0
OI003132,O001199,P0227,1,664.12,0
OI003133,O003726,P0053,1,4564.56,0
OI003134,O002792,P0093,1,847.03,0
OI003135,O002792,P0100,1,2671.55,0
OI003136,O002792,P0102,1,567.72,0
OI003137,O002526,P0227,1,664.12,0
OI003138,O003756,P0156,1,494.07,0
OI003139,O003756,P0023,1,12238.08,5
OI003140,O001478,P0210,1,2401.94,15
OI003141,O002674,P0224,1,1478.7,5
OI003142,O002674,P0196,1,3467.19,0
OI003143,O002674,P0007,1,37593.96,0
OI003144,O001332,P0099,1,2204.27,15
OI003145,O001539,P0040,1,1983.79,0
OI003146,O000260,P0176,1,551.82,0
OI003147,O000444,P0117,1,1772.02,0
OI003148,O001405,P0019,1,14263.93,0
OI003149,O002208,P0083,1,993.55,0
OI003150,O002208,P0191,1,544.85,0
OI003151,O002193,P0055,1,1374.35,10
OI003152,O002193,P0026,1,43655.64,0
OI003153,O000533,P0045,2,4468.9,15
OI003154,O000533,P0197,1,1395.26,0
OI003155,O001421,P0056,1,1660.83,10
OI003156,O001421,P0066,1,3872.22,15
OI003157,O003991,P0230,1,130.64,0
OI003158,O003991,P0088,1,5876.52,0
OI003159,O003638,P0092,1,2780.61,5
OI003160,O001235,P0014,1,9625.58,0
OI003161,O001235,P0210,2,2401.94,10
OI003162,O001235,P0111,1,2006.08,0
OI003163,O001687,P0131,1,4419.55,15
OI003164,O001687,P0141,2,6262.04,10
OI003165,O001710,P0047,2,3874.69,0
OI003166,O001064,P0112,2,370.66,0
OI003167,O000431,P0147,2,5810.42,10
OI003168,O000828,P0028,1,27227.18,5
OI003169,O000828,P0125,1,6755.25,5
OI003170,O003178,P0161,1,593.3,0
OI003171,O002772,P0217,1,945.42,0
OI003172,O002772,P0125,1,6755.25,5
OI003173,O002772,P0109,1,1042.66,0
OI003174,O002772,P0196,1,3467.19,10
OI003175,O000578,P0144,1,3418.51,0
OI003176,O000138,P0165,1,476.64,15
OI003177,O000138,P0232,2,1130.77,0
OI003178,O003624,P0037,1,324.95,15
OI003179,O000685,P0160,1,239.79,0
OI003180,O000685,P0054,1,2227.8,0
OI003181,O003377,P0135,1,2707.59,0
OI003182,O001699,P0213,1,132.46,0
OI003183,O000762,P0068,1,8496.61,0
OI003184,O000762,P0075,1,652.01,0
OI003185,O003090,P0192,1,2255.96,0
OI003186,O000797,P0011,1,27843.9,0
OI003187,O000797,P0030,2,2799.05,0
OI003188,O002275,P0062,1,2997.43,0
OI003189,O002275,P0078,1,8872.72,20
OI003190,O002932,P0230,1,130.64,0
OI003191,O000438,P0142,2,2815.41,0
OI003192,O000087,P0002,1,33154.13,10
OI003193,O000087,P0204,1,1452.83,10
OI003194,O000303,P0136,1,5721.72,5
OI003195,O001805,P0115,2,2685.94,0
OI003196,O001942,P0200,1,2664.42,0
OI003197,O001942,P0050,2,418.47,0
OI003198,O002609,P0088,2,5876.52,0
OI003199,O000529,P0077,1,1474.07,10
OI003200,O002299,P0061,2,7304.47,5
OI003201,O002299,P0123,1,402.56,0
OI003202,O002299,P0221,1,172.01,0
OI003203,O000188,P0171,2,541.45,10
OI003204,O003609,P0234,3,463.28,15
OI003205,O002567,P0141,1,6262.04,0
OI003206,O002567,P0189,1,2979.33,0
OI003207,O001293,P0229,2,65.46,0
OI003208,O000527,P0136,1,5721.72,0
OI003209,O003347,P0035,1,649.39,20
OI003210,O002476,P0105,2,113.68,0
OI003211,O002148,P0012,1,13712.79,5
OI003212,O001042,P0055,1,1374.35,0
OI003213,O001042,P0060,1,4494.03,5
OI003214,O001341,P0166,1,419.38,0
OI003215,O002409,P0096,2,369.0,0
OI003216,O003091,P0158,1,851.38,0
OI003217,O002488,P0186,1,486.61,0
OI003218,O002614,P0032,1,4194.07,5
OI003219,O000961,P0014,2,9625.58,0
OI003220,O002329,P0027,1,42325.85,0
OI003221,O002329,P0171,1,541.45,15
OI003222,O001602,P0095,1,1634.99,5
OI003223,O001602,P0116,1,2403.95,0
OI003224,O001602,P0177,3,691.82,10
OI003225,O002535,P0178,1,162.51,0
OI003226,O000884,P0005,1,27369.28,0
OI003227,O003313,P0156,1,494.07,5
OI003228,O001474,P0211,2,1196.79,0
OI003229,O001474,P0013,1,20958.29,0
OI003230,O001961,P0130,1,4118.41,15
OI003231,O001961,P0095,1,1634.99,0
OI003232,O001961,P0145,1,2218.83,0
OI003233,O000179,P0149,1,5457.96,10
OI003234,O002157,P0182,1,1684.15,0
OI003235,O000986,P0017,1,3675.28,0
OI003236,O003605,P0206,1,1218.7,10
OI003237,O003605,P0075,1,652.01,10
OI003238,O003605,P0074,1,5563.17,0
OI003239,O003605,P0147,1,5810.42,10
OI003240,O002869,P0047,3,3874.69,0
OI003241,O002151,P0240,1,1454.49,0
OI003242,O003556,P0005,1,27369.28,0
OI003243,O003556,P0183,1,3302.91,0
OI003244,O003556,P0116,1,2403.95,0
OI003245,O003772,P0066,1,3872.22,0
OI003246,O003772,P0150,1,4472.37,5
OI003247,O002330,P0207,2,3333.53,10
OI003248,O002330,P0043,3,1760.62,0
OI003249,O003345,P0104,1,393.27,0
OI003250,O002450,P0194,2,1093.82,0
OI003251,O002450,P0154,1,563.67,5
OI003252,O000602,P0181,1,1449.37,5
OI003253,O003298,P0147,2,5810.42,15
OI003254,O004139,P0160,1,239.79,5
OI003255,O001161,P0161,1,593.3,15
OI003256,O003255,P0108,1,2164.32,0
OI003257,O001860,P0197,1,1395.26,0
OI003258,O000776,P0160,1,239.79,20
OI003259,O001212,P0147,1,5810.42,0
OI003260,O001212,P0207,1,3333.53,0
OI003261,O002867,P0097,1,2710.21,0
OI003262,O002867,P0223,1,1227.56,10
OI003263,O002944,P0200,1,2664.42,0
OI003264,O002944,P0169,1,868.91,0
OI003265,O002944,P0076,1,8191.74,15
OI003266,O002636,P0213,2,132.46,20
OI003267,O002636,P0142,1,2815.41,5
OI003268,O004034,P0165,1,476.64,0
OI003269,O004034,P0155,1,814.67,5
OI003270,O002443,P0195,1,2663.56,0
OI003271,O003653,P0154,1,563.67,0
OI003272,O003016,P0191,1,544.85,0
OI003273,O003290,P0187,1,465.38,5
OI003274,O003290,P0174,2,670.58,0
OI003275,O001148,P0174,1,670.58,15
OI003276,O001330,P0195,1,2663.56,0
OI003277,O001330,P0219,1,154.51,0
OI003278,O002173,P0117,2,1772.02,0
OI003279,O001986,P0023,1,12238.08,0
OI003280,O001986,P0228,2,210.24,0
OI003281,O001986,P0134,1,4969.01,5
OI003282,O001094,P0076,1,8191.74,0
OI003283,O001094,P0038,1,3621.23,15
OI003284,O001051,P0138,1,3724.99,0
OI003285,O001051,P0201,2,494.46,0
OI003286,O001051,P0094,1,2468.94,0
OI003287,O003554,P0149,1,5457.96,0
OI003288,O003115,P0099,2,2204.27,0
OI003289,O003639,P0164,2,597.92,5
OI003290,O004024,P0146,1,503.35,0
OI003291,O002702,P0064,1,7397.53,0
OI003292,O002702,P0038,1,3621.23,10
OI003293,O002168,P0085,1,557.82,0
OI003294,O003509,P0145,1,2218.83,5
OI003295,O003183,P0027,1,42325.85,0
OI003296,O003183,P0076,1,8191.74,0
OI003297,O001502,P0006,1,1709.83,10
OI003298,O000900,P0198,2,1290.69,20
OI003299,O000900,P0129,1,6571.24,20
OI003300,O002233,P0228,2,210.24,5
OI003301,O002233,P0080,1,2290.21,5
OI003302,O003906,P0146,2,503.35,0
OI003303,O002663,P0159,1,467.06,0
OI003304,O003380,P0203,1,1221.17,0
OI003305,O000782,P0220,1,1073.05,0
OI003306,O002803,P0050,1,418.47,0
OI003307,O002803,P0045,1,4468.9,0
OI003308,O002803,P0228,1,210.24,0
OI003309,O000517,P0049,1,2755.84,5
OI003310,O000673,P0028,1,27227.18,0
OI003311,O000673,P0048,1,3922.55,5
OI003312,O001101,P0215,1,557.83,0
OI003313,O003587,P0200,1,2664.42,0
OI003314,O003767,P0207,1,3333.53,0
OI003315,O000720,P0210,1,2401.94,5
OI003316,O004121,P0058,2,3276.0,0
OI003317,O004121,P0076,1,8191.74,0
OI003318,O002992,P0200,1,2664.42,0
OI003319,O003695,P0037,2,324.95,0
OI003320,O002017,P0199,1,3024.68,0
OI003321,O002017,P0111,1,2006.08,0
OI003322,O002017,P0104,1,393.27,0
OI003323,O000143,P0145,1,2218.83,0
OI003324,O000259,P0144,3,3418.51,0
OI003325,O001171,P0015,1,26984.72,0
OI003326,O001171,P0105,1,113.68,0
OI003327,O003722,P0160,1,239.79,15
OI003328,O003722,P0180,2,945.21,0
OI003329,O003722,P0006,1,1709.83,0
OI003330,O003722,P0143,1,4173.48,0
OI003331,O003214,P0122,1,6428.59,0
OI003332,O001437,P0040,2,1983.79,0
OI003333,O001473,P0102,1,567.72,5
OI003334,O004173,P0164,2,597.92,20
OI003335,O000486,P0031,1,2125.78,0
OI003336,O000486,P0118,2,665.2,10
OI003337,O000486,P0196,2,3467.19,0
OI003338,O002201,P0107,1,1989.69,10
OI003339,O004001,P0229,1,65.46,0
OI003340,O004001,P0008,1,8836.66,5
OI003341,O002755,P0165,1,476.64,0
OI003342,O002210,P0114,2,2920.73,5
OI003343,O003306,P0045,1,4468.9,0
OI003344,O003306,P0192,1,2255.96,20
OI003345,O000579,P0056,1,1660.83,5
OI003346,O000579,P0080,2,2290.21,0
OI003347,O001512,P0144,2,3418.51,15
OI003348,O000983,P0186,1,486.61,0
OI003349,O003575,P0059,2,4076.26,0
OI003350,O003402,P0134,2,4969.01,0
OI003351,O002691,P0156,1,494.07,10
OI003352,O002691,P0057,3,4668.58,0
OI003353,O000415,P0084,3,3021.86,20
OI003354,O000415,P0172,1,254.88,0
OI003355,O000154,P0170,1,525.76,0
OI003356,O003393,P0155,1,814.67,0
OI003357,O000888,P0233,2,1444.15,0
OI003358,O000888,P0093,1,847.03,5
OI003359,O004028,P0167,1,111.95,10
OI003360,O000427,P0063,2,2204.83,15
OI003361,O000622,P0231,2,219.41,0
OI003362,O004082,P0134,2,4969.01,0
OI003363,O004082,P0036,1,3928.55,0
OI003364,O004117,P0169,3,868.91,0
OI003365,O002951,P0230,1,130.64,0
OI003366,O000266,P0144,1,3418.51,5
OI003367,O000266,P0194,1,1093.82,0
OI003368,O003715,P0005,1,27369.28,0
OI003369,O001939,P0215,2,557.83,20
OI003370,O002320,P0210,1,2401.94,0
OI003371,O000542,P0073,1,2705.6,0
OI003372,O000542,P0212,1,181.25,5
OI003373,O002631,P0001,1,17354.67,0
OI003374,O002519,P0230,2,130.64,0
OI003375,O004046,P0089,2,6279.25,0
OI003376,O001915,P0105,2,113.68,5
OI003377,O002089,P0228,1,210.24,5
OI003378,O001149,P0170,1,525.76,0
OI003379,O002143,P0031,2,2125.78,0
OI003380,O002143,P0037,1,324.95,0
OI003381,O002143,P0231,1,219.41,0
OI003382,O004026,P0178,1,162.51,0
OI003383,O004026,P0145,2,2218.83,5
OI003384,O003216,P0157,1,121.82,5
OI003385,O003216,P0112,2,370.66,0
OI003386,O001083,P0088,3,5876.52,0
OI003387,O001672,P0008,1,8836.66,0
OI003388,O002231,P0141,1,6262.04,0
OI003389,O002500,P0206,1,1218.7,20
OI003390,O003966,P0218,1,170.95,0
OI003391,O001972,P0201,3,494.46,0
OI003392,O003142,P0038,1,3621.23,5
OI003393,O004090,P0104,1,393.27,10
OI003394,O000695,P0152,1,585.57,0
OI003395,O001634,P0196,1,3467.19,5
OI003396,O000553,P0092,1,2780.61,0
OI003397,O000553,P0140,1,5002.18,0
OI003398,O001869,P0174,1,670.58,0
OI003399,O003528,P0038,1,3621.23,0
OI003400,O003536,P0112,1,370.66,5
OI003401,O003458,P0170,1,525.76,0
OI003402,O002344,P0069,1,4764.36,20
OI003403,O000999,P0024,1,14577.63,0
OI003404,O004072,P0201,1,494.46,10
OI003405,O002115,P0141,3,6262.04,0
OI003406,O001041,P0098,1,1082.19,15
OI003407,O001636,P0147,1,5810.42,0
OI003408,O001636,P0097,1,2710.21,0
OI003409,O002087,P0089,2,6279.25,5
OI003410,O000946,P0105,1,113.68,5
OI003411,O000946,P0162,2,693.18,0
OI003412,O000722,P0019,1,14263.93,0
OI003413,O003908,P0237,1,111.58,0
OI003414,O003908,P0213,1,132.46,0
OI003415,O003908,P0056,1,1660.83,0
OI003416,O003908,P0004,2,3367.3,10
OI003417,O001464,P0144,1,3418.51,0
OI003418,O002496,P0124,1,3167.83,0
OI003419,O002496,P0208,1,2265.65,5
OI003420,O003700,P0110,1,1982.94,15
OI003421,O002081,P0026,1,43655.64,0
OI003422,O001763,P0173,1,457.65,0
OI003423,O002217,P0213,1,132.46,0
OI003424,O002217,P0176,1,551.82,0
OI003425,O002982,P0226,1,1175.86,0
OI003426,O001797,P0038,1,3621.23,5
OI003427,O001797,P0197,1,1395.26,0
OI003428,O001797,P0049,1,2755.84,10
OI003429,O001883,P0207,1,3333.53,0
OI003430,O002484,P0136,1,5721.72,10
OI003431,O003557,P0081,1,3435.49,0
OI003432,O002902,P0147,1,5810.42,0
OI003433,O000747,P0087,1,4705.42,0
OI003434,O000495,P0237,1,111.58,0
OI003435,O000495,P0193,1,2611.49,0
OI003436,O001872,P0031,1,2125.78,0
OI003437,O002047,P0065,2,260.18,0
OI003438,O002047,P0216,1,256.34,0
OI003439,O003472,P0050,1,418.47,0
OI003440,O003472,P0199,1,3024.68,0
OI003441,O001255,P0069,1,4764.36,20
OI003442,O001255,P0103,1,1857.64,0
OI003443,O001255,P0139,1,5647.58,5
OI003444,O001255,P0039,2,3923.97,0
OI003445,O000953,P0062,1,2997.43,0
OI003446,O000953,P0151,1,145.51,5
OI003447,O000953,P0204,1,1452.83,0
OI003448,O002798,P0198,1,1290.69,0
OI003449,O001170,P0080,1,2290.21,0
OI003450,O004105,P0218,1,170.95,0
OI003451,O004105,P0131,1,4419.55,5
OI003452,O004105,P0070,1,3398.94,15
OI003453,O000690,P0161,1,593.3,0
OI003454,O000690,P0231,1,219.41,5
OI003455,O000680,P0011,1,27843.9,0
OI003456,O001719,P0219,1,154.51,0
OI003457,O001719,P0008,1,8836.66,15
OI003458,O003291,P0214,1,689.22,0
OI003459,O002042,P0043,1,1760.62,0
OI003460,O003206,P0123,1,402.56,0
OI003461,O003206,P0193,1,2611.49,5
OI003462,O003781,P0058,1,3276.0,0
OI003463,O001462,P0001,1,17354.67,5
OI003464,O001462,P0002,1,33154.13,0
OI003465,O001462,P0171,1,541.45,0
OI003466,O002689,P0219,1,154.51,0
OI003467,O002689,P0132,1,1237.56,0
OI003468,O003008,P0112,2,370.66,0
OI003469,O003414,P0154,1,563.67,0
OI003470,O003414,P0101,1,1960.89,10
OI003471,O002821,P0233,1,1444.15,10
OI003472,O002898,P0227,1,664.12,0
OI003473,O003349,P0100,1,2671.55,0
OI003474,O001057,P0017,1,3675.28,0
OI003475,O001057,P0015,2,26984.72,0
OI003476,O001147,P0030,2,2799.05,0
OI003477,O001147,P0214,1,689.22,5
OI003478,O001147,P0196,1,3467.19,5
OI003479,O002808,P0100,1,2671.55,0
OI003480,O001938,P0129,1,6571.24,0
OI003481,O000208,P0052,2,1776.47,0
OI003482,O001032,P0020,1,31043.1,5
OI003483,O001032,P0021,2,6194.09,0
OI003484,O000273,P0172,1,254.88,0
OI003485,O000273,P0050,2,418.47,0
OI003486,O000273,P0209,1,1131.26,0
OI003487,O003261,P0157,1,121.82,0
OI003488,O003261,P0086,2,6161.57,5
OI003489,O004119,P0211,1,1196.79,5
OI003490,O004119,P0219,2,154.51,0
OI003491,O004119,P0007,2,37593.96,0
OI003492,O003011,P0013,2,20958.29,20
OI003493,O004184,P0017,1,3675.28,5
OI003494,O000097,P0097,1,2710.21,0
OI003495,O000097,P0136,1,5721.72,0
OI003496,O000097,P0015,3,26984.72,0
OI003497,O002240,P0157,1,121.82,0
OI003498,O002240,P0166,1,419.38,20
OI003499,O003122,P0072,1,4574.79,0
OI003500,O003122,P0021,2,6194.09,0
OI003501,O001208,P0076,1,8191.74,5
OI003502,O003865,P0162,1,693.18,0
OI003503,O003865,P0156,1,494.07,0
OI003504,O003865,P0019,1,14263.93,0
OI003505,O003865,P0220,1,1073.05,20
OI003506,O001043,P0189,1,2979.33,10
OI003507,O004035,P0083,2,993.55,0
OI003508,O004035,P0014,1,9625.58,20
OI003509,O001593,P0117,1,1772.02,0
OI003510,O003106,P0105,2,113.68,0
OI003511,O003457,P0199,1,3024.68,20
OI003512,O003457,P0046,1,861.09,0
OI003513,O002892,P0221,1,172.01,10
OI003514,O001061,P0162,1,693.18,10
OI003515,O002473,P0134,1,4969.01,10
OI003516,O002473,P0051,1,446.72,0
OI003517,O002806,P0224,3,1478.7,0
OI003518,O001664,P0150,2,4472.37,0
OI003519,O000004,P0114,2,2920.73,20
OI003520,O000004,P0165,1,476.64,0
OI003521,O000173,P0106,1,1690.33,0
OI003522,O000173,P0161,1,593.3,0
OI003523,O000173,P0037,2,324.95,5
OI003524,O002326,P0013,1,20958.29,0
OI003525,O000633,P0187,1,465.38,0
OI003526,O004032,P0095,2,1634.99,0
OI003527,O002605,P0057,2,4668.58,0
OI003528,O003109,P0164,1,597.92,5
OI003529,O003109,P0072,1,4574.79,0
OI003530,O003109,P0070,2,3398.94,10
OI003531,O000440,P0005,1,27369.28,10
OI003532,O003277,P0230,2,130.64,0
OI003533,O003574,P0127,1,6001.62,0
OI003534,O004194,P0113,1,868.09,0
OI003535,O002346,P0114,1,2920.73,10
OI003536,O002346,P0154,1,563.67,0
OI003537,O002778,P0073,1,2705.6,0
OI003538,O000089,P0101,1,1960.89,0
OI003539,O003670,P0042,3,1854.22,0
OI003540,O001757,P0015,1,26984.72,0
OI003541,O001757,P0183,1,3302.91,0
OI003542,O003718,P0115,1,2685.94,0
OI003543,O003718,P0227,1,664.12,0
OI003544,O000275,P0036,1,3928.55,0
OI003545,O000275,P0186,1,486.61,0
OI003546,O001282,P0104,1,393.27,0
OI003547,O000993,P0196,1,3467.19,0
OI003548,O000993,P0221,1,172.01,0
OI003549,O003754,P0106,1,1690.33,15
OI003550,O003754,P0172,1,254.88,0
OI003551,O001545,P0034,1,961.34,0
OI003552,O001545,P0153,1,752.48,0
OI003553,O003581,P0036,1,3928.55,0
OI003554,O003581,P0089,1,6279.25,0
OI003555,O001096,P0005,1,27369.28,0
OI003556,O001096,P0143,1,4173.48,0
OI003557,O000167,P0205,1,3182.03,0
OI003558,O000167,P0024,1,14577.63,0
OI003559,O000085,P0191,1,544.85,0
OI003560,O003878,P0224,2,1478.7,0
OI003561,O003878,P0126,1,2271.81,0
OI003562,O001472,P0186,2,486.61,0
OI003563,O001472,P0161,1,593.3,5
OI003564,O000416,P0212,1,181.25,0
OI003565,O003522,P0122,1,6428.59,0
OI003566,O002251,P0237,2,111.58,0
OI003567,O000918,P0099,1,2204.27,0
OI003568,O003460,P0237,1,111.58,0
OI003569,O000711,P0013,2,20958.29,10
OI003570,O000711,P0042,1,1854.22,5
OI003571,O000898,P0145,1,2218.83,0
OI003572,O001677,P0180,1,945.21,10
OI003573,O001677,P0239,1,156.01,0
OI003574,O000408,P0155,1,814.67,20
OI003575,O000408,P0018,1,43480.94,20
OI003576,O000408,P0197,1,1395.26,0
OI003577,O002883,P0200,2,2664.42,0
OI003578,O002883,P0068,1,8496.61,0
OI003579,O001250,P0006,1,1709.83,0
OI003580,O001250,P0102,1,567.72,0
OI003581,O003941,P0240,1,1454.49,0
OI003582,O003125,P0135,2,2707.59,0
OI003583,O003125,P0173,1,457.65,5
OI003584,O001496,P0137,2,6108.38,0
OI003585,O003513,P0068,1,8496.61,0
OI003586,O003513,P0018,1,43480.94,15
OI003587,O000691,P0050,1,418.47,0
OI003588,O000691,P0051,1,446.72,0
OI003589,O000691,P0052,1,1776.47,0
OI003590,O000691,P0117,1,1772.02,5
OI003591,O002154,P0060,2,4494.03,0
OI003592,O002538,P0023,1,12238.08,0
OI003593,O002359,P0240,2,1454.49,0
OI003594,O003431,P0034,1,961.34,0
OI003595,O000012,P0239,1,156.01,0
OI003596,O000012,P0081,1,3435.49,0
OI003597,O000012,P0092,1,2780.61,15
OI003598,O001524,P0184,1,3368.99,0
OI003599,O001524,P0239,2,156.01,0
OI003600,O004168,P0044,1,3728.15,0
OI003601,O004168,P0052,1,1776.47,15
OI003602,O001111,P0089,1,6279.25,10
OI003603,O001111,P0235,1,373.21,5
OI003604,O001242,P0103,2,1857.64,0
OI003605,O001407,P0028,1,27227.18,0
OI003606,O001407,P0120,1,1970.87,15
OI003607,O001709,P0140,1,5002.18,0
OI003608,O003327,P0238,1,814.17,5
OI003609,O000528,P0021,2,6194.09,15
OI003610,O000528,P0119,1,913.24,10
OI003611,O001812,P0003,2,7696.02,0
OI003612,O002248,P0053,1,4564.56,0
OI003613,O002248,P0218,1,170.95,0
OI003614,O003339,P0231,2,219.41,5
OI003615,O001185,P0233,1,1444.15,0
OI003616,O001063,P0043,1,1760.62,0
OI003617,O001063,P0174,1,670.58,0
OI003618,O000634,P0027,1,42325.85,0
OI003619,O003965,P0021,1,6194.09,0
OI003620,O001221,P0155,1,814.67,0
OI003621,O002169,P0042,1,1854.22,5
OI003622,O002169,P0001,1,17354.67,0
OI003623,O000929,P0098,1,1082.19,0
OI003624,O000930,P0029,2,4711.37,0
OI003625,O000930,P0057,1,4668.58,0
OI003626,O000132,P0193,2,2611.49,0
OI003627,O003849,P0109,1,1042.66,0
OI003628,O003849,P0061,1,7304.47,5
OI003629,O003849,P0212,1,181.25,0
OI003630,O002012,P0132,1,1237.56,0
OI003631,O001137,P0172,1,254.88,5
OI003632,O000775,P0082,1,5774.06,0
OI003633,O002357,P0034,1,961.34,0
OI003634,O002357,P0120,1,1970.87,5
OI003635,O002360,P0127,1,6001.62,0
OI003636,O004016,P0140,1,5002.18,0
OI003637,O002334,P0147,1,5810.42,0
OI003638,O002334,P0089,1,6279.25,5
OI003639,O002334,P0097,1,2710.21,0
OI003640,O001725,P0032,1,4194.07,5
OI003641,O001725,P0049,1,2755.84,15
OI003642,O000470,P0056,1,1660.83,0
OI003643,O000067,P0115,1,2685.94,0
OI003644,O000067,P0020,1,31043.1,0
OI003645,O000067,P0229,1,65.46,0
OI003646,O001605,P0171,1,541.45,0
OI003647,O002296,P0140,1,5002.18,0
OI003648,O002296,P0076,1,8191.74,0
OI003649,O003295,P0079,1,6113.79,0
OI003650,O003295,P0068,1,8496.61,15
OI003651,O003337,P0152,1,585.57,5
OI003652,O003602,P0013,1,20958.29,0
OI003653,O000599,P0186,1,486.61,0
OI003654,O000467,P0044,1,3728.15,0
OI003655,O000467,P0222,1,591.69,5
OI003656,O000564,P0149,1,5457.96,10
OI003657,O001906,P0083,1,993.55,5
OI003658,O001906,P0013,1,20958.29,0
OI003659,O001411,P0037,2,324.95,0
OI003660,O003702,P0222,1,591.69,0
OI003661,O003702,P0102,1,567.72,0
OI003662,O001503,P0076,1,8191.74,0
OI003663,O001503,P0131,1,4419.55,0
OI003664,O001577,P0012,1,13712.79,0
OI003665,O002583,P0210,1,2401.94,5
OI003666,O002583,P0025,1,24964.59,0
OI003667,O002583,P0111,1,2006.08,5
OI003668,O000472,P0071,2,8668.54,0
OI003669,O003070,P0073,1,2705.6,0
OI003670,O003560,P0014,1,9625.58,10
OI003671,O003071,P0061,2,7304.47,15
OI003672,O003071,P0116,2,2403.95,0
OI003673,O000080,P0053,1,4564.56,0
OI003674,O001695,P0175,1,436.15,0
OI003675,O001695,P0065,1,260.18,0
OI003676,O001695,P0213,1,132.46,0
OI003677,O003992,P0027,1,42325.85,0
OI003678,O002373,P0102,1,567.72,0
OI003679,O002446,P0121,2,6600.07,0
OI003680,O003812,P0137,1,6108.38,5
OI003681,O003812,P0028,1,27227.18,0
OI003682,O003097,P0238,1,814.17,15
OI003683,O000055,P0037,3,324.95,5
OI003684,O003834,P0232,1,1130.77,0
OI003685,O002698,P0119,1,913.24,15
OI003686,O003350,P0190,1,2877.47,0
OI003687,O000144,P0203,1,1221.17,0
OI003688,O002092,P0128,1,1434.6,5
OI003689,O001905,P0171,2,541.45,0
OI003690,O002382,P0132,1,1237.56,0
OI003691,O001780,P0044,2,3728.15,5
OI003692,O001780,P0235,2,373.21,10
OI003693,O001780,P0048,1,3922.55,10
OI003694,O001852,P0020,1,31043.1,5
OI003695,O001783,P0004,2,3367.3,0
OI003696,O003288,P0214,1,689.22,0
OI003697,O003288,P0042,1,1854.22,10
OI003698,O003215,P0164,1,597.92,0
OI003699,O003590,P0024,3,14577.63,0
OI003700,O002342,P0225,1,594.58,0
OI003701,O002342,P0126,1,2271.81,5
OI003702,O001146,P0229,1,65.46,0
OI003703,O001146,P0211,3,1196.79,0
OI003704,O001146,P0151,1,145.51,0
OI003705,O003018,P0138,1,3724.99,15
OI003706,O000213,P0212,1,181.25,0
OI003707,O002746,P0047,1,3874.69,5
OI003708,O002325,P0027,1,42325.85,15
OI003709,O000452,P0161,2,593.3,0
OI003710,O000452,P0050,2,418.47,0
OI003711,O000853,P0067,2,1253.82,20
OI003712,O000853,P0133,2,6177.4,0
OI003713,O000853,P0239,1,156.01,0
OI003714,O000853,P0108,1,2164.32,20
OI003715,O001495,P0044,1,3728.15,5
OI003716,O003530,P0147,1,5810.42,0
OI003717,O003647,P0140,1,5002.18,0
OI003718,O002793,P0088,2,5876.52,5
OI003719,O002034,P0189,1,2979.33,5
OI003720,O001806,P0213,1,132.46,5
OI003721,O002289,P0126,2,2271.81,0
OI003722,O000388,P0201,2,494.46,0
OI003723,O003993,P0188,1,387.48,0
OI003724,O003993,P0176,3,551.82,0
OI003725,O000989,P0156,2,494.07,0
OI003726,O000189,P0113,2,868.09,0
OI003727,O000189,P0060,1,4494.03,0
OI003728,O001124,P0195,1,2663.56,0
OI003729,O001124,P0110,1,1982.94,0
OI003730,O003688,P0222,2,591.69,0
OI003731,O003688,P0212,1,181.25,5
OI003732,O003379,P0060,2,4494.03,0
OI003733,O002333,P0224,3,1478.7,0
OI003734,O000513,P0211,1,1196.79,20
OI003735,O001595,P0139,1,5647.58,10
OI003736,O001595,P0063,1,2204.83,0
OI003737,O000479,P0225,1,594.58,0
OI003738,O000479,P0030,1,2799.05,0
OI003739,O002234,P0218,2,170.95,5
OI003740,O002234,P0132,2,1237.56,5
OI003741,O000501,P0046,1,861.09,0
OI003742,O000501,P0140,1,5002.18,0
OI003743,O003978,P0175,2,436.15,0
OI003744,O003978,P0082,2,5774.06,0
OI003745,O003167,P0105,1,113.68,0
OI003746,O002177,P0008,1,8836.66,15
OI003747,O002737,P0087,1,4705.42,0
OI003748,O002737,P0059,3,4076.26,0
OI003749,O002232,P0147,1,5810.42,0
OI003750,O002232,P0193,1,2611.49,0
OI003751,O002232,P0116,1,2403.95,0
OI003752,O001002,P0190,2,2877.47,0
OI003753,O001002,P0006,1,1709.83,0
OI003754,O003200,P0127,1,6001.62,0
OI003755,O000591,P0202,1,1841.6,0
OI003756,O001284,P0180,1,945.21,10
OI003757,O001717,P0151,2,145.51,0
OI003758,O001717,P0140,1,5002.18,5
OI003759,O002796,P0185,1,804.9,5
OI003760,O003776,P0163,1,958.38,0
OI003761,O002076,P0110,1,1982.94,10
OI003762,O003421,P0104,1,393.27,0
OI003763,O003423,P0175,1,436.15,0
OI003764,O003423,P0238,1,814.17,0
OI003765,O004120,P0031,1,2125.78,5
OI003766,O000832,P0117,1,1772.02,0
OI003767,O000832,P0123,1,402.56,0
OI003768,O000778,P0180,1,945.21,0
OI003769,O000778,P0016,1,27653.48,0
OI003770,O000778,P0104,2,393.27,5
OI003771,O002814,P0221,1,172.01,0
OI003772,O002814,P0128,1,1434.6,0
OI003773,O002348,P0061,1,7304.47,5
OI003774,O002348,P0231,1,219.41,10
OI003775,O002555,P0104,1,393.27,0
OI003776,O001195,P0133,1,6177.4,0
OI003777,O001195,P0200,1,2664.42,0
OI003778,O001362,P0207,1,3333.53,0
OI003779,O001362,P0038,1,3621.23,0
OI003780,O000052,P0221,1,172.01,5
OI003781,O000052,P0203,1,1221.17,10
OI003782,O000052,P0004,2,3367.3,0
OI003783,O001557,P0094,2,2468.94,0
OI003784,O001557,P0196,2,3467.19,5
OI003785,O001557,P0001,1,17354.67,0
OI003786,O001557,P0097,1,2710.21,0
OI003787,O002305,P0139,2,5647.58,5
OI003788,O002305,P0037,1,324.95,5
OI003789,O003491,P0022,1,2319.97,5
OI003790,O003553,P0169,1,868.91,5
OI003791,O001988,P0216,2,256.34,0
OI003792,O001114,P0044,1,3728.15,5
OI003793,O000657,P0047,1,3874.69,0
OI003794,O003667,P0058,1,3276.0,0
OI003795,O003667,P0162,1,693.18,0
OI003796,O000826,P0090,1,8442.22,20
OI003797,O003794,P0084,1,3021.86,10
OI003798,O001188,P0173,1,457.65,0
OI003799,O003904,P0041,1,4355.59,0
OI003800,O002283,P0023,1,12238.08,0
OI003801,O002283,P0101,1,1960.89,0
OI003802,O000965,P0174,2,670.58,15
OI003803,O003958,P0224,1,1478.7,20
OI003804,O003958,P0169,1,868.91,0
OI003805,O000566,P0094,1,2468.94,0
OI003806,O003663,P0004,2,3367.3,0
OI003807,O003663,P0199,1,3024.68,0
OI003808,O001804,P0086,1,6161.57,0
OI003809,O003596,P0139,2,5647.58,20
OI003810,O000841,P0115,1,2685.94,0
OI003811,O000841,P0240,1,1454.49,5
OI003812,O000841,P0027,3,42325.85,5
OI003813,O001643,P0176,1,551.82,10
OI003814,O002182,P0068,1,8496.61,10
OI003815,O002779,P0104,1,393.27,0
OI003816,O001873,P0146,1,503.35,0
OI003817,O002534,P0039,1,3923.97,0
OI003818,O002534,P0188,1,387.48,0
OI003819,O001973,P0019,1,14263.93,0
OI003820,O001973,P0134,1,4969.01,10
OI003821,O000047,P0167,1,111.95,0
OI003822,O001150,P0198,1,1290.69,0
OI003823,O001150,P0240,1,1454.49,15
OI003824,O000688,P0045,1,4468.9,0
OI003825,O002439,P0019,1,14263.93,0
OI003826,O000384,P0147,2,5810.42,0
OI003827,O000384,P0036,1,3928.55,0
OI003828,O000384,P0084,1,3021.86,15
OI003829,O000766,P0146,1,503.35,0
OI003830,O000766,P0102,1,567.72,0
OI003831,O000766,P0117,2,1772.02,0
OI003832,O002641,P0194,1,1093.82,0
OI003833,O001486,P0153,2,752.48,0
OI003834,O001486,P0011,1,27843.9,0
OI003835,O001567,P0143,1,4173.48,0
OI003836,O003950,P0152,1,585.57,5
OI003837,O000770,P0137,1,6108.38,0
OI003838,O001874,P0198,1,1290.69,5
OI003839,O001874,P0175,1,436.15,15
OI003840,O000616,P0069,1,4764.36,0
OI003841,O000616,P0061,2,7304.47,15
OI003842,O002029,P0111,2,2006.08,10
OI003843,O002029,P0160,1,239.79,0
OI003844,O002843,P0156,1,494.07,0
OI003845,O000007,P0139,1,5647.58,0
OI003846,O001299,P0074,1,5563.17,0
OI003847,O003555,P0201,2,494.46,0
OI003848,O001012,P0140,1,5002.18,0
OI003849,O001012,P0223,1,1227.56,0
OI003850,O004149,P0005,1,27369.28,10
OI003851,O003433,P0041,2,4355.59,15
OI003852,O003433,P0033,1,1619.39,0
OI003853,O003433,P0229,1,65.46,0
OI003854,O004062,P0236,2,66.62,5
OI003855,O004062,P0010,2,19891.97,0
OI003856,O001849,P0218,1,170.95,20
OI003857,O003809,P0085,1,557.82,0
OI003858,O003809,P0205,1,3182.03,0
OI003859,O003809,P0009,2,14247.51,0
OI003860,O001451,P0155,1,814.67,15
OI003861,O002943,P0178,1,162.51,0
OI003862,O003208,P0187,1,465.38,10
OI003863,O002618,P0059,1,4076.26,0
OI003864,O002618,P0170,2,525.76,5
OI003865,O002427,P0216,1,256.34,5
OI003866,O000912,P0139,3,5647.58,10
OI003867,O003365,P0111,1,2006.08,0
OI003868,O003128,P0185,1,804.9,0
OI003869,O003128,P0154,2,563.67,5
OI003870,O000459,P0184,1,3368.99,0
OI003871,O000459,P0178,1,162.51,20
OI003872,O002509,P0065,1,260.18,0
OI003873,O001673,P0130,2,4118.41,5
OI003874,O001981,P0075,1,652.01,0
OI003875,O001981,P0166,1,419.38,5
OI003876,O001981,P0034,3,961.34,0
OI003877,O001621,P0077,1,1474.07,0
OI003878,O004058,P0226,1,1175.86,10
OI003879,O001346,P0156,1,494.07,15
OI003880,O001445,P0087,1,4705.42,0
OI003881,O003766,P0217,1,945.42,0
OI003882,O003236,P0189,1,2979.33,0
OI003883,O003236,P0157,1,121.82,15
OI003884,O003236,P0132,2,1237.56,0
OI003885,O003236,P0142,1,2815.41,5
OI003886,O000504,P0162,1,693.18,0
OI003887,O003101,P0017,1,3675.28,0
OI003888,O002423,P0166,1,419.38,0
OI003889,O000081,P0022,2,2319.97,0
OI003890,O000122,P0073,1,2705.6,5
OI003891,O002962,P0089,1,6279.25,0
OI003892,O000336,P0116,1,2403.95,5
OI003893,O003547,P0161,1,593.3,0
OI003894,O003547,P0140,3,5002.18,0
OI003895,O003547,P0130,1,4118.41,0
OI003896,O000644,P0118,1,665.2,0
OI003897,O002718,P0208,1,2265.65,0
OI003898,O001573,P0193,1,2611.49,0
OI003899,O001819,P0234,1,463.28,0
OI003900,O002163,P0010,1,19891.97,0
OI003901,O000880,P0178,2,162.51,5
OI003902,O000880,P0168,1,140.4,0
OI003903,O002608,P0113,3,868.09,15
OI003904,O002608,P0024,1,14577.63,0
OI003905,O000117,P0092,2,2780.61,0
OI003906,O000117,P0237,1,111.58,0
OI003907,O001510,P0046,1,861.09,20
OI003908,O001897,P0061,1,7304.47,5
OI003909,O001897,P0230,1,130.64,5
OI003910,O000493,P0140,1,5002.18,0
OI003911,O000493,P0103,1,1857.64,0
OI003912,O000017,P0115,1,2685.94,0
OI003913,O000017,P0100,1,2671.55,10
OI003914,O002822,P0123,1,402.56,5
OI003915,O001655,P0051,1,446.72,5
OI003916,O001846,P0139,2,5647.58,0
OI003917,O000112,P0197,1,1395.26,10
OI003918,O000473,P0169,1,868.91,0
OI003919,O000647,P0048,1,3922.55,15
OI003920,O003836,P0007,1,37593.96,0
OI003921,O003836,P0240,1,1454.49,20
OI003922,O001482,P0158,1,851.38,0
OI003923,O001205,P0116,1,2403.95,15
OI003924,O000237,P0071,1,8668.54,0
OI003925,O001001,P0098,1,1082.19,0
OI003926,O001001,P0200,1,2664.42,0
OI003927,O001001,P0020,2,31043.1,0
OI003928,O001184,P0158,1,851.38,0
OI003929,O002080,P0017,2,3675.28,0
OI003930,O003687,P0185,1,804.9,20
OI003931,O003687,P0161,1,593.3,0
OI003932,O004175,P0170,1,525.76,0
OI003933,O002842,P0119,2,913.24,0
OI003934,O002842,P0127,1,6001.62,0
OI003935,O002842,P0157,2,121.82,0
OI003936,O002842,P0137,1,6108.38,15
OI003937,O002109,P0127,2,6001.62,0
OI003938,O003406,P0099,1,2204.27,0
OI003939,O003406,P0139,3,5647.58,0
OI003940,O000214,P0039,1,3923.97,0
OI003941,O001500,P0220,1,1073.05,10
OI003942,O001500,P0160,1,239.79,0
OI003943,O000601,P0148,1,1150.31,10
OI003944,O000601,P0235,1,373.21,0
OI003945,O003130,P0112,1,370.66,0
OI003946,O003322,P0130,1,4118.41,0
OI003947,O001228,P0128,1,1434.6,0
OI003948,O003341,P0184,1,3368.99,0
OI003949,O003618,P0217,1,945.42,10
OI003950,O003569,P0040,1,1983.79,15
OI003951,O003569,P0215,1,557.83,0
OI003952,O002694,P0214,1,689.22,20
OI003953,O002694,P0034,2,961.34,0
OI003954,O003674,P0082,2,5774.06,0
OI003955,O003674,P0133,3,6177.4,0
OI003956,O003674,P0148,1,1150.31,0
OI003957,O003674,P0051,1,446.72,0
OI003958,O002422,P0127,1,6001.62,0
OI003959,O000637,P0192,1,2255.96,0
OI003960,O000792,P0010,1,19891.97,0
OI003961,O000792,P0203,1,1221.17,0
OI003962,O000230,P0165,3,476.64,5
OI003963,O000247,P0137,1,6108.38,0
OI003964,O002187,P0082,1,5774.06,5
OI003965,O002187,P0175,1,436.15,0
OI003966,O000848,P0135,1,2707.59,20
OI003967,O000848,P0001,1,17354.67,0
OI003968,O003221,P0103,1,1857.64,5
OI003969,O001194,P0165,1,476.64,0
OI003970,O000046,P0048,1,3922.55,0
OI003971,O000977,P0175,1,436.15,0
OI003972,O000964,P0161,1,593.3,0
OI003973,O003031,P0203,1,1221.17,0
OI003974,O003031,P0061,1,7304.47,10
OI003975,O001579,P0095,3,1634.99,0
OI003976,O002619,P0014,1,9625.58,0
OI003977,O001468,P0179,1,122.86,0
OI003978,O003985,P0069,1,4764.36,0
OI003979,O001585,P0227,1,664.12,0
OI003980,O002780,P0008,1,8836.66,0
OI003981,O000420,P0170,1,525.76,0
OI003982,O001390,P0230,1,130.64,0
OI003983,O001390,P0223,2,1227.56,0
OI003984,O001390,P0093,2,847.03,0
OI003985,O004111,P0194,1,1093.82,15
OI003986,O001976,P0100,1,2671.55,0
OI003987,O001976,P0098,1,1082.19,5
OI003988,O002704,P0187,1,465.38,0
OI003989,O003654,P0159,1,467.06,5
OI003990,O003654,P0085,1,557.82,0
OI003991,O002461,P0176,1,551.82,0
OI003992,O000316,P0117,1,1772.02,0
OI003993,O000316,P0146,1,503.35,0
OI003994,O001683,P0010,1,19891.97,0
OI003995,O002097,P0008,1,8836.66,0
OI003996,O000490,P0173,1,457.65,0
OI003997,O000490,P0032,3,4194.07,0
OI003998,O000672,P0043,1,1760.62,0
OI003999,O000672,P0072,1,4574.79,0
OI004000,O002914,P0231,1,219.41,0
OI004001,O002914,P0139,1,5647.58,0
OI004002,O001625,P0046,2,861.09,5
OI004003,O000902,P0200,1,2664.42,15
OI004004,O003521,P0192,1,2255.96,0
OI004005,O001752,P0088,1,5876.52,10
OI004006,O001752,P0219,2,154.51,0
OI004007,O002117,P0096,1,369.0,0
OI004008,O003633,P0069,1,4764.36,0
OI004009,O003633,P0065,1,260.18,5
OI004010,O002905,P0047,1,3874.69,0
OI004011,O003514,P0240,2,1454.49,0
OI004012,O000433,P0135,1,2707.59,0
OI004013,O000433,P0101,1,1960.89,0
OI004014,O001072,P0118,1,665.2,0
OI004015,O002860,P0152,1,585.57,0
OI004016,O002860,P0101,1,1960.89,0
OI004017,O001833,P0051,2,446.72,5
OI004018,O001833,P0036,1,3928.55,0
OI004019,O001833,P0091,1,1088.09,10
OI004020,O000383,P0212,1,181.25,10
OI004021,O002405,P0209,1,1131.26,0
OI004022,O002405,P0157,1,121.82,5
OI004023,O001441,P0076,2,8191.74,5
OI004024,O000461,P0048,1,3922.55,0
OI004025,O000410,P0164,1,597.92,10
OI004026,O000410,P0064,1,7397.53,0
OI004027,O000410,P0163,2,958.38,0
OI004028,O002073,P0035,1,649.39,10
OI004029,O002073,P0175,2,436.15,10
OI004030,O000038,P0137,1,6108.38,0
OI004031,O003196,P0190,1,2877.47,0
OI004032,O000577,P0148,1,1150.31,10
OI004033,O003760,P0217,1,945.42,0
OI004034,O003760,P0069,1,4764.36,0
OI004035,O003760,P0203,1,1221.17,20
OI004036,O002708,P0101,1,1960.89,0
OI004037,O000498,P0213,1,132.46,0
OI004038,O000714,P0222,1,591.69,0
OI004039,O003156,P0057,1,4668.58,0
OI004040,O003156,P0222,2,591.69,0
OI004041,O003505,P0050,2,418.47,0
OI004042,O001088,P0140,2,5002.18,0
OI004043,O001088,P0231,2,219.41,0
OI004044,O004004,P0237,2,111.58,15
OI004045,O002336,P0147,1,5810.42,0
OI004046,O002336,P0240,1,1454.49,0
OI004047,O000804,P0027,1,42325.85,0
OI004048,O000804,P0088,1,5876.52,0
OI004049,O000804,P0104,1,393.27,0
OI004050,O000804,P0043,1,1760.62,0
OI004051,O002820,P0067,1,1253.82,0
OI004052,O002729,P0021,1,6194.09,0
OI004053,O001455,P0176,2,551.82,20
OI004054,O000640,P0175,1,436.15,0
OI004055,O002896,P0235,1,373.21,20
OI004056,O003529,P0084,1,3021.86,0
OI004057,O000882,P0048,1,3922.55,0
OI004058,O000882,P0137,2,6108.38,0
OI004059,O000882,P0195,1,2663.56,0
OI004060,O001711,P0087,2,4705.42,0
OI004061,O001711,P0185,1,804.9,0
OI004062,O001711,P0239,1,156.01,5
OI004063,O003658,P0124,1,3167.83,5
OI004064,O003129,P0046,2,861.09,0
OI004065,O003129,P0234,1,463.28,5
OI004066,O003268,P0088,1,5876.52,10
OI004067,O003268,P0100,1,2671.55,0
OI004068,O001750,P0043,3,1760.62,0
OI004069,O003148,P0148,3,1150.31,5
OI004070,O002246,P0044,1,3728.15,0
OI004071,O002246,P0104,1,393.27,5
OI004072,O003300,P0151,1,145.51,5
OI004073,O003300,P0057,1,4668.58,5
OI004074,O003515,P0223,1,1227.56,0
OI004075,O000070,P0178,2,162.51,0
OI004076,O000070,P0057,1,4668.58,0
OI004077,O002507,P0088,1,5876.52,15
OI004078,O002507,P0136,2,5721.72,0
OI004079,O002507,P0156,1,494.07,0
OI004080,O003768,P0201,1,494.46,0
OI004081,O000141,P0176,1,551.82,0
OI004082,O000141,P0095,1,1634.99,0
OI004083,O002581,P0027,1,42325.85,0
OI004084,O002581,P0058,1,3276.0,0
OI004085,O000240,P0221,1,172.01,20
OI004086,O003462,P0130,1,4118.41,10
OI004087,O002945,P0028,1,27227.18,10
OI004088,O001592,P0144,1,3418.51,5
OI004089,O001598,P0182,3,1684.15,10
OI004090,O001598,P0101,1,1960.89,10
OI004091,O000187,P0095,3,1634.99,5
OI004092,O000187,P0094,1,2468.94,5
OI004093,O000187,P0007,1,37593.96,0
OI004094,O001098,P0166,2,419.38,0
OI004095,O000395,P0126,1,2271.81,0
OI004096,O000395,P0133,1,6177.4,5
OI004097,O002006,P0068,1,8496.61,0
OI004098,O002006,P0099,1,2204.27,0
OI004099,O001902,P0218,1,170.95,5
OI004100,O002976,P0144,1,3418.51,20
OI004101,O001793,P0084,1,3021.86,0
OI004102,O001793,P0005,1,27369.28,0
OI004103,O001181,P0157,1,121.82,0
OI004104,O000516,P0083,2,993.55,0
OI004105,O000516,P0194,1,1093.82,0
OI004106,O000516,P0125,1,6755.25,0
OI004107,O001912,P0198,2,1290.69,0
OI004108,O001912,P0175,1,436.15,0
OI004109,O001912,P0074,1,5563.17,0
OI004110,O003351,P0212,2,181.25,5
OI004111,O003351,P0067,1,1253.82,10
OI004112,O000207,P0058,1,3276.0,0
OI004113,O000207,P0002,1,33154.13,20
OI004114,O000207,P0050,1,418.47,0
OI004115,O000207,P0079,1,6113.79,5
OI004116,O002215,P0161,1,593.3,0
OI004117,O002215,P0160,2,239.79,0
OI004118,O002215,P0031,2,2125.78,0
OI004119,O000091,P0225,1,594.58,0
OI004120,O000998,P0173,2,457.65,10
OI004121,O000998,P0229,1,65.46,0
OI004122,O000998,P0132,1,1237.56,15
OI004123,O001691,P0212,3,181.25,20
OI004124,O004112,P0148,2,1150.31,20
OI004125,O003250,P0020,1,31043.1,10
OI004126,O003250,P0238,1,814.17,0
OI004127,O003087,P0214,1,689.22,10
OI004128,O001560,P0029,1,4711.37,0
OI004129,O001560,P0234,3,463.28,10
OI004130,O001026,P0124,3,3167.83,0
OI004131,O003593,P0154,1,563.67,15
OI004132,O003593,P0124,2,3167.83,0
OI004133,O001241,P0043,1,1760.62,0
OI004134,O001241,P0013,1,20958.29,0
OI004135,O002866,P0051,1,446.72,0
OI004136,O003407,P0134,1,4969.01,20
OI004137,O003407,P0214,1,689.22,0
OI004138,O001692,P0181,1,1449.37,0
OI004139,O002591,P0086,1,6161.57,0
OI004140,O002591,P0149,1,5457.96,10
OI004141,O002591,P0061,1,7304.47,10
OI004142,O001353,P0069,1,4764.36,0
OI004143,O000124,P0204,1,1452.83,0
OI004144,O000124,P0010,1,19891.97,0
OI004145,O001885,P0023,1,12238.08,10
OI004146,O001953,P0215,1,557.83,20
OI004147,O001953,P0094,2,2468.94,0
OI004148,O002256,P0054,2,2227.8,0
OI004149,O000274,P0101,1,1960.89,0
OI004150,O003727,P0079,1,6113.79,0
OI004151,O003727,P0023,1,12238.08,0
OI004152,O003034,P0084,1,3021.86,5
OI004153,O003063,P0076,1,8191.74,0
OI004154,O002946,P0117,1,1772.02,0
OI004155,O002946,P0028,2,27227.18,0
OI004156,O002831,P0084,1,3021.86,5
OI004157,O002831,P0212,1,181.25,10
OI004158,O003646,P0084,1,3021.86,0
OI004159,O000907,P0052,2,1776.47,0
OI004160,O000907,P0028,1,27227.18,5
OI004161,O001037,P0056,1,1660.83,15
OI004162,O001037,P0187,1,465.38,0
OI004163,O000761,P0045,1,4468.9,0
OI004164,O000987,P0094,1,2468.94,0
OI004165,O000327,P0159,1,467.06,15
OI004166,O002292,P0227,1,664.12,5
OI004167,O000325,P0055,1,1374.35,0
OI004168,O000325,P0210,2,2401.94,0
OI004169,O003676,P0108,1,2164.32,5
OI004170,O003036,P0122,2,6428.59,0
OI004171,O001892,P0187,1,465.38,0
OI004172,O001892,P0217,1,945.42,0
OI004173,O003234,P0135,1,2707.59,5
OI004174,O002598,P0025,1,24964.59,0
OI004175,O002054,P0061,1,7304.47,5
OI004176,O002054,P0205,1,3182.03,0
OI004177,O000296,P0110,1,1982.94,10
OI004178,O001047,P0115,1,2685.94,5
OI004179,O001047,P0218,1,170.95,0
OI004180,O002911,P0082,2,5774.06,5
OI004181,O002911,P0012,1,13712.79,0
OI004182,O001506,P0005,1,27369.28,15
OI004183,O003925,P0159,1,467.06,0
OI004184,O001786,P0069,1,4764.36,20
OI004185,O001716,P0217,2,945.42,0
OI004186,O001716,P0039,1,3923.97,20
OI004187,O000287,P0179,2,122.86,5
OI004188,O002259,P0222,1,591.69,0
OI004189,O004192,P0165,1,476.64,10
OI004190,O001759,P0206,1,1218.7,0
OI004191,O001759,P0028,1,27227.18,0
OI004192,O000887,P0073,1,2705.6,0
OI004193,O001285,P0198,1,1290.69,0
OI004194,O003455,P0203,1,1221.17,0
OI004195,O001363,P0023,1,12238.08,5
OI004196,O001363,P0010,1,19891.97,0
OI004197,O001713,P0199,2,3024.68,0
OI004198,O003964,P0091,1,1088.09,15
OI004199,O001638,P0046,1,861.09,5
OI004200,O001638,P0117,1,1772.02,0
OI004201,O001638,P0099,1,2204.27,0
OI004202,O001674,P0158,2,851.38,10
OI004203,O003787,P0136,1,5721.72,0
OI004204,O003439,P0032,2,4194.07,0
OI004205,O001138,P0179,1,122.86,0
OI004206,O001138,P0152,1,585.57,15
OI004207,O000550,P0135,1,2707.59,10
OI004208,O000550,P0122,2,6428.59,0
OI004209,O003595,P0144,1,3418.51,0
OI004210,O003028,P0016,1,27653.48,0
OI004211,O003028,P0155,1,814.67,0
OI004212,O002725,P0188,1,387.48,0
OI004213,O000809,P0214,1,689.22,15
OI004214,O004036,P0034,1,961.34,0
OI004215,O000871,P0194,1,1093.82,0
OI004216,O001213,P0123,1,402.56,0
OI004217,O001213,P0002,1,33154.13,0
OI004218,O002954,P0070,1,3398.94,10
OI004219,O001718,P0093,1,847.03,0
OI004220,O001718,P0034,1,961.34,0
OI004221,O003736,P0061,1,7304.47,15
OI004222,O003736,P0217,1,945.42,0
OI004223,O002587,P0132,1,1237.56,0
OI004224,O000712,P0135,1,2707.59,5
OI004225,O000712,P0143,1,4173.48,5
OI004226,O000794,P0220,1,1073.05,0
OI004227,O000710,P0197,1,1395.26,0
OI004228,O002481,P0090,1,8442.22,20
OI004229,O002041,P0103,1,1857.64,0
OI004230,O002371,P0042,1,1854.22,10
OI004231,O000991,P0228,2,210.24,0
OI004232,O002378,P0036,1,3928.55,0
OI004233,O002378,P0240,1,1454.49,0
OI004234,O000708,P0085,1,557.82,0
OI004235,O000123,P0143,1,4173.48,0
OI004236,O003779,P0208,1,2265.65,0
OI004237,O003779,P0234,1,463.28,0
OI004238,O001604,P0208,1,2265.65,0
OI004239,O001604,P0199,2,3024.68,0
OI004240,O001297,P0110,2,1982.94,10
OI004241,O000925,P0107,1,1989.69,0
OI004242,O000925,P0015,2,26984.72,5
OI004243,O003526,P0084,1,3021.86,10
OI004244,O003316,P0222,1,591.69,5
OI004245,O003316,P0198,1,1290.69,0
OI004246,O003316,P0150,1,4472.37,0
OI004247,O000492,P0130,2,4118.41,0
OI004248,O000492,P0107,2,1989.69,5
OI004249,O000082,P0203,2,1221.17,0
OI004250,O004037,P0194,1,1093.82,5
OI004251,O004037,P0116,1,2403.95,0
OI004252,O003803,P0138,1,3724.99,0
OI004253,O002586,P0114,1,2920.73,10
OI004254,O001304,P0072,2,4574.79,10
OI004255,O001304,P0077,1,1474.07,5
OI004256,O001304,P0221,1,172.01,0
OI004257,O003411,P0043,1,1760.62,15
OI004258,O003411,P0036,1,3928.55,15
OI004259,O001755,P0127,1,6001.62,20
OI004260,O003998,P0181,1,1449.37,0
OI004261,O000787,P0087,1,4705.42,0
OI004262,O000787,P0131,1,4419.55,0
OI004263,O001075,P0087,2,4705.42,5
OI004264,O003146,P0190,1,2877.47,5
OI004265,O003146,P0229,3,65.46,0
OI004266,O002347,P0172,3,254.88,0
OI004267,O003800,P0072,1,4574.79,5
OI004268,O003800,P0139,2,5647.58,0
OI004269,O001277,P0162,1,693.18,0
OI004270,O001880,P0087,1,4705.42,0
OI004271,O000860,P0188,1,387.48,0
OI004272,O001614,P0151,1,145.51,10
OI004273,O001614,P0109,1,1042.66,0
OI004274,O001734,P0094,1,2468.94,0
OI004275,O003954,P0204,1,1452.83,0
OI004276,O003954,P0222,1,591.69,5
OI004277,O003170,P0082,1,5774.06,15
OI004278,O001097,P0202,1,1841.6,0
OI004279,O003107,P0183,1,3302.91,20
OI004280,O003107,P0216,1,256.34,0
OI004281,O003600,P0158,1,851.38,0
OI004282,O003189,P0074,1,5563.17,0
OI004283,O003189,P0046,1,861.09,0
OI004284,O003189,P0129,1,6571.24,0
OI004285,O003244,P0033,1,1619.39,0
OI004286,O003244,P0078,1,8872.72,0
OI004287,O000866,P0158,1,851.38,0
OI004288,O000468,P0234,1,463.28,5
OI004289,O000468,P0031,1,2125.78,0
OI004290,O000468,P0022,1,2319.97,0
OI004291,O000468,P0208,1,2265.65,0
OI004292,O003498,P0178,1,162.51,0
OI004293,O000244,P0110,1,1982.94,5
OI004294,O000244,P0086,1,6161.57,5
OI004295,O003655,P0007,1,37593.96,0
OI004296,O003655,P0035,2,649.39,0
OI004297,O003655,P0239,1,156.01,15
OI004298,O003346,P0218,1,170.95,0
OI004299,O003346,P0002,1,33154.13,0
OI004300,O003905,P0226,1,1175.86,0
OI004301,O000107,P0011,2,27843.9,15
OI004302,O000107,P0040,1,1983.79,0
OI004303,O000107,P0206,1,1218.7,0
OI004304,O002707,P0079,2,6113.79,0
OI004305,O002707,P0096,1,369.0,0
OI004306,O002638,P0164,2,597.92,0
OI004307,O002638,P0059,1,4076.26,15
OI004308,O002639,P0151,1,145.51,0
OI004309,O003463,P0166,1,419.38,5
OI004310,O000482,P0225,1,594.58,0
OI004311,O000118,P0060,2,4494.03,10
OI004312,O000735,P0019,2,14263.93,0
OI004313,O000412,P0061,1,7304.47,0
OI004314,O001249,P0034,1,961.34,5
OI004315,O001107,P0165,1,476.64,10
OI004316,O000353,P0225,1,594.58,0
OI004317,O000353,P0212,1,181.25,0
OI004318,O003232,P0227,1,664.12,20
OI004319,O003232,P0212,1,181.25,0
OI004320,O004197,P0030,1,2799.05,0
OI004321,O000774,P0205,1,3182.03,0
OI004322,O000774,P0084,1,3021.86,0
OI004323,O000774,P0223,2,1227.56,0
OI004324,O000774,P0082,1,5774.06,0
OI004325,O003053,P0018,1,43480.94,0
OI004326,O003541,P0054,1,2227.8,0
OI004327,O004078,P0002,1,33154.13,5
OI004328,O000180,P0083,1,993.55,0
OI004329,O000180,P0088,2,5876.52,0
OI004330,O000180,P0124,1,3167.83,0
OI004331,O000351,P0009,1,14247.51,20
OI004332,O000351,P0134,1,4969.01,10
OI004333,O001856,P0053,1,4564.56,15
OI004334,O003867,P0163,1,958.38,0
OI004335,O002179,P0163,1,958.38,0
OI004336,O002179,P0109,1,1042.66,0
OI004337,O000698,P0143,1,4173.48,0
OI004338,O000698,P0189,1,2979.33,0
OI004339,O000698,P0047,1,3874.69,0
OI004340,O003490,P0175,1,436.15,0
OI004341,O003490,P0026,1,43655.64,0
OI004342,O003490,P0073,1,2705.6,0
OI004343,O001863,P0078,1,8872.72,0
OI004344,O001863,P0073,1,2705.6,0
OI004345,O001863,P0218,1,170.95,0
OI004346,O001863,P0134,1,4969.01,0
OI004347,O003626,P0135,1,2707.59,0
OI004348,O003626,P0158,2,851.38,0
OI004349,O001801,P0099,1,2204.27,0
OI004350,O001801,P0151,1,145.51,0
OI004351,O000365,P0159,1,467.06,5
OI004352,O002361,P0184,2,3368.99,15
OI004353,O002361,P0126,1,2271.81,5
OI004354,O002795,P0037,2,324.95,10
OI004355,O001258,P0128,1,1434.6,15
OI004356,O002134,P0218,1,170.95,0
OI004357,O001943,P0177,1,691.82,0
OI004358,O002407,P0240,2,1454.49,0
OI004359,O000030,P0057,1,4668.58,0
OI004360,O001608,P0109,2,1042.66,0
OI004361,O001608,P0115,1,2685.94,0
OI004362,O001608,P0231,1,219.41,0
OI004363,O001608,P0164,1,597.92,20
OI004364,O002802,P0202,1,1841.6,0
OI004365,O003873,P0113,1,868.09,0
OI004366,O003761,P0185,1,804.9,0
OI004367,O003761,P0075,1,652.01,5
OI004368,O003761,P0165,1,476.64,0
OI004369,O001010,P0106,1,1690.33,15
OI004370,O001010,P0039,1,3923.97,0
OI004371,O000569,P0192,1,2255.96,5
OI004372,O000278,P0002,1,33154.13,15
OI004373,O001552,P0034,1,961.34,0
OI004374,O001552,P0094,1,2468.94,5
OI004375,O003456,P0217,1,945.42,0
OI004376,O003456,P0132,1,1237.56,0
OI004377,O001246,P0190,1,2877.47,0
OI004378,O001246,P0181,1,1449.37,0
OI004379,O004142,P0043,2,1760.62,5
OI004380,O000442,P0236,1,66.62,5
OI004381,O001459,P0095,1,1634.99,0
OI004382,O001944,P0074,2,5563.17,0
OI004383,O001836,P0054,1,2227.8,0
OI004384,O001836,P0018,2,43480.94,0
OI004385,O001836,P0135,1,2707.59,0
OI004386,O000317,P0056,1,1660.83,5
OI004387,O000109,P0207,1,3333.53,0
OI004388,O000109,P0209,1,1131.26,5
OI004389,O003847,P0045,2,4468.9,5
OI004390,O003769,P0182,2,1684.15,15
OI004391,O003769,P0140,1,5002.18,0
OI004392,O003147,P0207,2,3333.53,5
OI004393,O003147,P0209,1,1131.26,5
OI004394,O003484,P0028,3,27227.18,0
OI004395,O003428,P0189,1,2979.33,15
OI004396,O003428,P0035,1,649.39,5
OI004397,O003428,P0049,2,2755.84,0
OI004398,O001775,P0215,1,557.83,0
OI004399,O001775,P0017,2,3675.28,0
OI004400,O002380,P0033,1,1619.39,0
OI004401,O002380,P0052,1,1776.47,0
OI004402,O000101,P0156,2,494.07,5
OI004403,O001844,P0037,1,324.95,5
OI004404,O001749,P0225,1,594.58,0
OI004405,O004171,P0216,1,256.34,0
OI004406,O004171,P0166,2,419.38,0
OI004407,O003305,P0002,1,33154.13,0
OI004408,O003305,P0161,1,593.3,0
OI004409,O002679,P0079,1,6113.79,0
OI004410,O000549,P0160,1,239.79,10
OI004411,O001182,P0024,1,14577.63,15
OI004412,O001182,P0016,1,27653.48,0
OI004413,O002716,P0097,1,2710.21,10
OI004414,O000295,P0190,1,2877.47,5
OI004415,O000295,P0003,1,7696.02,0
OI004416,O003187,P0227,1,664.12,0
OI004417,O003489,P0024,1,14577.63,0
OI004418,O003489,P0134,1,4969.01,15
OI004419,O001159,P0063,1,2204.83,0
OI004420,O004095,P0107,1,1989.69,0
OI004421,O004095,P0068,1,8496.61,0
OI004422,O003222,P0126,1,2271.81,15
OI004423,O001866,P0041,1,4355.59,0
OI004424,O001866,P0053,2,4564.56,10
OI004425,O001866,P0184,2,3368.99,0
OI004426,O001399,P0142,3,2815.41,15
OI004427,O000974,P0119,3,913.24,5
OI004428,O003166,P0089,1,6279.25,0
OI004429,O000204,P0007,3,37593.96,0
OI004430,O001777,P0137,2,6108.38,0
OI004431,O001777,P0043,1,1760.62,5
OI004432,O003355,P0197,1,1395.26,0
OI004433,O001790,P0121,1,6600.07,0
OI004434,O003257,P0104,3,393.27,0
OI004435,O001452,P0133,3,6177.4,15
OI004436,O001452,P0181,1,1449.37,5
OI004437,O001452,P0023,1,12238.08,0
OI004438,O001375,P0171,1,541.45,20
OI004439,O001375,P0117,1,1772.02,0
OI004440,O002625,P0046,1,861.09,0
OI004441,O003762,P0202,1,1841.6,0
OI004442,O003762,P0047,1,3874.69,0
OI004443,O004021,P0231,1,219.41,0
OI004444,O003701,P0090,1,8442.22,0
OI004445,O003701,P0123,1,402.56,0
OI004446,O004159,P0119,1,913.24,0
OI004447,O001039,P0083,1,993.55,0
OI004448,O002774,P0067,2,1253.82,0
OI004449,O002235,P0192,2,2255.96,0
OI004450,O002235,P0093,2,847.03,0
OI004451,O000011,P0144,1,3418.51,0
OI004452,O000011,P0161,1,593.3,15
OI004453,O000011,P0069,1,4764.36,5
OI004454,O002648,P0124,1,3167.83,0
OI004455,O002648,P0035,1,649.39,0
OI004456,O003875,P0098,2,1082.19,5
OI004457,O003875,P0040,3,1983.79,0
OI004458,O002997,P0221,2,172.01,10
OI004459,O001427,P0147,1,5810.42,10
OI004460,O001404,P0009,1,14247.51,5
OI004461,O001020,P0084,1,3021.86,5
OI004462,O001020,P0037,1,324.95,5
OI004463,O001020,P0159,1,467.06,20
OI004464,O001020,P0024,1,14577.63,0
OI004465,O000781,P0131,1,4419.55,20
OI004466,O000781,P0210,1,2401.94,0
OI004467,O000719,P0199,2,3024.68,10
OI004468,O001908,P0219,1,154.51,15
OI004469,O003913,P0172,1,254.88,0
OI004470,O001216,P0190,1,2877.47,0
OI004471,O001216,P0117,3,1772.02,0
OI004472,O002394,P0098,1,1082.19,20
OI004473,O002785,P0231,1,219.41,5
OI004474,O002785,P0169,1,868.91,20
OI004475,O000736,P0142,1,2815.41,0
OI004476,O000575,P0062,2,2997.43,0
OI004477,O002432,P0187,1,465.38,0
OI004478,O002432,P0027,1,42325.85,20
OI004479,O000324,P0101,1,1960.89,5
OI004480,O003038,P0014,1,9625.58,0
OI004481,O003038,P0141,2,6262.04,0
OI004482,O003038,P0223,1,1227.56,15
OI004483,O002141,P0047,1,3874.69,0
OI004484,O000362,P0184,1,3368.99,0
OI004485,O000373,P0113,1,868.09,0
OI004486,O000373,P0031,1,2125.78,5
OI004487,O000910,P0166,1,419.38,10
OI004488,O002628,P0121,1,6600.07,20
OI004489,O000988,P0045,1,4468.9,0
OI004490,O000497,P0017,1,3675.28,5
OI004491,O001751,P0118,1,665.2,20
OI004492,O002403,P0176,1,551.82,0
OI004493,O002122,P0056,1,1660.83,0
OI004494,O002122,P0051,1,446.72,5
OI004495,O001307,P0114,1,2920.73,0
OI004496,O000072,P0202,1,1841.6,0
OI004497,O001207,P0184,1,3368.99,20
OI004498,O003039,P0187,1,465.38,0
OI004499,O001245,P0056,2,1660.83,0
OI004500,O000270,P0238,1,814.17,10
OI004501,O000270,P0145,1,2218.83,0
OI004502,O000464,P0168,1,140.4,0
OI004503,O001196,P0150,1,4472.37,0
OI004504,O000858,P0048,1,3922.55,0
OI004505,O001231,P0215,1,557.83,0
OI004506,O001424,P0238,1,814.17,0
OI004507,O001424,P0008,1,8836.66,0
OI004508,O003783,P0084,1,3021.86,0
OI004509,O000257,P0047,1,3874.69,0
OI004510,O003606,P0045,1,4468.9,0
OI004511,O001410,P0040,1,1983.79,0
OI004512,O001410,P0148,1,1150.31,0
OI004513,O000289,P0146,2,503.35,0
OI004514,O003538,P0233,1,1444.15,10
OI004515,O003538,P0158,1,851.38,5
OI004516,O002482,P0055,2,1374.35,0
OI004517,O000630,P0190,1,2877.47,0
OI004518,O000630,P0106,3,1690.33,10
OI004519,O000630,P0226,1,1175.86,0
OI004520,O000521,P0044,1,3728.15,0
OI004521,O000521,P0026,2,43655.64,0
OI004522,O000521,P0188,1,387.48,0
OI004523,O000521,P0110,1,1982.94,5
OI004524,O000147,P0205,1,3182.03,0
OI004525,O004031,P0084,1,3021.86,0
OI004526,O000389,P0169,1,868.91,10
OI004527,O000837,P0219,1,154.51,0
OI004528,O001864,P0150,2,4472.37,0
OI004529,O003920,P0020,1,31043.1,20
OI004530,O000281,P0164,1,597.92,0
OI004531,O003117,P0078,2,8872.72,0
OI004532,O001281,P0061,1,7304.47,0
OI004533,O001281,P0142,1,2815.41,5
OI004534,O003877,P0141,1,6262.04,0
OI004535,O001376,P0037,2,324.95,10
OI004536,O001376,P0061,1,7304.47,0
OI004537,O003054,P0230,1,130.64,10
OI004538,O001113,P0043,1,1760.62,0
OI004539,O001113,P0084,2,3021.86,15
OI004540,O004187,P0168,1,140.4,0
OI004541,O002354,P0094,2,2468.94,0
OI004542,O000126,P0180,1,945.21,0
OI004543,O001344,P0063,3,2204.83,0
OI004544,O001035,P0203,1,1221.17,0
OI004545,O001035,P0148,2,1150.31,0
OI004546,O003434,P0220,1,1073.05,0
OI004547,O003434,P0229,1,65.46,5
OI004548,O001429,P0139,1,5647.58,5
OI004549,O000268,P0053,1,4564.56,0
OI004550,O000268,P0082,1,5774.06,0
OI004551,O002585,P0143,2,4173.48,0
OI004552,O001599,P0079,1,6113.79,0
OI004553,O000229,P0069,1,4764.36,5
OI004554,O002032,P0107,1,1989.69,0
OI004555,O002032,P0032,2,4194.07,0
OI004556,O001516,P0126,1,2271.81,0
OI004557,O003798,P0186,1,486.61,0
OI004558,O004013,P0166,1,419.38,5
OI004559,O003072,P0119,1,913.24,0
OI004560,O002412,P0189,1,2979.33,0
OI004561,O001389,P0191,1,544.85,10
OI004562,O002046,P0226,1,1175.86,0
OI004563,O000148,P0127,2,6001.62,0
OI004564,O000148,P0057,2,4668.58,5
OI004565,O001380,P0042,1,1854.22,0
OI004566,O001380,P0207,1,3333.53,20
OI004567,O001779,P0101,3,1960.89,0
OI004568,O000664,P0075,1,652.01,10
OI004569,O000417,P0064,1,7397.53,5
OI004570,O003818,P0006,1,1709.83,0
OI004571,O003818,P0147,1,5810.42,15
OI004572,O003818,P0086,1,6161.57,0
OI004573,O001646,P0067,1,1253.82,0
OI004574,O001963,P0222,1,591.69,0
OI004575,O000621,P0065,1,260.18,15
OI004576,O001704,P0148,1,1150.31,0
OI004577,O001704,P0208,1,2265.65,10
OI004578,O000653,P0199,1,3024.68,5
OI004579,O001215,P0128,1,1434.6,0
OI004580,O001215,P0157,1,121.82,0
OI004581,O003858,P0184,3,3368.99,0
OI004582,O003959,P0186,1,486.61,0
OI004583,O003959,P0030,2,2799.05,5
OI004584,O002971,P0047,1,3874.69,0
OI004585,O002971,P0229,1,65.46,0
OI004586,O002971,P0115,1,2685.94,10
OI004587,O002971,P0155,1,814.67,15
OI004588,O000924,P0212,1,181.25,0
OI004589,O000013,P0218,2,170.95,0
OI004590,O002057,P0221,1,172.01,10
OI004591,O002057,P0150,1,4472.37,0
OI004592,O002517,P0113,1,868.09,0
OI004593,O002811,P0001,1,17354.67,0
OI004594,O002327,P0048,1,3922.55,15
OI004595,O002327,P0147,1,5810.42,0
OI004596,O002327,P0045,1,4468.9,0
OI004597,O002690,P0113,3,868.09,0
OI004598,O002690,P0018,2,43480.94,5
OI004599,O003752,P0042,1,1854.22,20
OI004600,O003752,P0015,2,26984.72,0
OI004601,O003752,P0085,1,557.82,0
OI004602,O001191,P0064,2,7397.53,5
OI004603,O000041,P0171,1,541.45,0
OI004604,O000041,P0231,1,219.41,5
OI004605,O002170,P0153,1,752.48,0
OI004606,O000329,P0120,1,1970.87,0
OI004607,O003938,P0195,1,2663.56,10
OI004608,O003938,P0135,1,2707.59,10
OI004609,O003938,P0234,1,463.28,10
OI004610,O001957,P0128,1,1434.6,15
OI004611,O001957,P0185,1,804.9,5
OI004612,O000076,P0029,2,4711.37,10
OI004613,O003664,P0055,1,1374.35,10
OI004614,O003764,P0126,2,2271.81,0
OI004615,O003764,P0182,1,1684.15,0
OI004616,O002159,P0230,1,130.64,0
OI004617,O001507,P0210,1,2401.94,0
OI004618,O003611,P0084,1,3021.86,0
OI004619,O003611,P0036,1,3928.55,0
OI004620,O002397,P0149,1,5457.96,10
OI004621,O002397,P0143,1,4173.48,10
OI004622,O002397,P0235,1,373.21,0
OI004623,O003507,P0133,1,6177.4,5
OI004624,O003507,P0063,1,2204.83,5
OI004625,O002105,P0034,3,961.34,0
OI004626,O002105,P0039,1,3923.97,20
OI004627,O002105,P0008,2,8836.66,0
OI004628,O002131,P0208,1,2265.65,20
OI004629,O003979,P0173,1,457.65,5
OI004630,O001649,P0193,2,2611.49,0
OI004631,O001649,P0026,1,43655.64,15
OI004632,O001649,P0035,1,649.39,5
OI004633,O003019,P0204,1,1452.83,5
OI004634,O003019,P0094,1,2468.94,0
OI004635,O000795,P0102,1,567.72,0
OI004636,O000795,P0187,1,465.38,0
OI004637,O000731,P0203,1,1221.17,0
OI004638,O000731,P0186,1,486.61,0
OI004639,O001345,P0221,1,172.01,0
OI004640,O002671,P0014,1,9625.58,0
OI004641,O002671,P0141,1,6262.04,0
OI004642,O001511,P0049,1,2755.84,0
OI004643,O001511,P0045,2,4468.9,0
OI004644,O003869,P0010,3,19891.97,0
OI004645,O000010,P0227,1,664.12,0
OI004646,O000010,P0012,1,13712.79,0
OI004647,O002627,P0068,1,8496.61,5
OI004648,O002627,P0195,2,2663.56,0
OI004649,O000338,P0142,1,2815.41,5
OI004650,O002543,P0126,1,2271.81,0
OI004651,O001746,P0156,1,494.07,0
OI004652,O001746,P0208,1,2265.65,10
OI004653,O001746,P0176,2,551.82,10
OI004654,O001746,P0227,2,664.12,0
OI004655,O003628,P0120,1,1970.87,0
OI004656,O000310,P0133,2,6177.4,5
OI004657,O001126,P0129,3,6571.24,0
OI004658,O001126,P0130,2,4118.41,0
OI004659,O001126,P0222,1,591.69,0
OI004660,O001126,P0146,1,503.35,15
OI004661,O001155,P0113,1,868.09,0
OI004662,O002710,P0090,1,8442.22,0
OI004663,O002753,P0176,1,551.82,5
OI004664,O003366,P0054,1,2227.8,15
OI004665,O002676,P0178,1,162.51,5
OI004666,O001200,P0190,1,2877.47,20
OI004667,O001200,P0185,1,804.9,20
OI004668,O002294,P0181,2,1449.37,0
OI004669,O002294,P0225,2,594.58,0
OI004670,O002294,P0096,1,369.0,0
OI004671,O000272,P0171,1,541.45,0
OI004672,O000272,P0132,2,1237.56,0
OI004673,O003390,P0092,1,2780.61,10
OI004674,O003390,P0048,1,3922.55,0
OI004675,O000061,P0061,1,7304.47,5
OI004676,O004104,P0164,1,597.92,0
OI004677,O002873,P0137,1,6108.38,0
OI004678,O002873,P0101,1,1960.89,0
OI004679,O002873,P0237,2,111.58,0
OI004680,O001890,P0016,1,27653.48,0
OI004681,O001890,P0205,1,3182.03,10
OI004682,O002121,P0215,1,557.83,0
OI004683,O002121,P0237,1,111.58,5
OI004684,O002121,P0193,1,2611.49,0
OI004685,O003709,P0203,2,1221.17,5
OI004686,O001817,P0209,1,1131.26,10
OI004687,O000033,P0197,1,1395.26,0
OI004688,O000662,P0011,1,27843.9,20
OI004689,O000662,P0052,1,1776.47,0
OI004690,O001875,P0005,1,27369.28,5
OI004691,O001337,P0072,1,4574.79,20
OI004692,O001337,P0078,1,8872.72,0
OI004693,O001337,P0061,1,7304.47,0
OI004694,O003627,P0237,1,111.58,0
OI004695,O000985,P0100,1,2671.55,0
OI004696,O000985,P0166,2,419.38,5
OI004697,O001726,P0021,1,6194.09,5
OI004698,O003344,P0209,1,1131.26,0
OI004699,O002205,P0147,1,5810.42,20
OI004700,O001611,P0219,2,154.51,0
OI004701,O001611,P0204,2,1452.83,0
OI004702,O001611,P0147,1,5810.42,0
OI004703,O000940,P0083,2,993.55,0
OI004704,O000940,P0029,1,4711.37,0
OI004705,O001270,P0118,1,665.2,10
OI004706,O003660,P0018,1,43480.94,0
OI004707,O000942,P0089,1,6279.25,0
OI004708,O002112,P0214,1,689.22,5
OI004709,O002112,P0224,1,1478.7,20
OI004710,O000558,P0042,1,1854.22,0
OI004711,O000558,P0054,1,2227.8,5
OI004712,O000746,P0224,1,1478.7,0
OI004713,O001295,P0187,1,465.38,0
OI004714,O001487,P0147,1,5810.42,10
OI004715,O001487,P0231,1,219.41,0
OI004716,O002878,P0238,1,814.17,5
OI004717,O000606,P0223,1,1227.56,0
OI004718,O001742,P0024,3,14577.63,10
OI004719,O001815,P0006,1,1709.83,15
OI004720,O001534,P0200,1,2664.42,0
OI004721,O002652,P0039,1,3923.97,20
OI004722,O002652,P0165,1,476.64,5
OI004723,O001279,P0148,1,1150.31,20
OI004724,O003281,P0043,1,1760.62,0
OI004725,O003281,P0200,1,2664.42,0
OI004726,O001551,P0238,1,814.17,0
OI004727,O001551,P0187,1,465.38,0
OI004728,O003003,P0151,1,145.51,15
OI004729,O001822,P0192,1,2255.96,0
OI004730,O001822,P0090,1,8442.22,5
OI004731,O004064,P0170,1,525.76,20
OI004732,O001331,P0007,1,37593.96,0
OI004733,O000561,P0024,1,14577.63,15
OI004734,O003051,P0078,1,8872.72,0
OI004735,O000958,P0051,1,446.72,0
OI004736,O000958,P0123,1,402.56,0
OI004737,O002111,P0071,1,8668.54,0
OI004738,O003681,P0168,1,140.4,0
OI004739,O003681,P0223,1,1227.56,0
OI004740,O003681,P0189,1,2979.33,0
OI004741,O003681,P0131,1,4419.55,5
OI004742,O001013,P0050,1,418.47,0
OI004743,O001013,P0015,1,26984.72,0
OI004744,O003088,P0157,1,121.82,0
OI004745,O000596,P0211,1,1196.79,10
OI004746,O000596,P0051,1,446.72,10
OI004747,O000596,P0234,1,463.28,5
OI004748,O001292,P0002,1,33154.13,0
OI004749,O001661,P0148,1,1150.31,0
OI004750,O001027,P0107,1,1989.69,0
OI004751,O001027,P0121,2,6600.07,5
OI004752,O002312,P0022,1,2319.97,10
OI004753,O003308,P0054,1,2227.8,10
OI004754,O003308,P0176,1,551.82,5
OI004755,O001248,P0152,1,585.57,0
OI004756,O002769,P0128,1,1434.6,5
OI004757,O002498,P0024,1,14577.63,0
OI004758,O000656,P0156,2,494.07,5
OI004759,O000656,P0030,1,2799.05,0
OI004760,O000624,P0038,3,3621.23,0
OI004761,O000763,P0102,1,567.72,10
OI004762,O003006,P0013,1,20958.29,0
OI004763,O003842,P0163,1,958.38,5
OI004764,O003842,P0039,1,3923.97,10
OI004765,O004145,P0188,1,387.48,5
OI004766,O002200,P0039,1,3923.97,5
OI004767,O002200,P0030,1,2799.05,0
OI004768,O003177,P0054,2,2227.8,0
OI004769,O003357,P0041,1,4355.59,10
OI004770,O002400,P0031,2,2125.78,0
OI004771,O002400,P0222,1,591.69,0
OI004772,O001392,P0176,1,551.82,0
OI004773,O000893,P0237,2,111.58,0
OI004774,O000893,P0180,2,945.21,0
OI004775,O000142,P0118,1,665.2,0
OI004776,O003481,P0105,1,113.68,5
OI004777,O002765,P0120,1,1970.87,5
OI004778,O002765,P0193,1,2611.49,15
OI004779,O003311,P0170,3,525.76,5
OI004780,O004057,P0036,1,3928.55,0
OI004781,O004057,P0014,1,9625.58,0
OI004782,O002626,P0030,2,2799.05,0
OI004783,O000245,P0156,1,494.07,0
OI004784,O004141,P0198,1,1290.69,0
OI004785,O003568,P0191,1,544.85,10
OI004786,O003568,P0173,2,457.65,0
OI004787,O002929,P0023,1,12238.08,0
OI004788,O002929,P0030,1,2799.05,0
OI004789,O001747,P0029,1,4711.37,0
OI004790,O001747,P0098,1,1082.19,0
OI004791,O001747,P0104,2,393.27,0
OI004792,O002136,P0027,1,42325.85,0
OI004793,O002874,P0034,1,961.34,0
OI004794,O002599,P0234,1,463.28,10
OI004795,O002599,P0047,2,3874.69,15
OI004796,O003511,P0011,2,27843.9,5
OI004797,O002458,P0031,1,2125.78,0
OI004798,O002458,P0159,3,467.06,0
OI004799,O000768,P0185,1,804.9,15
OI004800,O000816,P0009,2,14247.51,0
OI004801,O000077,P0115,1,2685.94,0
OI004802,O001100,P0035,1,649.39,0
OI004803,O003145,P0186,1,486.61,0
OI004804,O002429,P0088,1,5876.52,0
OI004805,O000205,P0170,1,525.76,0
OI004806,O000205,P0191,1,544.85,5
OI004807,O000205,P0237,1,111.58,0
OI004808,O002699,P0136,1,5721.72,0
OI004809,O002699,P0195,1,2663.56,0
OI004810,O002884,P0113,2,868.09,0
OI004811,O002884,P0239,1,156.01,0
OI004812,O002556,P0064,1,7397.53,0
OI004813,O002556,P0051,1,446.72,0
OI004814,O000852,P0237,1,111.58,0
OI004815,O000852,P0160,1,239.79,0
OI004816,O000436,P0192,1,2255.96,0
OI004817,O000436,P0187,1,465.38,10
OI004818,O002261,P0055,1,1374.35,0
OI004819,O002261,P0010,1,19891.97,0
OI004820,O002261,P0076,1,8191.74,0
OI004821,O001776,P0147,1,5810.42,15
OI004822,O003320,P0050,1,418.47,0
OI004823,O003320,P0111,1,2006.08,10
OI004824,O003293,P0098,1,1082.19,0
OI004825,O000094,P0087,1,4705.42,10
OI004826,O003241,P0054,1,2227.8,10
OI004827,O000870,P0138,1,3724.99,0
OI004828,O000870,P0004,2,3367.3,0
OI004829,O000870,P0170,1,525.76,0
OI004830,O002732,P0046,1,861.09,5
OI004831,O003076,P0117,1,1772.02,10
OI004832,O003076,P0167,1,111.95,0
OI004833,O002696,P0225,1,594.58,5
OI004834,O002696,P0171,1,541.45,5
OI004835,O002696,P0208,1,2265.65,0
OI004836,O000948,P0078,1,8872.72,0
OI004837,O000715,P0199,1,3024.68,10
OI004838,O000715,P0134,1,4969.01,0
OI004839,O001077,P0027,2,42325.85,0
OI004840,O001077,P0039,2,3923.97,0
OI004841,O001077,P0196,1,3467.19,0
OI004842,O001077,P0201,3,494.46,20
OI004843,O002339,P0073,1,2705.6,10
OI004844,O004155,P0046,1,861.09,0
OI004845,O003286,P0026,1,43655.64,0
OI004846,O002016,P0024,1,14577.63,5
OI004847,O002965,P0073,1,2705.6,0
OI004848,O001886,P0006,2,1709.83,0
OI004849,O002750,P0203,1,1221.17,0
OI004850,O002569,P0143,1,4173.48,5
OI004851,O002569,P0175,1,436.15,0
OI004852,O002569,P0102,2,567.72,0
OI004853,O000499,P0161,2,593.3,5
OI004854,O001678,P0135,1,2707.59,0
OI004855,O003317,P0036,1,3928.55,15
OI004856,O003317,P0237,1,111.58,0
OI004857,O003730,P0087,1,4705.42,0
OI004858,O001489,P0221,2,172.01,0
OI004859,O000854,P0003,2,7696.02,20
OI004860,O001260,P0148,2,1150.31,0
OI004861,O000003,P0171,2,541.45,5
OI004862,O004108,P0084,2,3021.86,0
OI004863,O004108,P0035,1,649.39,0
OI004864,O004054,P0039,1,3923.97,0
OI004865,O002760,P0153,2,752.48,0
OI004866,O002760,P0074,1,5563.17,5
OI004867,O000019,P0097,3,2710.21,0
OI004868,O000019,P0033,1,1619.39,15
OI004869,O003645,P0005,1,27369.28,0
OI004870,O003645,P0216,2,256.34,0
OI004871,O003645,P0211,1,1196.79,0
OI004872,O001438,P0152,1,585.57,0
OI004873,O001234,P0050,1,418.47,0
OI004874,O000186,P0180,1,945.21,0
OI004875,O004033,P0217,1,945.42,0
OI004876,O004033,P0094,1,2468.94,10
OI004877,O004033,P0090,1,8442.22,0
OI004878,O001850,P0185,1,804.9,5
OI004879,O003103,P0098,1,1082.19,0
OI004880,O002466,P0215,1,557.83,0
OI004881,O003559,P0203,1,1221.17,0
OI004882,O003565,P0017,2,3675.28,0
OI004883,O003565,P0208,1,2265.65,0
OI004884,O004043,P0190,1,2877.47,0
OI004885,O001298,P0189,2,2979.33,0
OI004886,O003532,P0168,1,140.4,0
OI004887,O001987,P0001,1,17354.67,0
OI004888,O001355,P0207,1,3333.53,0
OI004889,O001355,P0239,2,156.01,0
OI004890,O001355,P0055,1,1374.35,0
OI004891,O000450,P0184,1,3368.99,0
OI004892,O000450,P0171,2,541.45,0
OI004893,O003474,P0146,2,503.35,0
OI004894,O003474,P0153,2,752.48,5
OI004895,O002961,P0089,1,6279.25,15
OI004896,O002961,P0033,1,1619.39,5
OI004897,O002961,P0200,1,2664.42,0
OI004898,O004017,P0178,1,162.51,0
OI004899,O003732,P0150,1,4472.37,0
OI004900,O004128,P0128,1,1434.6,10
OI004901,O002991,P0211,1,1196.79,0
OI004902,O002991,P0005,1,27369.28,0
OI004903,O002186,P0199,1,3024.68,15
OI004904,O000382,P0025,1,24964.59,0
OI004905,O003926,P0059,1,4076.26,0
OI004906,O003926,P0117,1,1772.02,15
OI004907,O001156,P0031,1,2125.78,5
OI004908,O002487,P0037,1,324.95,0
OI004909,O000330,P0071,1,8668.54,10
OI004910,O002025,P0049,2,2755.84,0
OI004911,O001729,P0109,1,1042.66,5
OI004912,O003986,P0240,1,1454.49,5
OI004913,O002469,P0092,1,2780.61,0
OI004914,O002426,P0141,1,6262.04,5
OI004915,O002426,P0084,1,3021.86,5
OI004916,O002728,P0139,1,5647.58,15
OI004917,O002998,P0094,1,2468.94,0
OI004918,O002998,P0100,1,2671.55,0
OI004919,O003168,P0079,1,6113.79,20
OI004920,O001254,P0196,1,3467.19,0
OI004921,O003184,P0237,1,111.58,0
OI004922,O000297,P0034,3,961.34,20
OI004923,O003928,P0055,1,1374.35,10
OI004924,O002504,P0217,1,945.42,10
OI004925,O002530,P0007,1,37593.96,15
OI004926,O002530,P0067,2,1253.82,5
OI004927,O002742,P0020,1,31043.1,0
OI004928,O002464,P0228,1,210.24,20
OI004929,O004097,P0191,1,544.85,0
OI004930,O004097,P0200,1,2664.42,10
OI004931,O003333,P0040,2,1983.79,0
OI004932,O000973,P0007,2,37593.96,0
OI004933,O000973,P0037,1,324.95,0
OI004934,O003243,P0124,1,3167.83,5
OI004935,O003243,P0239,1,156.01,5
OI004936,O003243,P0014,1,9625.58,0
OI004937,O001613,P0109,1,1042.66,0
OI004938,O001613,P0032,1,4194.07,0
OI004939,O001613,P0093,1,847.03,0
OI004940,O004087,P0158,1,851.38,0
OI004941,O004087,P0042,1,1854.22,5
OI004942,O002192,P0123,2,402.56,0
OI004943,O001730,P0060,1,4494.03,0
OI004944,O000729,P0143,1,4173.48,0
OI004945,O000729,P0127,1,6001.62,0
OI004946,O002573,P0072,1,4574.79,0
OI004947,O002573,P0016,1,27653.48,0
OI004948,O001071,P0043,2,1760.62,0
OI004949,O001071,P0154,1,563.67,0
OI004950,O003944,P0159,1,467.06,0
OI004951,O003944,P0016,1,27653.48,0
OI004952,O003944,P0114,1,2920.73,0
OI004953,O000681,P0185,1,804.9,0
OI004954,O001562,P0185,1,804.9,5
OI004955,O002207,P0022,2,2319.97,0
OI004956,O000531,P0111,2,2006.08,10
OI004957,O003970,P0110,2,1982.94,0
OI004958,O003415,P0221,1,172.01,0
OI004959,O003415,P0152,1,585.57,0
OI004960,O002714,P0006,1,1709.83,15
OI004961,O001735,P0106,1,1690.33,5
OI004962,O003829,P0059,1,4076.26,0
OI004963,O001099,P0034,2,961.34,0
OI004964,O003176,P0033,1,1619.39,0
OI004965,O003747,P0221,1,172.01,5
OI004966,O003817,P0073,1,2705.6,0
OI004967,O003817,P0136,3,5721.72,0
OI004968,O002525,P0167,2,111.95,15
OI004969,O002525,P0231,1,219.41,0
OI004970,O002525,P0028,1,27227.18,5
OI004971,O001855,P0088,1,5876.52,0
OI004972,O001862,P0082,2,5774.06,0
OI004973,O002801,P0067,1,1253.82,0
OI004974,O001203,P0222,1,591.69,0
OI004975,O002557,P0041,2,4355.59,0
OI004976,O002557,P0212,1,181.25,0
OI004977,O003717,P0225,1,594.58,20
OI004978,O003717,P0176,1,551.82,5
OI004979,O000145,P0162,2,693.18,0
OI004980,O003824,P0165,1,476.64,10
OI004981,O001904,P0002,1,33154.13,0
OI004982,O003426,P0057,1,4668.58,20
OI004983,O002650,P0180,1,945.21,5
OI004984,O002756,P0182,2,1684.15,5
OI004985,O002756,P0222,1,591.69,0
OI004986,O002493,P0074,1,5563.17,0
OI004987,O003140,P0009,1,14247.51,0
OI004988,O003140,P0064,2,7397.53,0
OI004989,O002807,P0016,1,27653.48,0
OI004990,O001578,P0032,1,4194.07,0
OI004991,O001139,P0005,1,27369.28,0
OI004992,O003872,P0158,1,851.38,0
OI004993,O003273,P0093,2,847.03,0
OI004994,O003273,P0233,1,1444.15,5
OI004995,O001950,P0232,1,1130.77,0
OI004996,O001178,P0104,1,393.27,0
OI004997,O001378,P0128,1,1434.6,0
OI004998,O001378,P0145,2,2218.83,5
OI004999,O002890,P0235,1,373.21,0
OI005000,O002226,P0197,2,1395.26,5
OI005001,O003374,P0164,2,597.92,0
OI005002,O003374,P0116,1,2403.95,10
OI005003,O003374,P0095,1,1634.99,0
OI005004,O003374,P0109,1,1042.66,0
OI005005,O000789,P0229,1,65.46,20
OI005006,O000789,P0202,1,1841.6,10
OI005007,O003363,P0079,1,6113.79,15
OI005008,O003483,P0160,1,239.79,0
OI005009,O003483,P0017,1,3675.28,10
OI005010,O002677,P0095,1,1634.99,0
OI005011,O001163,P0114,1,2920.73,0
OI005012,O001190,P0152,1,585.57,5
OI005013,O002031,P0174,2,670.58,0
OI005014,O002195,P0200,1,2664.42,0
OI005015,O002195,P0090,1,8442.22,0
OI005016,O002195,P0096,1,369.0,0
OI005017,O002195,P0073,1,2705.6,0
OI005018,O004044,P0109,1,1042.66,0
OI005019,O004044,P0216,1,256.34,5
OI005020,O001349,P0045,1,4468.9,0
OI005021,O001349,P0064,1,7397.53,0
OI005022,O003328,P0065,1,260.18,0
OI005023,O003807,P0123,2,402.56,0
OI005024,O004143,P0216,3,256.34,0
OI005025,O001933,P0028,3,27227.18,20
OI005026,O000432,P0036,1,3928.55,0
OI005027,O000584,P0215,2,557.83,0
OI005028,O000584,P0208,2,2265.65,5
OI005029,O001781,P0065,1,260.18,0
OI005030,O002049,P0119,3,913.24,0
OI005031,O002960,P0112,2,370.66,20
OI005032,O003372,P0001,1,17354.67,0
OI005033,O003372,P0029,1,4711.37,0
OI005034,O001568,P0012,1,13712.79,0
OI005035,O001568,P0143,1,4173.48,15
OI005036,O001568,P0016,2,27653.48,0
OI005037,O000350,P0197,1,1395.26,5
OI005038,O000350,P0031,1,2125.78,5
OI005039,O003643,P0205,1,3182.03,0
OI005040,O004190,P0201,2,494.46,10
OI005041,O004190,P0132,2,1237.56,5
OI005042,O004190,P0032,1,4194.07,5
OI005043,O002910,P0010,1,19891.97,0
OI005044,O001610,P0054,1,2227.8,0
OI005045,O000043,P0007,1,37593.96,5
OI005046,O003501,P0207,1,3333.53,0
OI005047,O003417,P0234,1,463.28,0
OI005048,O003417,P0189,2,2979.33,0
OI005049,O000982,P0203,1,1221.17,0
OI005050,O002313,P0106,1,1690.33,0
OI005051,O002313,P0142,1,2815.41,0
OI005052,O002313,P0059,1,4076.26,0
OI005053,O002313,P0026,1,43655.64,0
OI005054,O000793,P0116,1,2403.95,0
OI005055,O000793,P0103,1,1857.64,10
OI005056,O003852,P0071,1,8668.54,0
OI005057,O001078,P0196,1,3467.19,0
OI005058,O001078,P0024,1,14577.63,10
OI005059,O003494,P0126,1,2271.81,0
OI005060,O003204,P0042,1,1854.22,0
OI005061,O003972,P0109,1,1042.66,0
OI005062,O004152,P0133,1,6177.4,10
OI005063,O004152,P0011,3,27843.9,0
OI005064,O000560,P0140,1,5002.18,5
OI005065,O000560,P0004,1,3367.3,0
OI005066,O000560,P0133,1,6177.4,0
OI005067,O003092,P0025,1,24964.59,0
OI005068,O003092,P0208,3,2265.65,15
OI005069,O001937,P0187,2,465.38,0
OI005070,O001937,P0172,1,254.88,0
OI005071,O001937,P0094,3,2468.94,0
OI005072,O002758,P0115,1,2685.94,0
OI005073,O002757,P0028,1,27227.18,0
OI005074,O003918,P0038,2,3621.23,5
OI005075,O004056,P0152,2,585.57,5
OI005076,O000917,P0008,1,8836.66,5
OI005077,O002568,P0223,1,1227.56,0
OI005078,O000522,P0185,1,804.9,5
OI005079,O000522,P0028,1,27227.18,0
OI005080,O002505,P0088,1,5876.52,10
OI005081,O001519,P0181,1,1449.37,0
OI005082,O001519,P0016,1,27653.48,10
OI005083,O001617,P0119,1,913.24,15
OI005084,O001617,P0022,1,2319.97,0
OI005085,O002847,P0051,1,446.72,5
OI005086,O002171,P0131,1,4419.55,0
OI005087,O003354,P0011,1,27843.9,5
OI005088,O002147,P0105,1,113.68,0
OI005089,O000992,P0116,1,2403.95,0
OI005090,O001834,P0027,2,42325.85,0
OI005091,O003827,P0064,1,7397.53,0
OI005092,O003827,P0014,1,9625.58,0
OI005093,O000619,P0119,1,913.24,0
OI005094,O000619,P0183,1,3302.91,10
OI005095,O000619,P0059,3,4076.26,0
OI005096,O004096,P0086,1,6161.57,5
OI005097,O001520,P0021,1,6194.09,0
OI005098,O003841,P0013,1,20958.29,5
OI005099,O003841,P0209,1,1131.26,0
OI005100,O002783,P0223,1,1227.56,0
OI005101,O000540,P0074,1,5563.17,20
OI005102,O000783,P0093,1,847.03,0
OI005103,O000783,P0136,1,5721.72,0
OI005104,O000783,P0071,1,8668.54,0
OI005105,O000592,P0126,2,2271.81,20
OI005106,O001157,P0077,1,1474.07,15
OI005107,O001157,P0052,1,1776.47,0
OI005108,O001157,P0206,1,1218.7,0
OI005109,O001537,P0103,1,1857.64,0
OI005110,O001537,P0045,1,4468.9,10
OI005111,O001537,P0030,1,2799.05,5
OI005112,O000333,P0181,1,1449.37,0
OI005113,O000333,P0051,1,446.72,0
OI005114,O003578,P0007,2,37593.96,0
OI005115,O003578,P0005,1,27369.28,0
OI005116,O003578,P0145,1,2218.83,0
OI005117,O003678,P0112,2,370.66,0
OI005118,O003678,P0047,1,3874.69,15
OI005119,O001290,P0090,1,8442.22,0
OI005120,O002365,P0137,1,6108.38,0
OI005121,O003506,P0221,1,172.01,0
OI005122,O002402,P0136,1,5721.72,10
OI005123,O000545,P0174,1,670.58,5
OI005124,O003500,P0091,1,1088.09,0
OI005125,O003500,P0115,1,2685.94,5
OI005126,O002428,P0110,2,1982.94,0
OI005127,O000546,P0181,2,1449.37,0
OI005128,O000546,P0110,1,1982.94,0
OI005129,O002153,P0153,1,752.48,0
OI005130,O003874,P0065,1,260.18,10
OI005131,O003874,P0128,1,1434.6,0
OI005132,O003874,P0008,1,8836.66,0
OI005133,O003980,P0053,1,4564.56,5
OI005134,O002236,P0031,1,2125.78,0
OI005135,O002948,P0144,1,3418.51,0
OI005136,O002948,P0002,1,33154.13,0
OI005137,O002948,P0086,1,6161.57,0
OI005138,O002948,P0051,1,446.72,0
OI005139,O001807,P0172,1,254.88,0
OI005140,O001807,P0206,1,1218.7,0
OI005141,O003137,P0224,1,1478.7,0
OI005142,O000277,P0199,2,3024.68,0
OI005143,O002817,P0052,1,1776.47,0
OI005144,O002002,P0156,1,494.07,0
OI005145,O004074,P0104,1,393.27,10
OI005146,O003641,P0041,1,4355.59,0
OI005147,O001546,P0211,1,1196.79,0
OI005148,O000850,P0208,1,2265.65,0
OI005149,O003860,P0236,1,66.62,20
OI005150,O003539,P0113,1,868.09,5
OI005151,O003539,P0237,1,111.58,10
OI005152,O001125,P0066,1,3872.22,0
OI005153,O001125,P0215,1,557.83,0
OI005154,O003519,P0112,1,370.66,0
OI005155,O002790,P0228,2,210.24,0
OI005156,O002152,P0101,2,1960.89,15
OI005157,O000819,P0112,1,370.66,0
OI005158,O003024,P0211,2,1196.79,5
OI005159,O004158,P0039,2,3923.97,0
OI005160,O003280,P0021,3,6194.09,0
OI005161,O003280,P0091,1,1088.09,0
OI005162,O003280,P0150,2,4472.37,20
OI005163,O000446,P0017,1,3675.28,0
OI005164,O001732,P0135,1,2707.59,0
OI005165,O001732,P0062,1,2997.43,5
OI005166,O001052,P0213,1,132.46,0
OI005167,O001052,P0036,1,3928.55,15
OI005168,O001572,P0180,1,945.21,0
OI005169,O001690,P0219,1,154.51,0
OI005170,O003968,P0122,1,6428.59,0
OI005171,O001871,P0005,1,27369.28,0
OI005172,O002805,P0009,2,14247.51,0
OI005173,O001444,P0015,1,26984.72,10
OI005174,O002212,P0069,1,4764.36,0
OI005175,O000014,P0104,1,393.27,0
OI005176,O001466,P0107,1,1989.69,20
OI005177,O001466,P0109,1,1042.66,10
OI005178,O003134,P0026,1,43655.64,0
OI005179,O000169,P0080,1,2290.21,0
OI005180,O000169,P0085,1,557.82,20
OI005181,O003586,P0161,1,593.3,15
OI005182,O003359,P0151,1,145.51,10
OI005183,O003359,P0007,1,37593.96,0
OI005184,O003359,P0194,2,1093.82,5
OI005185,O003982,P0018,1,43480.94,0
OI005186,O004050,P0204,2,1452.83,0
OI005187,O004050,P0030,2,2799.05,0
OI005188,O001843,P0013,1,20958.29,0
OI005189,O001843,P0115,1,2685.94,15
OI005190,O000225,P0151,1,145.51,10
OI005191,O001841,P0125,1,6755.25,0
OI005192,O002941,P0171,1,541.45,0
OI005193,O002941,P0120,1,1970.87,15
OI005194,O002108,P0032,1,4194.07,0
OI005195,O001033,P0234,1,463.28,15
OI005196,O003263,P0065,1,260.18,10
OI005197,O001186,P0010,1,19891.97,15
OI005198,O003035,P0006,1,1709.83,0
OI005199,O003035,P0192,1,2255.96,0
OI005200,O004189,P0168,2,140.4,0
OI005201,O004008,P0068,1,8496.61,0
OI005202,O004008,P0150,1,4472.37,0
OI005203,O002967,P0061,1,7304.47,0
OI005204,O000568,P0140,2,5002.18,10
OI005205,O000568,P0197,1,1395.26,5
OI005206,O001095,P0142,1,2815.41,0
OI005207,O003287,P0018,1,43480.94,0
OI005208,O002601,P0211,1,1196.79,15
OI005209,O002368,P0184,1,3368.99,0
OI005210,O002368,P0145,1,2218.83,5
OI005211,O002368,P0194,1,1093.82,0
OI005212,O002368,P0180,1,945.21,0
OI005213,O002966,P0220,1,1073.05,5
OI005214,O001530,P0182,1,1684.15,0
OI005215,O001530,P0162,1,693.18,0
OI005216,O001641,P0179,2,122.86,0
OI005217,O001861,P0070,2,3398.94,10
OI005218,O001861,P0147,1,5810.42,0
OI005219,O000441,P0001,1,17354.67,0
OI005220,O002019,P0081,2,3435.49,10
OI005221,O002019,P0064,1,7397.53,0
OI005222,O001647,P0171,1,541.45,10
OI005223,O000700,P0182,1,1684.15,10
OI005224,O002441,P0017,3,3675.28,0
OI005225,O000597,P0082,1,5774.06,0
OI005226,O000597,P0201,1,494.46,5
OI005227,O003114,P0045,1,4468.9,15
OI005228,O003114,P0011,2,27843.9,0
OI005229,O000833,P0066,1,3872.22,0
OI005230,O000833,P0157,1,121.82,0
OI005231,O002442,P0156,1,494.07,0
OI005232,O002442,P0129,2,6571.24,0
OI005233,O002023,P0010,1,19891.97,0
OI005234,O002023,P0207,1,3333.53,0
OI005235,O003065,P0151,1,145.51,0
OI005236,O002588,P0077,1,1474.07,0
OI005237,O001225,P0166,2,419.38,0
OI005238,O001225,P0213,1,132.46,0
OI005239,O001491,P0154,1,563.67,0
OI005240,O001491,P0211,1,1196.79,5
OI005241,O002593,P0128,1,1434.6,5
OI005242,O003248,P0238,1,814.17,0
OI005243,O003248,P0234,1,463.28,0
OI005244,O002754,P0102,1,567.72,0
OI005245,O002813,P0201,1,494.46,0
OI005246,O001426,P0156,1,494.07,0
OI005247,O001997,P0136,1,5721.72,0
OI005248,O001997,P0127,1,6001.62,5
OI005249,O001997,P0164,1,597.92,15
OI005250,O002692,P0058,1,3276.0,5
OI005251,O000037,P0166,2,419.38,0
OI005252,O000037,P0017,1,3675.28,0
OI005253,O001668,P0051,1,446.72,5
OI005254,O001528,P0119,1,913.24,0
OI005255,O001528,P0152,1,585.57,0
OI005256,O002968,P0113,1,868.09,5
OI005257,O002250,P0176,1,551.82,15
OI005258,O002553,P0031,1,2125.78,0
OI005259,O001387,P0209,1,1131.26,5
OI005260,O001387,P0107,1,1989.69,15
OI005261,O001387,P0098,1,1082.19,0
OI005262,O001106,P0155,2,814.67,5
OI005263,O003614,P0143,1,4173.48,0
OI005264,O000239,P0192,1,2255.96,20
OI005265,O004138,P0075,2,652.01,0
OI005266,O004138,P0027,1,42325.85,0
OI005267,O002721,P0106,1,1690.33,0
OI005268,O000381,P0233,1,1444.15,10
OI005269,O000381,P0098,1,1082.19,0
OI005270,O000381,P0026,1,43655.64,0
OI005271,O000381,P0039,1,3923.97,5
OI005272,O000957,P0056,1,1660.83,15
OI005273,O000957,P0125,1,6755.25,0
OI005274,O000957,P0074,1,5563.17,0
OI005275,O003400,P0013,1,20958.29,0
OI005276,O004122,P0125,1,6755.25,0
OI005277,O002262,P0123,1,402.56,10
OI005278,O003703,P0147,1,5810.42,5
OI005279,O004125,P0069,1,4764.36,0
OI005280,O001361,P0064,1,7397.53,0
OI005281,O004077,P0060,1,4494.03,20
OI005282,O004077,P0213,1,132.46,15
OI005283,O002213,P0045,1,4468.9,0
OI005284,O002038,P0196,2,3467.19,0
OI005285,O003283,P0083,1,993.55,0
OI005286,O003283,P0112,1,370.66,5
OI005287,O000487,P0047,2,3874.69,20
OI005288,O000371,P0054,1,2227.8,0
OI005289,O000371,P0189,1,2979.33,15
OI005290,O000897,P0177,1,691.82,0
OI005291,O000897,P0132,2,1237.56,0
OI005292,O000897,P0172,1,254.88,20
OI005293,O003886,P0152,2,585.57,0
OI005294,O003886,P0153,1,752.48,0
OI005295,O002501,P0075,1,652.01,10
OI005296,O002512,P0150,1,4472.37,0
OI005297,O002512,P0146,1,503.35,0
OI005298,O002512,P0234,1,463.28,0
OI005299,O003079,P0030,2,2799.05,0
OI005300,O002287,P0157,1,121.82,0
OI005301,O000638,P0115,1,2685.94,15
OI005302,O000638,P0207,1,3333.53,0
OI005303,O000638,P0004,1,3367.3,20
OI005304,O003120,P0018,1,43480.94,0
OI005305,O002771,P0183,1,3302.91,20
OI005306,O000646,P0211,1,1196.79,0
OI005307,O000646,P0234,1,463.28,0
OI005308,O000646,P0068,1,8496.61,5
OI005309,O004103,P0043,1,1760.62,5
OI005310,O004103,P0227,1,664.12,0
OI005311,O003239,P0111,1,2006.08,5
OI005312,O003239,P0218,1,170.95,0
OI005313,O000299,P0170,1,525.76,0
OI005314,O004123,P0036,1,3928.55,0
OI005315,O004123,P0007,2,37593.96,10
OI005316,O003635,P0055,1,1374.35,0
OI005317,O003635,P0120,1,1970.87,5
OI005318,O000146,P0014,1,9625.58,0
OI005319,O002198,P0132,1,1237.56,0
OI005320,O002048,P0118,2,665.2,0
OI005321,O000105,P0210,1,2401.94,0
OI005322,O000905,P0232,1,1130.77,10
OI005323,O000557,P0139,1,5647.58,0
OI005324,O000557,P0217,2,945.42,0
OI005325,O000168,P0044,2,3728.15,5
OI005326,O001916,P0028,1,27227.18,0
OI005327,O004191,P0023,1,12238.08,0
OI005328,O000979,P0106,1,1690.33,5
OI005329,O001589,P0015,1,26984.72,0
OI005330,O001589,P0216,1,256.34,0
OI005331,O003763,P0041,1,4355.59,0
OI005332,O003763,P0170,1,525.76,0
OI005333,O003763,P0171,1,541.45,0
OI005334,O003763,P0169,1,868.91,0
OI005335,O002633,P0008,1,8836.66,0
OI005336,O003563,P0162,1,693.18,10
OI005337,O003563,P0206,1,1218.7,0
OI005338,O000110,P0170,1,525.76,0
OI005339,O000802,P0161,2,593.3,0
OI005340,O003465,P0067,1,1253.82,0
OI005341,O002139,P0025,3,24964.59,0
OI005342,O002139,P0218,1,170.95,10
OI005343,O000308,P0239,1,156.01,20
OI005344,O003804,P0231,1,219.41,10
OI005345,O003804,P0240,2,1454.49,5
OI005346,O000743,P0140,2,5002.18,20
OI005347,O000376,P0205,1,3182.03,5
OI005348,O000376,P0022,1,2319.97,0
OI005349,O000376,P0061,1,7304.47,5
OI005350,O000670,P0095,2,1634.99,0
OI005351,O000670,P0176,1,551.82,0
OI005352,O003919,P0180,1,945.21,5
OI005353,O003919,P0193,1,2611.49,15
OI005354,O003202,P0158,1,851.38,20
OI005355,O000106,P0147,1,5810.42,0
OI005356,O000106,P0132,2,1237.56,0
OI005357,O004009,P0153,1,752.48,20
OI005358,O004009,P0130,1,4118.41,5
OI005359,O003826,P0227,1,664.12,0
OI005360,O000056,P0200,2,2664.42,0
OI005361,O000056,P0150,1,4472.37,5
OI005362,O000385,P0115,1,2685.94,20
OI005363,O000385,P0231,2,219.41,0
OI005364,O003443,P0038,1,3621.23,10
OI005365,O002074,P0230,1,130.64,0
OI005366,O001440,P0029,1,4711.37,0
OI005367,O001440,P0022,1,2319.97,0
OI005368,O001440,P0114,2,2920.73,5
OI005369,O000426,P0006,1,1709.83,0
OI005370,O000426,P0188,1,387.48,0
OI005371,O002848,P0215,1,557.83,0
OI005372,O003488,P0138,2,3724.99,0
OI005373,O003488,P0129,1,6571.24,0
OI005374,O002602,P0161,2,593.3,0
OI005375,O002479,P0151,1,145.51,0
OI005376,O000716,P0075,1,652.01,0
OI005377,O000716,P0238,2,814.17,0
OI005378,O002958,P0170,2,525.76,0
OI005379,O003839,P0131,3,4419.55,0
OI005380,O003839,P0008,1,8836.66,0
OI005381,O003259,P0209,1,1131.26,5
OI005382,O003259,P0211,3,1196.79,10
OI005383,O003599,P0218,1,170.95,15
OI005384,O003599,P0019,1,14263.93,5
OI005385,O003599,P0140,1,5002.18,0
OI005386,O002036,P0238,1,814.17,0
OI005387,O000387,P0103,1,1857.64,20
OI005388,O003684,P0229,2,65.46,0
OI005389,O001309,P0067,1,1253.82,0
OI005390,O001948,P0078,1,8872.72,5
OI005391,O001948,P0137,1,6108.38,5
OI005392,O002090,P0036,1,3928.55,10
OI005393,O003879,P0042,1,1854.22,15
OI005394,O003879,P0195,1,2663.56,0
OI005395,O001590,P0031,3,2125.78,5
OI005396,O000849,P0116,1,2403.95,0
OI005397,O003237,P0226,1,1175.86,0
OI005398,O001565,P0227,2,664.12,20
OI005399,O001565,P0092,1,2780.61,15
OI005400,O001835,P0134,1,4969.01,15
OI005401,O001835,P0132,1,1237.56,0
OI005402,O001187,P0189,1,2979.33,0
OI005403,O001187,P0238,1,814.17,0
OI005404,O000947,P0060,1,4494.03,15
OI005405,O000947,P0147,1,5810.42,0
OI005406,O000947,P0113,1,868.09,5
OI005407,O000947,P0130,1,4118.41,0
OI005408,O002635,P0096,1,369.0,20
OI005409,O002369,P0113,1,868.09,5
OI005410,O001774,P0239,1,156.01,0
OI005411,O004079,P0003,1,7696.02,0
OI005412,O001360,P0139,2,5647.58,10
OI005413,O003815,P0045,1,4468.9,0
OI005414,O003815,P0016,1,27653.48,0
OI005415,O002486,P0208,2,2265.65,0
OI005416,O004115,P0007,1,37593.96,10
OI005417,O004102,P0067,1,1253.82,10
OI005418,O001485,P0139,1,5647.58,10
OI005419,O003863,P0012,1,13712.79,0
OI005420,O003863,P0108,1,2164.32,0
OI005421,O003863,P0122,1,6428.59,20
OI005422,O001887,P0082,1,5774.06,0
OI005423,O003004,P0122,1,6428.59,0
OI005424,O000024,P0171,1,541.45,0
OI005425,O000024,P0024,1,14577.63,0
OI005426,O003525,P0213,2,132.46,15
OI005427,O003364,P0216,1,256.34,0
OI005428,O001294,P0047,1,3874.69,0
OI005429,O000865,P0216,1,256.34,0
OI005430,O004069,P0049,1,2755.84,0
OI005431,O001310,P0098,1,1082.19,0
OI005432,O001310,P0145,1,2218.83,10
OI005433,O001665,P0022,2,2319.97,0
OI005434,O003154,P0077,1,1474.07,0
OI005435,O003154,P0153,1,752.48,0
OI005436,O003154,P0104,1,393.27,0
OI005437,O003476,P0024,1,14577.63,15
OI005438,O000790,P0196,1,3467.19,0
OI005439,O000790,P0166,1,419.38,10
OI005440,O000790,P0172,2,254.88,15
OI005441,O003876,P0022,2,2319.97,10
OI005442,O003396,P0240,1,1454.49,0
OI005443,O000088,P0041,2,4355.59,0
OI005444,O000088,P0131,1,4419.55,0
OI005445,O002197,P0229,1,65.46,15
OI005446,O002197,P0128,1,1434.6,0
OI005447,O000471,P0173,1,457.65,0
OI005448,O003220,P0210,1,2401.94,10
OI005449,O003220,P0152,1,585.57,15
OI005450,O003897,P0070,1,3398.94,0
OI005451,O003897,P0203,2,1221.17,5
OI005452,O002515,P0043,2,1760.62,0
OI005453,O000769,P0154,1,563.67,0
OI005454,O004038,P0172,1,254.88,0
OI005455,O000290,P0109,1,1042.66,0
OI005456,O001089,P0144,2,3418.51,0
OI005457,O003467,P0232,1,1130.77,5
OI005458,O003467,P0130,1,4118.41,0
OI005459,O002181,P0039,1,3923.97,0
OI005460,O004162,P0119,1,913.24,10
OI005461,O002654,P0186,3,486.61,0
OI005462,O001958,P0193,1,2611.49,0
OI005463,O004080,P0101,1,1960.89,0
OI005464,O004080,P0149,1,5457.96,5
OI005465,O004080,P0172,2,254.88,0
OI005466,O001067,P0239,1,156.01,5
OI005467,O003042,P0218,3,170.95,5
OI005468,O003042,P0123,2,402.56,20
OI005469,O002132,P0171,1,541.45,0
OI005470,O001896,P0163,1,958.38,0
OI005471,O003746,P0013,1,20958.29,0
OI005472,O000600,P0069,1,4764.36,0
OI005473,O001396,P0012,2,13712.79,0
OI005474,O000594,P0151,1,145.51,0
OI005475,O000594,P0091,1,1088.09,0
OI005476,O000911,P0059,1,4076.26,15
OI005477,O002119,P0183,1,3302.91,0
OI005478,O002119,P0031,1,2125.78,5
OI005479,O002119,P0067,2,1253.82,0
OI005480,O003631,P0232,1,1130.77,0
OI005481,O003631,P0203,2,1221.17,15
OI005482,O003631,P0023,1,12238.08,0
OI005483,O001586,P0203,1,1221.17,5
OI005484,O001081,P0149,1,5457.96,0
OI005485,O001446,P0109,1,1042.66,15
OI005486,O001162,P0029,2,4711.37,0
OI005487,O003983,P0091,2,1088.09,0
OI005488,O003983,P0110,1,1982.94,0
OI005489,O000628,P0012,1,13712.79,0
OI005490,O001645,P0127,1,6001.62,0
OI005491,O001227,P0231,1,219.41,5
OI005492,O002879,P0142,1,2815.41,10
OI005493,O003731,P0165,1,476.64,10
OI005494,O003395,P0064,1,7397.53,5
OI005495,O003395,P0046,1,861.09,5
OI005496,O000198,P0125,1,6755.25,0
OI005497,O003990,P0073,1,2705.6,0
OI005498,O000811,P0173,2,457.65,5
OI005499,O000811,P0229,3,65.46,20
OI005500,O000811,P0207,2,3333.53,0
OI005501,O001795,P0177,1,691.82,0
OI005502,O000271,P0142,1,2815.41,0
OI005503,O000271,P0143,1,4173.48,0
OI005504,O003302,P0058,1,3276.0,0
OI005505,O002434,P0086,1,6161.57,5
OI005506,O002748,P0186,1,486.61,0
OI005507,O003325,P0097,1,2710.21,0
OI005508,O003325,P0091,1,1088.09,5
OI005509,O001311,P0028,1,27227.18,0
OI005510,O002176,P0200,1,2664.42,0
OI005511,O000713,P0239,2,156.01,0
OI005512,O001688,P0118,1,665.2,0
OI005513,O001688,P0149,1,5457.96,5
OI005514,O000184,P0205,1,3182.03,5
OI005515,O000314,P0220,1,1073.05,0
OI005516,O000314,P0207,1,3333.53,5
OI005517,O000314,P0169,1,868.91,0
OI005518,O000314,P0172,1,254.88,0
OI005519,O003497,P0165,1,476.64,0
OI005520,O003218,P0102,1,567.72,5
OI005521,O001165,P0047,1,3874.69,0
OI005522,O004164,P0075,2,652.01,10
OI005523,O004164,P0164,1,597.92,0
OI005524,O001823,P0012,1,13712.79,0
OI005525,O001823,P0227,2,664.12,0
OI005526,O001588,P0155,1,814.67,0
OI005527,O001316,P0238,1,814.17,0
OI005528,O003832,P0108,1,2164.32,0
OI005529,O000551,P0180,1,945.21,0
OI005530,O000551,P0164,1,597.92,0
OI005531,O004081,P0073,1,2705.6,5
OI005532,O003242,P0214,1,689.22,5
OI005533,O002316,P0157,1,121.82,10
OI005534,O002827,P0097,3,2710.21,15
OI005535,O002764,P0099,2,2204.27,5
OI005536,O001978,P0140,1,5002.18,5
OI005537,O001978,P0064,1,7397.53,0
OI005538,O001978,P0185,1,804.9,0
OI005539,O002596,P0068,1,8496.61,5
OI005540,O002596,P0240,1,1454.49,0
OI005541,O002596,P0157,1,121.82,0
OI005542,O002596,P0110,2,1982.94,0
OI005543,O000302,P0007,1,37593.96,0
OI005544,O001340,P0069,1,4764.36,0
OI005545,O003265,P0116,1,2403.95,10
OI005546,O001130,P0131,1,4419.55,5
OI005547,O000739,P0080,1,2290.21,10
OI005548,O000739,P0039,1,3923.97,0
OI005549,O003318,P0017,2,3675.28,0
OI005550,O000966,P0114,1,2920.73,0
OI005551,O000253,P0003,1,7696.02,0
OI005552,O003911,P0040,1,1983.79,5
OI005553,O002224,P0144,1,3418.51,5
OI005554,O002224,P0087,1,4705.42,0
OI005555,O002099,P0027,1,42325.85,5
OI005556,O002906,P0099,1,2204.27,0
OI005557,O002906,P0037,1,324.95,0
OI005558,O002906,P0041,1,4355.59,5
OI005559,O003151,P0239,1,156.01,0
OI005560,O003151,P0092,2,2780.61,5
OI005561,O003197,P0149,1,5457.96,10
OI005562,O000873,P0195,1,2663.56,0
OI005563,O001046,P0063,1,2204.83,0
OI005564,O001046,P0212,2,181.25,15
OI005565,O000434,P0162,1,693.18,0
OI005566,O000434,P0105,1,113.68,0
OI005567,O002438,P0071,2,8668.54,0
OI005568,O002438,P0139,1,5647.58,0
OI005569,O002438,P0140,1,5002.18,0
OI005570,O000321,P0033,1,1619.39,10
OI005571,O000321,P0001,1,17354.67,0
OI005572,O000134,P0129,1,6571.24,0
OI005573,O000134,P0147,1,5810.42,10
OI005574,O000805,P0203,2,1221.17,0
OI005575,O000805,P0200,1,2664.42,5
OI005576,O004200,P0057,3,4668.58,0
OI005577,O002297,P0069,2,4764.36,0
OI005578,O002297,P0137,1,6108.38,0
OI005579,O002297,P0103,1,1857.64,0
OI005580,O001210,P0137,1,6108.38,5
OI005581,O001210,P0179,1,122.86,0
OI005582,O002203,P0129,1,6571.24,0
OI005583,O002203,P0059,1,4076.26,0
OI005584,O000023,P0158,1,851.38,5
OI005585,O002935,P0011,1,27843.9,0
OI005586,O002603,P0226,1,1175.86,0
OI005587,O002603,P0112,1,370.66,0
OI005588,O003020,P0036,1,3928.55,0
OI005589,O003020,P0067,1,1253.82,15
OI005590,O000216,P0102,1,567.72,0
OI005591,O000216,P0123,2,402.56,0
OI005592,O002404,P0039,1,3923.97,0
OI005593,O002404,P0193,1,2611.49,0
OI005594,O002404,P0135,3,2707.59,10
OI005595,O002404,P0114,1,2920.73,5
OI005596,O002502,P0155,1,814.67,0
OI005597,O002502,P0148,1,1150.31,0
OI005598,O000892,P0018,1,43480.94,0
OI005599,O000892,P0109,2,1042.66,0
OI005600,O002411,P0006,2,1709.83,0
OI005601,O001354,P0160,1,239.79,5
OI005602,O000202,P0214,1,689.22,0
OI005603,O000738,P0017,1,3675.28,5
OI005604,O000738,P0023,1,12238.08,0
OI005605,O001657,P0077,1,1474.07,0
OI005606,O001657,P0019,1,14263.93,0
OI005607,O001657,P0055,1,1374.35,20
OI005608,O000203,P0213,1,132.46,10
OI005609,O000203,P0029,1,4711.37,0
OI005610,O000448,P0151,1,145.51,0
OI005611,O001876,P0230,1,130.64,5
OI005612,O001876,P0194,1,1093.82,0
OI005613,O000057,P0186,1,486.61,0
OI005614,O000057,P0064,2,7397.53,0
OI005615,O000057,P0092,1,2780.61,0
OI005616,O003413,P0170,1,525.76,0
OI005617,O003917,P0194,1,1093.82,0
OI005618,O002856,P0154,1,563.67,10
OI005619,O000401,P0164,1,597.92,0
OI005620,O002987,P0209,1,1131.26,15
OI005621,O000477,P0042,2,1854.22,0
OI005622,O001180,P0211,1,1196.79,0
OI005623,O002060,P0224,1,1478.7,0
OI005624,O002510,P0053,2,4564.56,0
OI005625,O000703,P0183,1,3302.91,0
OI005626,O000703,P0105,1,113.68,0
OI005627,O000703,P0028,1,27227.18,0
OI005628,O001584,P0060,1,4494.03,5
OI005629,O001584,P0055,1,1374.35,15
OI005630,O001584,P0122,1,6428.59,10
OI005631,O000995,P0185,1,804.9,20
OI005632,O001630,P0105,2,113.68,0
OI005633,O003441,P0229,2,65.46,0
OI005634,O003391,P0001,1,17354.67,0
OI005635,O003391,P0088,1,5876.52,0
OI005636,O000627,P0048,1,3922.55,0
OI005637,O000627,P0064,2,7397.53,0
OI005638,O000751,P0012,2,13712.79,0
OI005639,O000751,P0236,1,66.62,0
OI005640,O003224,P0066,1,3872.22,5
OI005641,O003224,P0083,1,993.55,10
OI005642,O001870,P0143,2,4173.48,0
OI005643,O001870,P0131,1,4419.55,0
OI005644,O001408,P0025,1,24964.59,20
OI005645,O000377,P0103,1,1857.64,5
OI005646,O000377,P0086,1,6161.57,0
OI005647,O002459,P0200,3,2664.42,0
OI005648,O002459,P0213,2,132.46,10
OI005649,O000589,P0180,1,945.21,5
OI005650,O000730,P0006,1,1709.83,0
OI005651,O000730,P0233,1,1444.15,5
OI005652,O001925,P0043,1,1760.62,10
OI005653,O003361,P0093,2,847.03,15
OI005654,O003361,P0233,2,1444.15,15
OI005655,O002189,P0072,1,4574.79,5
OI005656,O002189,P0193,1,2611.49,0
OI005657,O002189,P0078,1,8872.72,0
OI005658,O003163,P0127,1,6001.62,0
OI005659,O003947,P0038,1,3621.23,0
OI005660,O003947,P0068,1,8496.61,0
OI005661,O003947,P0032,2,4194.07,0
OI005662,O002606,P0158,2,851.38,0
OI005663,O001686,P0025,1,24964.59,0
OI005664,O001686,P0110,1,1982.94,0
OI005665,O003274,P0082,1,5774.06,10
OI005666,O003806,P0167,1,111.95,0
OI005667,O003806,P0009,2,14247.51,0
OI005668,O003749,P0224,1,1478.7,5
OI005669,O001103,P0050,2,418.47,0
OI005670,O003138,P0179,1,122.86,0
OI005671,O002401,P0075,2,652.01,0
OI005672,O002323,P0071,1,8668.54,0
OI005673,O002323,P0008,1,8836.66,0
OI005674,O003545,P0202,2,1841.6,5
OI005675,O003545,P0146,1,503.35,0
OI005676,O002435,P0107,2,1989.69,0
OI005677,O002435,P0103,1,1857.64,5
OI005678,O002435,P0217,1,945.42,0
OI005679,O001368,P0017,2,3675.28,0
OI005680,O000520,P0121,1,6600.07,0
OI005681,O001756,P0194,1,1093.82,10
OI005682,O001756,P0190,1,2877.47,10
OI005683,O001756,P0124,1,3167.83,0
OI005684,O000413,P0230,1,130.64,0
OI005685,O000413,P0234,1,463.28,0
OI005686,O001364,P0239,1,156.01,0
OI005687,O000632,P0192,1,2255.96,0
OI005688,O001168,P0017,2,3675.28,0
OI005689,O001168,P0198,1,1290.69,0
OI005690,O001070,P0133,1,6177.4,0
OI005691,O000149,P0033,1,1619.39,0
OI005692,O002897,P0180,3,945.21,0
OI005693,O000228,P0067,1,1253.82,10
OI005694,O001080,P0153,1,752.48,0
OI005695,O002318,P0138,2,3724.99,0
OI005696,O002318,P0147,2,5810.42,5
OI005697,O003956,P0193,2,2611.49,0
OI005698,O003956,P0140,1,5002.18,0
OI005699,O003956,P0162,1,693.18,0
OI005700,O003956,P0011,1,27843.9,0
OI005701,O002516,P0140,1,5002.18,0
OI005702,O002516,P0139,1,5647.58,0
OI005703,O002516,P0233,2,1444.15,5
OI005704,O000666,P0187,2,465.38,0
OI005705,O002649,P0001,1,17354.67,5
OI005706,O002649,P0222,1,591.69,15
OI005707,O002649,P0103,1,1857.64,0
OI005708,O002649,P0119,2,913.24,0
OI005709,O001509,P0214,1,689.22,0
OI005710,O001509,P0142,1,2815.41,15
OI005711,O001142,P0038,1,3621.23,0
OI005712,O001142,P0025,1,24964.59,0
OI005713,O000717,P0070,2,3398.94,5
OI005714,O001685,P0021,1,6194.09,0
OI005715,O001685,P0114,1,2920.73,5
OI005716,O000500,P0070,1,3398.94,0
OI005717,O000500,P0106,1,1690.33,0
OI005718,O001030,P0133,1,6177.4,15
OI005719,O001030,P0218,1,170.95,0
OI005720,O001700,P0027,1,42325.85,10
OI005721,O001700,P0202,1,1841.6,15
OI005722,O001878,P0058,1,3276.0,0
OI005723,O001527,P0215,1,557.83,0
OI005724,O001527,P0084,1,3021.86,0
OI005725,O000514,P0160,1,239.79,0
OI005726,O000514,P0048,1,3922.55,5
OI005727,O003225,P0236,1,66.62,0
OI005728,O003225,P0101,1,1960.89,0
OI005729,O001533,P0161,1,593.3,15
OI005730,O004070,P0097,1,2710.21,0
OI005731,O004070,P0068,1,8496.61,0
OI005732,O004070,P0140,1,5002.18,5
OI005733,O002705,P0109,2,1042.66,0
OI005734,O000821,P0158,1,851.38,5
OI005735,O000821,P0170,1,525.76,5
OI005736,O000821,P0138,1,3724.99,5
OI005737,O000821,P0159,1,467.06,0
OI005738,O002970,P0207,1,3333.53,0
OI005739,O003045,P0235,1,373.21,5
OI005740,O003045,P0064,1,7397.53,0
OI005741,O003045,P0179,1,122.86,0
OI005742,O003045,P0149,1,5457.96,0
OI005743,O002980,P0102,2,567.72,0
OI005744,O000605,P0179,3,122.86,5
OI005745,O000605,P0159,2,467.06,0
OI005746,O001463,P0141,1,6262.04,0
OI005747,O001463,P0113,1,868.09,15
OI005748,O002449,P0080,1,2290.21,0
OI005749,O002449,P0239,1,156.01,5
OI005750,O002449,P0130,1,4118.41,0
OI005751,O000475,P0098,1,1082.19,0
OI005752,O000475,P0146,1,503.35,0
OI005753,O000799,P0080,1,2290.21,0
OI005754,O000799,P0177,2,691.82,0
OI005755,O000799,P0229,2,65.46,5
OI005756,O002766,P0222,1,591.69,5
OI005757,O002766,P0024,2,14577.63,5
OI005758,O002766,P0084,1,3021.86,0
OI005759,O002514,P0088,1,5876.52,5
OI005760,O004066,P0151,2,145.51,0
OI005761,O000340,P0067,1,1253.82,0
OI005762,O002917,P0081,1,3435.49,5
OI005763,O004099,P0206,3,1218.7,15
OI005764,O002497,P0169,2,868.91,5
OI005765,O000481,P0013,1,20958.29,10
OI005766,O000139,P0029,1,4711.37,0
OI005767,O000139,P0032,1,4194.07,0
OI005768,O000139,P0158,1,851.38,10
OI005769,O000092,P0035,1,649.39,5
OI005770,O003082,P0185,1,804.9,5
OI005771,O002578,P0154,1,563.67,0
OI005772,O002578,P0174,1,670.58,0
OI005773,O002578,P0047,2,3874.69,0
OI005774,O002675,P0015,3,26984.72,0
OI005775,O002675,P0217,3,945.42,15
OI005776,O002675,P0176,1,551.82,0
OI005777,O000193,P0200,1,2664.42,0
OI005778,O000193,P0123,1,402.56,0
OI005779,O001151,P0093,1,847.03,5
OI005780,O001151,P0064,1,7397.53,5
OI005781,O001151,P0179,1,122.86,0
OI005782,O001177,P0238,2,814.17,0
OI005783,O002503,P0098,1,1082.19,0
OI005784,O002503,P0228,2,210.24,0
OI005785,O002846,P0178,1,162.51,0
OI005786,O001628,P0012,1,13712.79,5
OI005787,O001628,P0090,1,8442.22,0
OI005788,O001597,P0030,3,2799.05,20
OI005789,O000165,P0019,1,14263.93,0
OI005790,O003697,P0122,1,6428.59,0
OI005791,O001350,P0021,1,6194.09,15
OI005792,O004160,P0109,1,1042.66,0
OI005793,O004160,P0175,1,436.15,5
OI005794,O004160,P0187,2,465.38,10
OI005795,O002372,P0016,1,27653.48,0
OI005796,O002372,P0059,1,4076.26,10
OI005797,O003895,P0214,1,689.22,0
OI005798,O003778,P0153,1,752.48,0
OI005799,O003778,P0138,1,3724.99,0
OI005800,O000359,P0193,1,2611.49,15
OI005801,O002923,P0198,1,1290.69,0
OI005802,O003741,P0143,1,4173.48,0
OI005803,O003435,P0207,1,3333.53,0
OI005804,O003435,P0102,1,567.72,10
OI005805,O003435,P0054,2,2227.8,0
OI005806,O003435,P0108,1,2164.32,10
OI005807,O000326,P0081,1,3435.49,0
OI005808,O000326,P0064,1,7397.53,0
OI005809,O000615,P0106,1,1690.33,0
OI005810,O001607,P0182,1,1684.15,0
OI005811,O003610,P0166,1,419.38,0
OI005812,O000573,P0033,1,1619.39,0
OI005813,O003032,P0026,1,43655.64,10
OI005814,O002763,P0132,2,1237.56,0
OI005815,O003582,P0149,1,5457.96,0
OI005816,O003582,P0067,1,1253.82,15
OI005817,O003582,P0084,1,3021.86,10
OI005818,O003369,P0096,1,369.0,10
OI005819,O003010,P0154,1,563.67,0
OI005820,O003010,P0015,1,26984.72,0
OI005821,O003010,P0098,1,1082.19,0
OI005822,O003010,P0125,1,6755.25,10
OI005823,O003838,P0002,1,33154.13,0
OI005824,O003149,P0013,1,20958.29,0
OI005825,O003149,P0007,3,37593.96,0
OI005826,O003686,P0153,2,752.48,0
OI005827,O003686,P0168,3,140.4,10
OI005828,O003853,P0167,1,111.95,0
OI005829,O004039,P0147,1,5810.42,5
OI005830,O004039,P0078,1,8872.72,10
OI005831,O001660,P0207,1,3333.53,0
OI005832,O001660,P0035,2,649.39,0
OI005833,O002988,P0077,1,1474.07,5
OI005834,O002988,P0136,1,5721.72,0
OI005835,O003477,P0149,1,5457.96,15
OI005836,O003477,P0065,1,260.18,0
OI005837,O003665,P0046,2,861.09,0
OI005838,O003665,P0013,2,20958.29,5
OI005839,O002853,P0076,1,8191.74,0
OI005840,O002853,P0236,1,66.62,20
OI005841,O002853,P0097,1,2710.21,15
OI005842,O002853,P0175,1,436.15,0
OI005843,O003661,P0222,1,591.69,5
OI005844,O001447,P0071,2,8668.54,0
OI005845,O002064,P0202,1,1841.6,0
OI005846,O002064,P0232,1,1130.77,10
OI005847,O002064,P0190,1,2877.47,15
OI005848,O001021,P0221,2,172.01,10
OI005849,O000706,P0143,1,4173.48,0
OI005850,O000706,P0158,2,851.38,0
OI005851,O000029,P0112,1,370.66,0
OI005852,O000029,P0111,1,2006.08,0
OI005853,O001867,P0128,2,1434.6,10
OI005854,O002244,P0106,2,1690.33,0
OI005855,O001895,P0013,1,20958.29,20
OI005856,O004172,P0084,1,3021.86,0
OI005857,O004172,P0203,1,1221.17,5
OI005858,O004172,P0112,1,370.66,0
OI005859,O004172,P0068,1,8496.61,0
OI005860,O002123,P0042,1,1854.22,5
OI005861,O003385,P0004,1,3367.3,0
OI005862,O003385,P0210,1,2401.94,0
OI005863,O003385,P0203,1,1221.17,0
OI005864,O003385,P0239,1,156.01,5
OI005865,O002575,P0080,3,2290.21,0
OI005866,O001383,P0081,1,3435.49,0
OI005867,O001922,P0109,1,1042.66,0
OI005868,O001922,P0222,1,591.69,20
OI005869,O001922,P0094,1,2468.94,0
OI005870,O003615,P0126,2,2271.81,0
OI005871,O002957,P0194,1,1093.82,0
OI005872,O003774,P0114,1,2920.73,0
OI005873,O003774,P0088,2,5876.52,0
OI005874,O001152,P0138,1,3724.99,5
OI005875,O003037,P0229,1,65.46,5
OI005876,O003743,P0008,2,8836.66,10
OI005877,O003743,P0147,1,5810.42,10
OI005878,O001479,P0116,2,2403.95,5
OI005879,O001314,P0201,1,494.46,0
OI005880,O001420,P0079,1,6113.79,10
OI005881,O003425,P0197,1,1395.26,10
OI005882,O001104,P0082,2,5774.06,0
OI005883,O000344,P0057,1,4668.58,15
OI005884,O002277,P0050,1,418.47,0
OI005885,O002026,P0201,1,494.46,5
OI005886,O002026,P0130,1,4118.41,0
OI005887,O000595,P0207,1,3333.53,0
OI005888,O001559,P0156,1,494.07,0
OI005889,O001559,P0008,1,8836.66,0
OI005890,O002701,P0109,2,1042.66,0
OI005891,O002489,P0034,1,961.34,0
OI005892,O003292,P0063,1,2204.83,0
OI005893,O001764,P0220,2,1073.05,0
OI005894,O001764,P0201,1,494.46,0
OI005895,O003524,P0095,1,1634.99,5
OI005896,O000447,P0067,2,1253.82,0
OI005897,O000035,P0205,1,3182.03,5
OI005898,O004148,P0104,1,393.27,0
OI005899,O003401,P0225,1,594.58,0
OI005900,O002059,P0098,1,1082.19,0
OI005901,O003948,P0201,1,494.46,0
OI005902,O003948,P0034,1,961.34,0
OI005903,O003949,P0219,1,154.51,10
OI005904,O003949,P0163,1,958.38,10
OI005905,O003949,P0048,2,3922.55,0
OI005906,O002273,P0198,1,1290.69,0
OI005907,O002375,P0108,1,2164.32,10
OI005908,O002375,P0087,1,4705.42,0
OI005909,O002142,P0180,1,945.21,0
OI005910,O002142,P0075,1,652.01,10
OI005911,O002142,P0014,1,9625.58,10
OI005912,O002653,P0028,1,27227.18,0
OI005913,O001233,P0102,1,567.72,5
OI005914,O000234,P0162,1,693.18,0
OI005915,O002687,P0086,1,6161.57,0
OI005916,O001927,P0155,2,814.67,0
OI005917,O000537,P0156,1,494.07,0
OI005918,O000537,P0089,1,6279.25,0
OI005919,O000311,P0059,1,4076.26,15
OI005920,O000536,P0237,1,111.58,0
OI005921,O000536,P0014,1,9625.58,5
OI005922,O001652,P0003,1,7696.02,0
OI005923,O001652,P0178,1,162.51,0
OI005924,O000293,P0239,1,156.01,5
OI005925,O002837,P0173,2,457.65,0
OI005926,O003748,P0109,2,1042.66,0
OI005927,O000049,P0042,1,1854.22,10
OI005928,O003201,P0220,1,1073.05,0
OI005929,O002871,P0048,1,3922.55,0
OI005930,O000878,P0031,2,2125.78,0
OI005931,O000878,P0045,1,4468.9,0
OI005932,O000839,P0039,1,3923.97,5
OI005933,O000839,P0076,1,8191.74,5
OI005934,O003210,P0047,1,3874.69,10
OI005935,O003210,P0196,1,3467.19,5
OI005936,O001773,P0205,1,3182.03,10
OI005937,O002444,P0116,1,2403.95,0
OI005938,O002444,P0110,1,1982.94,20
OI005939,O004146,P0226,2,1175.86,0
OI005940,O001536,P0123,1,402.56,15
OI005941,O001319,P0178,2,162.51,0
OI005942,O001319,P0169,1,868.91,5
OI005943,O002731,P0122,1,6428.59,5
OI005944,O000944,P0080,1,2290.21,10
OI005945,O002740,P0103,1,1857.64,5
OI005946,O002740,P0035,1,649.39,0
OI005947,O002740,P0196,1,3467.19,0
OI005948,O000914,P0081,1,3435.49,10
OI005949,O003312,P0157,1,121.82,0
OI005950,O001224,P0018,1,43480.94,0
OI005951,O000784,P0100,1,2671.55,0
OI005952,O000784,P0008,1,8836.66,0
OI005953,O000262,P0027,1,42325.85,5
OI005954,O002351,P0021,2,6194.09,0
OI005955,O000083,P0046,1,861.09,0
OI005956,O003392,P0072,1,4574.79,0
OI005957,O002547,P0182,1,1684.15,0
OI005958,O002229,P0026,1,43655.64,0
OI005959,O002229,P0024,1,14577.63,15
OI005960,O002642,P0096,2,369.0,0
OI005961,O002642,P0234,1,463.28,5
OI005962,O000323,P0219,1,154.51,0
OI005963,O001811,P0129,1,6571.24,0
OI005964,O000552,P0209,2,1131.26,0
OI005965,O003285,P0065,2,260.18,0
OI005966,O002252,P0137,1,6108.38,5
OI005967,O002252,P0205,2,3182.03,0
OI005968,O001974,P0133,1,6177.4,0
OI005969,O000872,P0164,1,597.92,0
OI005970,O000872,P0100,1,2671.55,0
OI005971,O003816,P0016,1,27653.48,0
OI005972,O003816,P0002,1,33154.13,15
OI005973,O003729,P0195,1,2663.56,0
OI005974,O000357,P0232,1,1130.77,5
OI005975,O000357,P0138,1,3724.99,0
OI005976,O000996,P0004,1,3367.3,15
OI005977,O003362,P0028,1,27227.18,0
OI005978,O000687,P0122,1,6428.59,15
OI005979,O000687,P0151,1,145.51,5
OI005980,O004188,P0133,1,6177.4,0
OI005981,O000489,P0102,1,567.72,5
OI005982,O000489,P0124,1,3167.83,20
OI005983,O003967,P0183,1,3302.91,0
OI005984,O003967,P0127,1,6001.62,0
OI005985,O000838,P0144,2,3418.51,10
OI005986,O002918,P0033,1,1619.39,0
OI005987,O000267,P0051,1,446.72,5
OI005988,O001696,P0224,1,1478.7,0
OI005989,O001696,P0021,1,6194.09,15
OI005990,O001696,P0045,1,4468.9,0
OI005991,O002007,P0148,1,1150.31,0
OI005992,O002007,P0153,1,752.48,10
OI005993,O001727,P0226,3,1175.86,15
OI005994,O002276,P0092,1,2780.61,5
OI005995,O002276,P0114,1,2920.73,0
OI005996,O002225,P0239,1,156.01,10
OI005997,O002363,P0202,1,1841.6,5
OI005998,O002363,P0230,2,130.64,15
OI005999,O002363,P0004,1,3367.3,0
OI006000,O003902,P0239,1,156.01,0
OI006001,O000443,P0206,2,1218.7,0
OI006002,O000443,P0070,1,3398.94,0
OI006003,O000443,P0115,1,2685.94,0
OI006004,O000443,P0035,2,649.39,0
OI006005,O002267,P0184,1,3368.99,0
OI006006,O003180,P0105,1,113.68,0
OI006007,O003180,P0203,2,1221.17,0
OI006008,O002093,P0068,1,8496.61,5
OI006009,O002093,P0219,1,154.51,0
OI006010,O000512,P0043,1,1760.62,15
OI006011,O000512,P0164,1,597.92,10
OI006012,O002900,P0208,1,2265.65,5
OI006013,O001891,P0109,1,1042.66,0
OI006014,O003466,P0020,2,31043.1,0
OI006015,O003466,P0038,1,3621.23,5
OI006016,O000827,P0187,2,465.38,0
OI006017,O003857,P0029,1,4711.37,0
OI006018,O000158,P0236,1,66.62,0
OI006019,O000158,P0043,1,1760.62,0
OI006020,O002924,P0014,2,9625.58,15
OI006021,O000128,P0053,3,4564.56,0
OI006022,O000128,P0136,1,5721.72,0
OI006023,O000128,P0065,2,260.18,5
OI006024,O001068,P0059,2,4076.26,0
OI006025,O001068,P0189,1,2979.33,0
OI006026,O003185,P0195,1,2663.56,0
OI006027,O001442,P0227,1,664.12,5
OI006028,O001442,P0123,1,402.56,20
OI006029,O003284,P0088,2,5876.52,0
OI006030,O003284,P0059,1,4076.26,0
OI006031,O003067,P0111,1,2006.08,0
OI006032,O001667,P0089,2,6279.25,0
OI006033,O002749,P0179,1,122.86,0
OI006034,O002749,P0151,1,145.51,10
OI006035,O002749,P0187,1,465.38,5
OI006036,O002749,P0099,1,2204.27,0
OI006037,O003190,P0222,1,591.69,20
OI006038,O004131,P0193,1,2611.49,5
OI006039,O004131,P0137,1,6108.38,0
OI006040,O004131,P0013,1,20958.29,0
OI006041,O002872,P0119,1,913.24,15
OI006042,O002872,P0142,1,2815.41,0
OI006043,O003630,P0090,1,8442.22,0
OI006044,O002071,P0210,1,2401.94,0
OI006045,O002071,P0163,1,958.38,0
OI006046,O002366,P0044,1,3728.15,0
OI006047,O002366,P0095,1,1634.99,0
OI006048,O003062,P0068,2,8496.61,10
OI006049,O003062,P0132,1,1237.56,0
OI006050,O002161,P0045,1,4468.9,5
OI006051,O002161,P0080,1,2290.21,5
OI006052,O000890,P0033,3,1619.39,5
OI006053,O000967,P0032,1,4194.07,0
OI006054,O000967,P0172,1,254.88,0
OI006055,O002290,P0143,2,4173.48,0
OI006056,O001058,P0178,1,162.51,0
OI006057,O001058,P0193,2,2611.49,5
OI006058,O001964,P0060,1,4494.03,0
OI006059,O003126,P0129,1,6571.24,0
OI006060,O001659,P0084,1,3021.86,0
OI006061,O001659,P0225,1,594.58,15
OI006062,O003871,P0065,2,260.18,0
OI006063,O003871,P0093,1,847.03,10
OI006064,O003871,P0205,2,3182.03,0
OI006065,O002209,P0193,1,2611.49,10
OI006066,O001128,P0069,1,4764.36,20
OI006067,O001910,P0013,1,20958.29,0
OI006068,O001910,P0009,1,14247.51,5
OI006069,O003403,P0174,1,670.58,0
OI006070,O000162,P0110,3,1982.94,10
OI006071,O002738,P0066,2,3872.22,5
OI006072,O001317,P0079,1,6113.79,5
OI006073,O001317,P0168,1,140.4,0
OI006074,O000039,P0095,1,1634.99,0
OI006075,O000039,P0074,1,5563.17,0
OI006076,O001358,P0167,1,111.95,0
OI006077,O002739,P0120,2,1970.87,5
OI006078,O002836,P0087,1,4705.42,5
OI006079,O003451,P0190,1,2877.47,15
OI006080,O003451,P0038,1,3621.23,10
OI006081,O001544,P0223,1,1227.56,0
OI006082,O003264,P0051,1,446.72,0
OI006083,O001814,P0217,1,945.42,0
OI006084,O001814,P0226,2,1175.86,0
OI006085,O003118,P0020,1,31043.1,15
OI006086,O003510,P0029,1,4711.37,15
OI006087,O003510,P0036,1,3928.55,5
OI006088,O000976,P0050,1,418.47,0
OI006089,O002269,P0040,1,1983.79,0
OI006090,O002269,P0240,1,1454.49,5
OI006091,O003771,P0183,1,3302.91,5
OI006092,O003386,P0115,1,2685.94,0
OI006093,O003386,P0074,1,5563.17,0
OI006094,O003386,P0198,1,1290.69,0
OI006095,O002697,P0138,1,3724.99,5
OI006096,O002697,P0158,1,851.38,0
OI006097,O002839,P0196,1,3467.19,0
OI006098,O000133,P0189,1,2979.33,10
OI006099,O000133,P0188,1,387.48,0
OI006100,O001940,P0126,1,2271.81,5
OI006101,O001940,P0175,2,436.15,5
OI006102,O002043,P0159,2,467.06,5
OI006103,O000582,P0188,1,387.48,0
OI006104,O000604,P0209,2,1131.26,0
OI006105,O001525,P0022,1,2319.97,0
OI006106,O000844,P0116,3,2403.95,0
OI006107,O003705,P0113,1,868.09,0
OI006108,O003705,P0231,1,219.41,0
OI006109,O002744,P0199,1,3024.68,0
OI006110,O002744,P0102,2,567.72,5
OI006111,O002744,P0196,1,3467.19,20
OI006112,O000394,P0053,1,4564.56,0
OI006113,O002027,P0063,1,2204.83,0
OI006114,O004114,P0171,1,541.45,0
OI006115,O001110,P0076,2,8191.74,0
OI006116,O002804,P0166,1,419.38,0
OI006117,O001882,P0165,2,476.64,0
OI006118,O001882,P0174,3,670.58,5
OI006119,O001882,P0191,1,544.85,5
OI006120,O000894,P0043,1,1760.62,5
OI006121,O000894,P0126,1,2271.81,20
OI006122,O002144,P0044,1,3728.15,0
OI006123,O002144,P0008,1,8836.66,5
OI006124,O003929,P0050,2,418.47,15
OI006125,O003929,P0223,1,1227.56,10
OI006126,O004154,P0214,1,689.22,0
OI006127,O003728,P0143,2,4173.48,0
OI006128,O003728,P0138,1,3724.99,20
OI006129,O000210,P0098,1,1082.19,0
OI006130,O001342,P0176,2,551.82,0
OI006131,O001342,P0044,1,3728.15,0
OI006132,O003321,P0210,1,2401.94,15
OI006133,O000182,P0019,3,14263.93,15
OI006134,O000182,P0230,1,130.64,0
OI006135,O002278,P0122,1,6428.59,0
OI006136,O002278,P0091,1,1088.09,0
OI006137,O000226,P0183,1,3302.91,0
OI006138,O003235,P0004,1,3367.3,5
OI006139,O000116,P0168,2,140.4,0
OI006140,O003499,P0139,1,5647.58,0
OI006141,O003499,P0016,1,27653.48,5
OI006142,O000236,P0206,1,1218.7,0
OI006143,O002682,P0217,1,945.42,10
OI006144,O000518,P0018,1,43480.94,0
OI006145,O000224,P0156,1,494.07,0
OI006146,O000224,P0201,1,494.46,0
OI006147,O000975,P0100,1,2671.55,0
OI006148,O000402,P0064,1,7397.53,0
OI006149,O003175,P0212,1,181.25,5
OI006150,O004085,P0011,1,27843.9,0
OI006151,O001632,P0066,1,3872.22,15
OI006152,O001632,P0085,1,557.82,0
OI006153,O004124,P0183,1,3302.91,15
OI006154,O002736,P0163,1,958.38,0
OI006155,O004010,P0050,1,418.47,0
OI006156,O001959,P0009,1,14247.51,5
OI006157,O000585,P0099,1,2204.27,10
OI006158,O000585,P0156,1,494.07,0
OI006159,O002127,P0203,1,1221.17,10
OI006160,O002127,P0059,1,4076.26,0
OI006161,O000913,P0084,1,3021.86,0
OI006162,O000913,P0185,1,804.9,0
OI006163,O000503,P0140,1,5002.18,0
OI006164,O003404,P0129,1,6571.24,0
OI006165,O003516,P0213,1,132.46,10
OI006166,O003516,P0038,1,3621.23,0
OI006167,O003884,P0069,1,4764.36,0
OI006168,O003999,P0160,1,239.79,0
OI006169,O001626,P0229,1,65.46,0
OI006170,O001626,P0059,2,4076.26,5
OI006171,O002660,P0085,1,557.82,10
OI006172,O002660,P0218,2,170.95,0
OI006173,O002660,P0059,1,4076.26,15
OI006174,O002660,P0226,3,1175.86,0
OI006175,O000617,P0079,2,6113.79,0
OI006176,O002909,P0004,3,3367.3,10
OI006177,O003253,P0010,1,19891.97,0
OI006178,O003253,P0220,3,1073.05,0
OI006179,O003253,P0236,1,66.62,0
OI006180,O001574,P0221,1,172.01,0
OI006181,O000166,P0180,1,945.21,0
OI006182,O003976,P0202,1,1841.6,0
OI006183,O003976,P0163,1,958.38,0
OI006184,O003576,P0190,1,2877.47,5
OI006185,O002424,P0027,1,42325.85,0
OI006186,O003603,P0132,2,1237.56,0
OI006187,O003603,P0018,1,43480.94,15
OI006188,O003603,P0184,1,3368.99,0
OI006189,O001232,P0224,3,1478.7,5
OI006190,O001169,P0102,1,567.72,20
OI006191,O002576,P0113,1,868.09,0
OI006192,O002068,P0122,1,6428.59,5
OI006193,O002068,P0130,1,4118.41,0
OI006194,O003186,P0074,2,5563.17,0
OI006195,O003549,P0132,1,1237.56,5
OI006196,O000254,P0232,1,1130.77,0
OI006197,O000254,P0018,1,43480.94,0
OI006198,O002683,P0216,1,256.34,0
OI006199,O002683,P0109,1,1042.66,0
OI006200,O002683,P0089,1,6279.25,0
OI006201,O001600,P0045,1,4468.9,0
OI006202,O001600,P0072,1,4574.79,5
OI006203,O000881,P0066,1,3872.22,0
OI006204,O003453,P0066,1,3872.22,5
OI006205,O001386,P0235,1,373.21,0
OI006206,O001386,P0172,1,254.88,0
OI006207,O001386,P0093,1,847.03,5
OI006208,O001386,P0067,1,1253.82,0
OI006209,O001532,P0068,1,8496.61,0
OI006210,O003479,P0110,2,1982.94,5
OI006211,O004177,P0014,1,9625.58,0
OI006212,O002800,P0212,2,181.25,0
OI006213,O002800,P0137,2,6108.38,0
OI006214,O003739,P0054,1,2227.8,0
OI006215,O003739,P0210,2,2401.94,0
OI006216,O001406,P0137,1,6108.38,0
OI006217,O001406,P0226,1,1175.86,0
OI006218,O001406,P0093,1,847.03,0
OI006219,O001406,P0177,3,691.82,5
OI006220,O003310,P0017,1,3675.28,0
OI006221,O004101,P0122,3,6428.59,5
OI006222,O003276,P0155,1,814.67,20
OI006223,O000810,P0159,2,467.06,0
OI006224,O002385,P0056,1,1660.83,5
OI006225,O002385,P0116,1,2403.95,0
OI006226,O002030,P0181,2,1449.37,0
OI006227,O001313,P0201,1,494.46,0
OI006228,O001313,P0142,2,2815.41,5
OI006229,O001313,P0028,1,27227.18,0
OI006230,O001313,P0004,2,3367.3,5
OI006231,O002651,P0165,1,476.64,0
OI006232,O002651,P0176,2,551.82,0
OI006233,O001076,P0167,1,111.95,0
OI006234,O003025,P0194,1,1093.82,0
OI006235,O000392,P0234,1,463.28,0
OI006236,O003454,P0205,1,3182.03,0
OI006237,O000598,P0186,2,486.61,0
OI006238,O003058,P0172,1,254.88,5
OI006239,O003191,P0083,1,993.55,5
OI006240,O003191,P0062,1,2997.43,0
OI006241,O003621,P0165,1,476.64,0
OI006242,O001703,P0153,1,752.48,0
OI006243,O001133,P0032,1,4194.07,0
OI006244,O000062,P0038,1,3621.23,0
OI006245,O000062,P0138,2,3724.99,10
OI006246,O000062,P0117,1,1772.02,0
OI006247,O003651,P0129,2,6571.24,0
OI006248,O001504,P0132,2,1237.56,0
OI006249,O000422,P0170,1,525.76,0
OI006250,O000422,P0066,1,3872.22,0
OI006251,O002887,P0224,2,1478.7,5
OI006252,O002887,P0138,1,3724.99,5
OI006253,O004071,P0189,1,2979.33,0
OI006254,O002095,P0099,1,2204.27,0
OI006255,O002095,P0206,2,1218.7,0
OI006256,O000099,P0160,1,239.79,15
OI006257,O001395,P0146,1,503.35,15
OI006258,O001881,P0149,2,5457.96,0
OI006259,O001881,P0109,2,1042.66,0
OI006260,O003371,P0151,1,145.51,5
OI006261,O003371,P0136,1,5721.72,0
OI006262,O000668,P0132,1,1237.56,0
OI006263,O000668,P0199,1,3024.68,5
OI006264,O003725,P0040,1,1983.79,5
OI006265,O001413,P0227,1,664.12,5
OI006266,O001413,P0228,1,210.24,0
OI006267,O004176,P0196,3,3467.19,0
OI006268,O004176,P0177,1,691.82,15
OI006269,O000363,P0154,1,563.67,0
OI006270,O000363,P0016,1,27653.48,5
OI006271,O001914,P0079,1,6113.79,15
OI006272,O002288,P0081,2,3435.49,0
OI006273,O002288,P0124,1,3167.83,0
OI006274,O002288,P0149,1,5457.96,0
OI006275,O002288,P0180,1,945.21,15
OI006276,O001765,P0035,1,649.39,0
OI006277,O001765,P0215,1,557.83,10
OI006278,O001055,P0123,2,402.56,5
OI006279,O002669,P0027,1,42325.85,10
OI006280,O002669,P0071,2,8668.54,0
OI006281,O002669,P0215,1,557.83,10
OI006282,O002133,P0116,1,2403.95,10
OI006283,O001015,P0175,1,436.15,0
OI006284,O001015,P0036,1,3928.55,0
OI006285,O001357,P0065,1,260.18,20
OI006286,O001357,P0097,1,2710.21,0
OI006287,O001357,P0060,2,4494.03,0
OI006288,O000665,P0010,3,19891.97,10
OI006289,O003952,P0208,1,2265.65,0
OI006290,O004040,P0023,2,12238.08,0
OI006291,O004040,P0221,1,172.01,10
OI006292,O004040,P0187,1,465.38,15
OI006293,O004040,P0154,3,563.67,10
OI006294,O001737,P0139,1,5647.58,0
OI006295,O001737,P0192,1,2255.96,0
OI006296,O003348,P0098,1,1082.19,0
OI006297,O001569,P0182,2,1684.15,0
OI006298,O000463,P0065,1,260.18,0
OI006299,O000744,P0045,1,4468.9,0
OI006300,O000744,P0069,1,4764.36,20
OI006301,O000223,P0034,1,961.34,0
OI006302,O001679,P0232,1,1130.77,10
OI006303,O003995,P0053,2,4564.56,0
OI006304,O001980,P0213,2,132.46,0
OI006305,O000626,P0143,2,4173.48,20
OI006306,O000626,P0167,1,111.95,0
OI006307,O001117,P0058,1,3276.0,0
OI006308,O002463,P0152,1,585.57,0
OI006309,O002712,P0116,1,2403.95,0
OI006310,O002712,P0042,2,1854.22,0
OI006311,O000345,P0134,1,4969.01,10
OI006312,O001005,P0061,1,7304.47,20
OI006313,O002281,P0061,2,7304.47,0
OI006314,O000457,P0146,1,503.35,10
OI006315,O000457,P0203,3,1221.17,10
OI006316,O002280,P0027,2,42325.85,5
OI006317,O000090,P0039,2,3923.97,0
OI006318,O002622,P0029,1,4711.37,0
OI006319,O000874,P0166,1,419.38,0
OI006320,O000396,P0169,2,868.91,0
OI006321,O000396,P0141,1,6262.04,0
OI006322,O000192,P0128,1,1434.6,0
OI006323,O003642,P0008,1,8836.66,0
OI006324,O003642,P0101,1,1960.89,15
OI006325,O001761,P0236,1,66.62,15
OI006326,O000843,P0210,1,2401.94,0
OI006327,O000843,P0041,1,4355.59,0
OI006328,O000843,P0226,1,1175.86,0
OI006329,O001501,P0146,1,503.35,0
OI006330,O001501,P0054,1,2227.8,0
OI006331,O000022,P0045,1,4468.9,15
OI006332,O003719,P0133,1,6177.4,10
OI006333,O003719,P0222,1,591.69,0
OI006334,O003719,P0132,1,1237.56,0
OI006335,O002903,P0237,1,111.58,15
OI006336,O003307,P0013,1,20958.29,0
OI006337,O001894,P0183,1,3302.91,15
OI006338,O002893,P0148,1,1150.31,5
OI006339,O002851,P0143,1,4173.48,0
OI006340,O000780,P0237,1,111.58,0
OI006341,O000780,P0055,1,1374.35,5
OI006342,O000798,P0043,1,1760.62,20
OI006343,O003432,P0038,2,3621.23,10
OI006344,O000824,P0032,2,4194.07,0
OI006345,O000824,P0012,1,13712.79,0
OI006346,O003790,P0209,1,1131.26,0
OI006347,O002266,P0030,1,2799.05,20
OI006348,O002101,P0004,1,3367.3,0
OI006349,O002101,P0048,1,3922.55,0
OI006350,O003623,P0059,1,4076.26,0
OI006351,O003623,P0045,1,4468.9,0
OI006352,O001470,P0228,1,210.24,20
OI006353,O000689,P0001,1,17354.67,0
OI006354,O000921,P0005,2,27369.28,0
OI006355,O003084,P0017,2,3675.28,10
OI006356,O003084,P0178,1,162.51,0
OI006357,O003084,P0134,2,4969.01,10
OI006358,O002243,P0099,1,2204.27,0
OI006359,O002243,P0119,2,913.24,0
OI006360,O000233,P0112,1,370.66,5
OI006361,O000369,P0098,1,1082.19,0
OI006362,O000969,P0030,1,2799.05,0
OI006363,O003594,P0012,1,13712.79,0
OI006364,O001416,P0233,2,1444.15,15
OI006365,O001300,P0008,1,8836.66,0
OI006366,O000065,P0131,1,4419.55,0
OI006367,O000065,P0216,2,256.34,0
OI006368,O003193,P0162,1,693.18,0
OI006369,O003846,P0153,1,752.48,0
OI006370,O003846,P0172,1,254.88,0
OI006371,O003846,P0223,1,1227.56,0
OI006372,O002826,P0143,1,4173.48,0
OI006373,O002826,P0236,1,66.62,0
OI006374,O001722,P0206,1,1218.7,0
OI006375,O000405,P0174,1,670.58,0
OI006376,O004061,P0124,1,3167.83,5
OI006377,O002492,P0184,1,3368.99,20
OI006378,O002492,P0099,2,2204.27,0
OI006379,O001825,P0032,1,4194.07,0
OI006380,O001825,P0003,1,7696.02,15
OI006381,O002781,P0141,1,6262.04,10
OI006382,O001398,P0022,1,2319.97,0
OI006383,O001398,P0210,1,2401.94,0
OI006384,O001398,P0076,2,8191.74,0
OI006385,O002356,P0049,1,2755.84,0
OI006386,O002356,P0096,1,369.0,0
OI006387,O002356,P0099,1,2204.27,0
OI006388,O003759,P0204,1,1452.83,0
OI006389,O003233,P0024,1,14577.63,5
OI006390,O001919,P0074,1,5563.17,5
OI006391,O003936,P0016,2,27653.48,0
OI006392,O003936,P0235,1,373.21,0
OI006393,O001570,P0186,1,486.61,0
OI006394,O001832,P0061,1,7304.47,0
OI006395,O000348,P0230,1,130.64,10
OI006396,O001243,P0142,1,2815.41,10
OI006397,O001243,P0075,1,652.01,0
OI006398,O002870,P0238,2,814.17,0
OI006399,O001160,P0082,2,5774.06,0
OI006400,O004134,P0167,1,111.95,0
OI006401,O004134,P0063,3,2204.83,0
OI006402,O004185,P0165,2,476.64,5
OI006403,O004185,P0022,1,2319.97,0
OI006404,O002723,P0151,1,145.51,15
OI006405,O000807,P0131,2,4419.55,10
OI006406,O001712,P0194,2,1093.82,5
OI006407,O001712,P0013,2,20958.29,5
OI006408,O001712,P0202,1,1841.6,5
OI006409,O001712,P0124,1,3167.83,0
OI006410,O003723,P0071,1,8668.54,0
OI006411,O001302,P0108,2,2164.32,5
OI006412,O001326,P0201,2,494.46,15
OI006413,O000152,P0193,1,2611.49,0
OI006414,O000152,P0197,1,1395.26,0
OI006415,O002990,P0220,1,1073.05,15
OI006416,O000702,P0141,1,6262.04,0
OI006417,O000702,P0165,1,476.64,0
OI006418,O001305,P0036,1,3928.55,10
OI006419,O001305,P0050,2,418.47,0
OI006420,O004193,P0081,1,3435.49,0
OI006421,O004193,P0080,1,2290.21,5
OI006422,O003668,P0105,1,113.68,0
OI006423,O001223,P0222,1,591.69,0
OI006424,O001778,P0151,1,145.51,10
OI006425,O001778,P0081,1,3435.49,0
OI006426,O002135,P0214,1,689.22,0
OI006427,O002135,P0174,1,670.58,15
OI006428,O002942,P0203,1,1221.17,0
OI006429,O001824,P0026,1,43655.64,0
OI006430,O001824,P0009,1,14247.51,0
OI006431,O001824,P0001,1,17354.67,0
OI006432,O000510,P0051,1,446.72,10
OI006433,O003552,P0188,1,387.48,0
OI006434,O003552,P0198,1,1290.69,0
OI006435,O003552,P0005,1,27369.28,5
OI006436,O003987,P0118,1,665.2,0
OI006437,O000749,P0214,2,689.22,5
OI006438,O002975,P0193,1,2611.49,0
OI006439,O002975,P0104,1,393.27,5
OI006440,O002975,P0235,1,373.21,0
OI006441,O002888,P0047,2,3874.69,10
OI006442,O003903,P0001,1,17354.67,10
OI006443,O002462,P0095,1,1634.99,5
OI006444,O003844,P0210,1,2401.94,5
OI006445,O003844,P0209,1,1131.26,0
OI006446,O000567,P0072,1,4574.79,0
OI006447,O001008,P0085,1,557.82,0
OI006448,O003378,P0191,1,544.85,0
OI006449,O004063,P0151,1,145.51,0
OI006450,O004075,P0098,1,1082.19,5
OI006451,O002868,P0113,2,868.09,5
OI006452,O000075,P0214,1,689.22,5
OI006453,O002838,P0020,1,31043.1,0
OI006454,O000352,P0085,1,557.82,0
OI006455,O000352,P0006,1,1709.83,0
OI006456,O000352,P0232,1,1130.77,0
OI006457,O003997,P0177,1,691.82,5
OI006458,O003997,P0012,1,13712.79,5
OI006459,O002554,P0112,1,370.66,0
OI006460,O002554,P0111,1,2006.08,0
OI006461,O002886,P0230,1,130.64,5
OI006462,O002886,P0172,1,254.88,0
OI006463,O002886,P0100,1,2671.55,0
OI006464,O002886,P0109,1,1042.66,0
OI006465,O001271,P0069,1,4764.36,0
OI006466,O003656,P0024,1,14577.63,10
OI006467,O003656,P0019,1,14263.93,0
OI006468,O001619,P0004,1,3367.3,0
OI006469,O001619,P0232,2,1130.77,5
OI006470,O002013,P0166,2,419.38,5
OI006471,O002706,P0101,1,1960.89,5
OI006472,O001993,P0235,2,373.21,0
OI006473,O001877,P0095,2,1634.99,5
OI006474,O001877,P0077,1,1474.07,0
OI006475,O003303,P0223,1,1227.56,10
OI006476,O003438,P0023,1,12238.08,0
OI006477,O003791,P0182,1,1684.15,0
OI006478,O003211,P0024,1,14577.63,0
OI006479,O003211,P0181,1,1449.37,0
OI006480,O003060,P0216,1,256.34,0
OI006481,O002828,P0229,1,65.46,0
OI006482,O000835,P0058,1,3276.0,0
OI006483,O000835,P0073,1,2705.6,0
OI006484,O001658,P0001,1,17354.67,5
OI006485,O003331,P0207,1,3333.53,0
OI006486,O002789,P0115,1,2685.94,0
OI006487,O000073,P0139,1,5647.58,0
OI006488,O000073,P0083,1,993.55,0
OI006489,O000073,P0026,1,43655.64,0
OI006490,O002291,P0103,1,1857.64,5
OI006491,O002291,P0158,1,851.38,20
OI006492,O001423,P0210,1,2401.94,10
OI006493,O001979,P0237,1,111.58,0
OI006494,O001979,P0235,1,373.21,0
OI006495,O000767,P0152,1,585.57,0
OI006496,O001439,P0069,1,4764.36,0
OI006497,O001261,P0198,1,1290.69,5
OI006498,O001244,P0159,2,467.06,0
OI006499,O003119,P0121,1,6600.07,15
OI006500,O003119,P0011,1,27843.9,5
OI006501,O002395,P0134,1,4969.01,0
OI006502,O000663,P0158,1,851.38,15
OI006503,O000663,P0004,1,3367.3,0
OI006504,O000346,P0095,1,1634.99,0
OI006505,O003914,P0198,1,1290.69,0
OI006506,O003914,P0144,1,3418.51,0
OI006507,O003682,P0195,1,2663.56,0
OI006508,O003682,P0050,2,418.47,0
OI006509,O001745,P0111,1,2006.08,5
OI006510,O001745,P0108,1,2164.32,0
OI006511,O002952,P0141,1,6262.04,20
OI006512,O002546,P0052,1,1776.47,0
OI006513,O004002,P0076,1,8191.74,0
OI006514,O003282,P0142,1,2815.41,5
OI006515,O002630,P0037,1,324.95,0
OI006516,O003496,P0097,1,2710.21,15
OI006517,O003496,P0137,1,6108.38,0
OI006518,O001044,P0186,1,486.61,5
OI006519,O000129,P0146,1,503.35,0
OI006520,O000153,P0145,2,2218.83,10
OI006521,O003543,P0160,1,239.79,10
OI006522,O000414,P0104,2,393.27,0
OI006523,O003734,P0041,1,4355.59,0
OI006524,O000397,P0100,1,2671.55,0
OI006525,O000397,P0156,1,494.07,0
OI006526,O002307,P0118,1,665.2,0
OI006527,O002307,P0201,2,494.46,5
OI006528,O003066,P0004,1,3367.3,0
OI006529,O003066,P0136,2,5721.72,0
OI006530,O000694,P0060,1,4494.03,0
OI006531,O000694,P0139,1,5647.58,0
OI006532,O004196,P0111,1,2006.08,0
OI006533,O002202,P0143,1,4173.48,0
OI006534,O002194,P0143,1,4173.48,10
OI006535,O002194,P0134,1,4969.01,0
OI006536,O001522,P0230,2,130.64,0
OI006537,O002508,P0163,2,958.38,0
OI006538,O000814,P0145,1,2218.83,5
OI006539,O001762,P0031,1,2125.78,0
OI006540,O001762,P0121,2,6600.07,0
OI006541,O003387,P0136,1,5721.72,5
OI006542,O001009,P0175,1,436.15,0
OI006543,O001009,P0170,1,525.76,20
OI006544,O004092,P0165,1,476.64,0
OI006545,O000539,P0125,1,6755.25,15
OI006546,O000539,P0201,1,494.46,10
OI006547,O003907,P0158,1,851.38,10
OI006548,O003141,P0019,2,14263.93,0
OI006549,O003637,P0094,1,2468.94,0
OI006550,O003464,P0008,1,8836.66,10
OI006551,O000817,P0095,1,1634.99,0
OI006552,O000817,P0206,1,1218.7,0
OI006553,O000817,P0152,1,585.57,0
OI006554,O000748,P0110,1,1982.94,0
OI006555,O004181,P0047,1,3874.69,0
OI006556,O002747,P0093,1,847.03,5
OI006557,O002747,P0117,1,1772.02,0
OI006558,O000650,P0217,1,945.42,0
OI006559,O000650,P0020,1,31043.1,5
OI006560,O003622,P0146,1,503.35,0
OI006561,O002370,P0117,1,1772.02,0
OI006562,O002468,P0230,1,130.64,0
OI006563,O002468,P0097,1,2710.21,0
OI006564,O001090,P0006,1,1709.83,0
OI006565,O001230,P0178,1,162.51,0
OI006566,O002494,P0153,1,752.48,0
OI006567,O002494,P0061,3,7304.47,0
OI006568,O002859,P0033,2,1619.39,10
OI006569,O002859,P0006,1,1709.83,5
OI006570,O001172,P0023,1,12238.08,0
OI006571,O002931,P0034,1,961.34,0
OI006572,O002931,P0111,1,2006.08,0
OI006573,O001684,P0226,2,1175.86,0
OI006574,O002174,P0180,1,945.21,5
OI006575,O001102,P0196,1,3467.19,0
OI006576,O001102,P0092,1,2780.61,0
OI006577,O000164,P0117,2,1772.02,10
OI006578,O000164,P0218,2,170.95,0
OI006579,O000846,P0162,2,693.18,0
OI006580,O000556,P0134,1,4969.01,0
OI006581,O002579,P0148,2,1150.31,0
OI006582,O002579,P0144,1,3418.51,0
OI006583,O002264,P0213,1,132.46,0
OI006584,O002264,P0224,1,1478.7,0
OI006585,O003135,P0048,1,3922.55,20
OI006586,O002645,P0098,1,1082.19,0
OI006587,O002223,P0004,1,3367.3,20
OI006588,O002223,P0078,1,8872.72,0
OI006589,O002564,P0021,2,6194.09,0
OI006590,O000764,P0142,1,2815.41,5
OI006591,O002823,P0219,1,154.51,0
OI006592,O000358,P0002,2,33154.13,0
OI006593,O000358,P0195,3,2663.56,0
OI006594,O000358,P0230,1,130.64,0
OI006595,O000684,P0147,1,5810.42,0
OI006596,O003044,P0095,1,1634.99,0
OI006597,O000370,P0240,1,1454.49,5
OI006598,O000370,P0036,1,3928.55,0
OI006599,O003620,P0019,1,14263.93,15
OI006600,O004048,P0201,1,494.46,10
OI006601,O002915,P0119,1,913.24,0
OI006602,O002915,P0093,2,847.03,10
OI006603,O002915,P0086,1,6161.57,0
OI006604,O004106,P0131,1,4419.55,10
OI006605,O004106,P0081,1,3435.49,0
OI006606,O000896,P0031,2,2125.78,0
OI006607,O001803,P0118,1,665.2,0
OI006608,O000754,P0125,1,6755.25,5
OI006609,O003049,P0117,2,1772.02,0
OI006610,O003792,P0075,1,652.01,0
OI006611,O000721,P0181,1,1449.37,0
OI006612,O000305,P0024,1,14577.63,5
OI006613,O000305,P0172,3,254.88,0
OI006614,O000305,P0192,1,2255.96,5
OI006615,O003868,P0036,1,3928.55,0
OI006616,O003868,P0125,1,6755.25,5
OI006617,O002386,P0076,2,8191.74,0
OI006618,O004015,P0099,2,2204.27,0
OI006619,O000366,P0155,1,814.67,5
OI006620,O003052,P0048,3,3922.55,0
OI006621,O003052,P0201,1,494.46,0
OI006622,O003223,P0020,1,31043.1,10
OI006623,O003223,P0025,1,24964.59,0
OI006624,O002352,P0139,1,5647.58,15
OI006625,O002352,P0173,1,457.65,0
OI006626,O002352,P0205,1,3182.03,10
OI006627,O003123,P0214,1,689.22,5
OI006628,O002937,P0166,2,419.38,0
OI006629,O002895,P0142,1,2815.41,0
OI006630,O002895,P0038,1,3621.23,0
OI006631,O000354,P0072,1,4574.79,0
OI006632,O000354,P0024,1,14577.63,10
OI006633,O001620,P0156,1,494.07,0
OI006634,O001582,P0183,1,3302.91,0
OI006635,O000002,P0152,1,585.57,5
OI006636,O000523,P0104,1,393.27,0
OI006637,O000523,P0036,1,3928.55,0
OI006638,O003249,P0112,1,370.66,0
OI006639,O003249,P0069,1,4764.36,0
OI006640,O003249,P0046,1,861.09,0
OI006641,O003249,P0042,1,1854.22,0
OI006642,O003922,P0037,1,324.95,10
OI006643,O003922,P0155,1,814.67,0
OI006644,O000629,P0123,1,402.56,0
OI006645,O002367,P0086,1,6161.57,0
OI006646,O004045,P0132,2,1237.56,0
OI006647,O002058,P0151,1,145.51,0
OI006648,O002058,P0020,1,31043.1,15
OI006649,O002381,P0116,3,2403.95,5
OI006650,O002381,P0014,1,9625.58,20
OI006651,O002620,P0208,1,2265.65,15
OI006652,O002620,P0182,1,1684.15,15
OI006653,O002620,P0226,2,1175.86,10
OI006654,O002620,P0234,2,463.28,0
OI006655,O002164,P0227,1,664.12,0
OI006656,O001237,P0068,1,8496.61,0
OI006657,O000209,P0185,2,804.9,5
OI006658,O000209,P0188,1,387.48,0
OI006659,O003534,P0094,1,2468.94,5
OI006660,O003022,P0069,1,4764.36,0
OI006661,O001296,P0235,1,373.21,0
OI006662,O003550,P0034,2,961.34,0
OI006663,O003550,P0027,1,42325.85,5
OI006664,O003069,P0211,1,1196.79,10
OI006665,O003069,P0142,1,2815.41,0
OI006666,O000174,P0089,1,6279.25,0
OI006667,O000704,P0175,1,436.15,0
OI006668,O000291,P0076,1,8191.74,10
OI006669,O000291,P0096,2,369.0,0
OI006670,O002483,P0125,1,6755.25,20
OI006671,O002825,P0214,2,689.22,0
OI006672,O002825,P0012,2,13712.79,0
OI006673,O002433,P0082,1,5774.06,0
OI006674,O002433,P0112,1,370.66,5
OI006675,O001448,P0200,1,2664.42,0
OI006676,O000283,P0130,1,4118.41,0
OI006677,O002384,P0033,1,1619.39,0
OI006678,O002384,P0001,1,17354.67,10
OI006679,O003009,P0217,2,945.42,0
OI006680,O003064,P0148,1,1150.31,10
OI006681,O003064,P0037,1,324.95,0
OI006682,O003294,P0033,2,1619.39,5
OI006683,O002595,P0217,1,945.42,0
OI006684,O002595,P0223,1,1227.56,0
OI006685,O000968,P0094,1,2468.94,0
OI006686,O000968,P0128,1,1434.6,5
OI006687,O001676,P0213,3,132.46,0
OI006688,O001826,P0001,1,17354.67,0
OI006689,O001826,P0182,1,1684.15,0
OI006690,O004180,P0148,1,1150.31,0
OI006691,O004180,P0005,2,27369.28,5
OI006692,O003427,P0188,1,387.48,0
OI006693,O003427,P0013,1,20958.29,15
OI006694,O003192,P0017,1,3675.28,0
OI006695,O003192,P0162,1,693.18,5
OI006696,O003192,P0103,2,1857.64,0
OI006697,O004186,P0057,1,4668.58,0
OI006698,O003577,P0237,1,111.58,10
OI006699,O003577,P0181,1,1449.37,0
OI006700,O003226,P0231,1,219.41,0
OI006701,O000588,P0088,2,5876.52,0
OI006702,O002001,P0105,3,113.68,5
OI006703,O002001,P0071,1,8668.54,0
OI006704,O000667,P0014,1,9625.58,0
OI006705,O001374,P0118,2,665.2,0
OI006706,O003616,P0044,1,3728.15,5
OI006707,O003616,P0055,1,1374.35,5
OI006708,O003616,P0212,1,181.25,0
OI006709,O003971,P0035,2,649.39,0
OI006710,O001868,P0072,1,4574.79,0
OI006711,O001086,P0217,2,945.42,0
OI006712,O001127,P0222,1,591.69,5
OI006713,O000932,P0121,1,6600.07,0
OI006714,O000355,P0046,1,861.09,0
OI006715,O000355,P0129,1,6571.24,15
OI006716,O000654,P0042,1,1854.22,0
OI006717,O004166,P0236,1,66.62,0
OI006718,O004166,P0144,1,3418.51,0
OI006719,O000053,P0157,2,121.82,15
OI006720,O004060,P0084,2,3021.86,20
OI006721,O004060,P0228,1,210.24,0
OI006722,O002465,P0185,2,804.9,5
OI006723,O002414,P0227,1,664.12,0
OI006724,O002414,P0202,1,1841.6,0
OI006725,O000437,P0072,1,4574.79,0
OI006726,O000437,P0002,1,33154.13,0
OI006727,O000437,P0015,1,26984.72,20
OI006728,O003588,P0023,1,12238.08,15
OI006729,O003588,P0125,2,6755.25,0
OI006730,O002548,P0134,1,4969.01,0
OI006731,O001798,P0167,1,111.95,0
OI006732,O003153,P0234,2,463.28,0
OI006733,O003153,P0210,2,2401.94,5
OI006734,O003301,P0133,1,6177.4,0
OI006735,O002221,P0047,1,3874.69,0
OI006736,O001283,P0042,1,1854.22,15
OI006737,O001122,P0177,1,691.82,5
OI006738,O001122,P0068,1,8496.61,0
OI006739,O001697,P0184,2,3368.99,0
OI006740,O001697,P0116,1,2403.95,0
OI006741,O001697,P0062,1,2997.43,0
OI006742,O001017,P0024,2,14577.63,0
OI006743,O000906,P0035,1,649.39,5
OI006744,O001954,P0108,1,2164.32,0
OI006745,O001954,P0019,1,14263.93,5
OI006746,O001954,P0100,1,2671.55,5
OI006747,O000506,P0240,1,1454.49,0
OI006748,O002160,P0139,1,5647.58,5
OI006749,O002160,P0237,2,111.58,10
OI006750,O002160,P0239,1,156.01,0
OI006751,O002912,P0204,3,1452.83,0
OI006752,O002912,P0198,2,1290.69,0
OI006753,O002912,P0096,1,369.0,0
OI006754,O003989,P0002,1,33154.13,0
OI006755,O003989,P0124,1,3167.83,0
OI006756,O003880,P0017,1,3675.28,5
OI006757,O003880,P0016,1,27653.48,5
OI006758,O003880,P0202,3,1841.6,0
OI006759,O004179,P0090,1,8442.22,0
OI006760,O004179,P0144,1,3418.51,0
OI006761,O003047,P0165,1,476.64,0
OI006762,O003047,P0179,1,122.86,0
OI006763,O003047,P0193,1,2611.49,10
OI006764,O002816,P0016,1,27653.48,0
OI006765,O001842,P0024,1,14577.63,0
OI006766,O001324,P0030,1,2799.05,0
OI006767,O002188,P0148,2,1150.31,5
OI006768,O001848,P0096,1,369.0,0
OI006769,O001848,P0001,1,17354.67,0
OI006770,O002685,P0157,1,121.82,0
OI006771,O002024,P0046,2,861.09,0
OI006772,O001561,P0217,1,945.42,5
OI006773,O001820,P0119,1,913.24,5
OI006774,O001820,P0227,1,664.12,5
OI006775,O004163,P0207,1,3333.53,5
OI006776,O004163,P0028,1,27227.18,0
OI006777,O001471,P0209,2,1131.26,0
OI006778,O003924,P0169,1,868.91,0
OI006779,O002877,P0023,1,12238.08,0
OI006780,O002877,P0081,1,3435.49,5
OI006781,O000618,P0048,1,3922.55,0
OI006782,O001591,P0110,1,1982.94,5
OI006783,O004084,P0021,1,6194.09,0
OI006784,O002396,P0192,1,2255.96,5
OI006785,O000404,P0226,1,1175.86,0
OI006786,O000404,P0012,1,13712.79,0
OI006787,O000404,P0191,1,544.85,0
OI006788,O002899,P0093,1,847.03,0
OI006789,O002899,P0059,1,4076.26,5
OI006790,O000380,P0210,1,2401.94,0
OI006791,O001828,P0221,1,172.01,0
OI006792,O001828,P0204,1,1452.83,0
OI006793,O000301,P0113,1,868.09,0
OI006794,O002445,P0014,2,9625.58,0
OI006795,O003566,P0211,1,1196.79,20
OI006796,O003566,P0146,1,503.35,0
OI006797,O003566,P0035,1,649.39,5
OI006798,O003566,P0052,2,1776.47,0
OI006799,O003270,P0012,2,13712.79,10
OI006800,O000745,P0009,1,14247.51,0
OI006801,O003448,P0119,2,913.24,0
OI006802,O003447,P0019,2,14263.93,0
OI006803,O003447,P0208,2,2265.65,5
OI006804,O000496,P0111,1,2006.08,0
OI006805,O000496,P0152,1,585.57,0
OI006806,O003570,P0081,1,3435.49,0
OI006807,O000904,P0175,1,436.15,5
OI006808,O000904,P0004,1,3367.3,10
OI006809,O002672,P0002,2,33154.13,0
OI006810,O004019,P0124,1,3167.83,0
OI006811,O002797,P0066,1,3872.22,0
OI006812,O001517,P0232,1,1130.77,0
OI006813,O002242,P0180,1,945.21,10
OI006814,O002540,P0213,2,132.46,0
OI006815,O002540,P0168,2,140.4,0
OI006816,O004151,P0023,1,12238.08,0
OI006817,O000248,P0225,2,594.58,5
OI006818,O000248,P0130,1,4118.41,15
OI006819,O002417,P0147,1,5810.42,10
OI006820,O002417,P0202,1,1841.6,0
OI006821,O002417,P0080,1,2290.21,5
OI006822,O002417,P0144,1,3418.51,0
OI006823,O002862,P0183,1,3302.91,0
OI006824,O003698,P0084,1,3021.86,0
OI006825,O000219,P0179,2,122.86,20
OI006826,O003745,P0076,1,8191.74,15
OI006827,O004199,P0059,1,4076.26,0
OI006828,O000825,P0208,1,2265.65,5
OI006829,O001301,P0166,1,419.38,10
OI006830,O003887,P0037,1,324.95,0
OI006831,O000051,P0205,1,3182.03,0
OI006832,O004198,P0146,1,503.35,0
OI006833,O003358,P0134,3,4969.01,5
OI006834,O003358,P0120,3,1970.87,0
OI006835,O003358,P0106,3,1690.33,0
OI006836,O001859,P0152,1,585.57,15
OI006837,O004107,P0143,1,4173.48,20
OI006838,O004107,P0147,1,5810.42,0
OI006839,O003889,P0055,2,1374.35,20
OI006840,O004042,P0222,1,591.69,0
OI006841,O004042,P0220,1,1073.05,0
OI006842,O004042,P0106,1,1690.33,0
OI006843,O001926,P0089,2,6279.25,0
OI006844,O001926,P0034,1,961.34,0
OI006845,O000206,P0153,1,752.48,0
OI006846,O002021,P0066,1,3872.22,0
OI006847,O002021,P0072,1,4574.79,5
OI006848,O002021,P0121,1,6600.07,10
OI006849,O003546,P0197,2,1395.26,0
OI006850,O003546,P0030,1,2799.05,10
OI006851,O001079,P0106,1,1690.33,5
OI006852,O003352,P0215,1,557.83,10
OI006853,O001144,P0188,1,387.48,5
OI006854,O001144,P0023,2,12238.08,5
OI006855,O002565,P0160,1,239.79,0
OI006856,O003315,P0204,1,1452.83,15
OI006857,O003649,P0185,2,804.9,0
OI006858,O003649,P0132,1,1237.56,0
OI006859,O002891,P0237,1,111.58,0
OI006860,O002891,P0037,1,324.95,0
OI006861,O002891,P0122,1,6428.59,0
OI006862,O003544,P0052,1,1776.47,5
OI006863,O003544,P0207,2,3333.53,5
OI006864,O001382,P0080,1,2290.21,10
OI006865,O001382,P0208,1,2265.65,0
OI006866,O000079,P0138,1,3724.99,0
OI006867,O002984,P0022,1,2319.97,15
OI006868,O002984,P0055,1,1374.35,5
OI006869,O000963,P0231,1,219.41,5
OI006870,O003492,P0198,1,1290.69,0
OI006871,O003492,P0186,1,486.61,5
OI006872,O002629,P0199,1,3024.68,0
OI006873,O002629,P0019,1,14263.93,0
OI006874,O002398,P0010,1,19891.97,10
OI006875,O002398,P0067,1,1253.82,0
OI006876,O002247,P0086,1,6161.57,10
OI006877,O002247,P0012,1,13712.79,0
OI006878,O001738,P0040,1,1983.79,10
OI006879,O001921,P0091,3,1088.09,5
OI006880,O003408,P0199,3,3024.68,0
OI006881,O003408,P0144,1,3418.51,5
OI006882,O001436,P0170,2,525.76,20
OI006883,O003652,P0157,2,121.82,0
OI006884,O003652,P0104,1,393.27,0
OI006885,O003652,P0057,1,4668.58,0
OI006886,O003996,P0176,2,551.82,0
OI006887,O003996,P0047,1,3874.69,0
OI006888,O001016,P0018,1,43480.94,5
OI006889,O001016,P0120,2,1970.87,0
OI006890,O003632,P0229,1,65.46,0
OI006891,O003632,P0076,1,8191.74,10
OI006892,O002647,P0055,1,1374.35,15
OI006893,O002647,P0226,1,1175.86,20
OI006894,O002647,P0201,1,494.46,0
OI006895,O002647,P0203,1,1221.17,10
OI006896,O002743,P0187,1,465.38,0
OI006897,O001338,P0093,1,847.03,0
OI006898,O001535,P0113,1,868.09,0
OI006899,O001176,P0066,1,3872.22,5
OI006900,O001179,P0135,1,2707.59,0
OI006901,O000962,P0196,1,3467.19,0
OI006902,O000451,P0226,1,1175.86,0
OI006903,O000725,P0211,1,1196.79,0
OI006904,O001054,P0062,1,2997.43,0
OI006905,O001054,P0087,1,4705.42,0
OI006906,O001054,P0224,1,1478.7,0
OI006907,O002727,P0236,2,66.62,0
OI006908,O002727,P0039,1,3923.97,0
OI006909,O000100,P0108,1,2164.32,0
OI006910,O001770,P0136,1,5721.72,0
OI006911,O002491,P0016,1,27653.48,20
OI006912,O003048,P0104,1,393.27,0
OI006913,O003048,P0221,1,172.01,0
OI006914,O003048,P0070,1,3398.94,0
OI006915,O002589,P0140,1,5002.18,0
OI006916,O002589,P0112,1,370.66,0
OI006917,O001799,P0010,1,19891.97,0
OI006918,O001799,P0191,1,544.85,10
OI006919,O001609,P0110,1,1982.94,0
OI006920,O000150,P0115,1,2685.94,0
OI006921,O000150,P0050,1,418.47,15
OI006922,O000150,P0151,1,145.51,0
OI006923,O003159,P0141,1,6262.04,0
OI006924,O003436,P0057,1,4668.58,0
OI006925,O001272,P0184,1,3368.99,5
OI006926,O001272,P0065,1,260.18,0
OI006927,O001475,P0229,1,65.46,15
OI006928,O002166,P0077,1,1474.07,0
OI006929,O002166,P0239,2,156.01,0
OI006930,O000934,P0139,1,5647.58,0
OI006931,O001143,P0129,2,6571.24,0
OI006932,O001143,P0050,1,418.47,0
OI006933,O001143,P0141,1,6262.04,0
OI006934,O002110,P0078,1,8872.72,0
OI006935,O002110,P0046,1,861.09,20
OI006936,O002110,P0082,1,5774.06,0
OI006937,O000201,P0205,1,3182.03,5
OI006938,O002118,P0059,1,4076.26,0
OI006939,O002118,P0098,2,1082.19,5
OI006940,O002118,P0236,1,66.62,0
OI006941,O002388,P0205,1,3182.03,0
OI006942,O002388,P0233,1,1444.15,0
OI006943,O002388,P0162,1,693.18,0
OI006944,O000252,P0218,1,170.95,15
OI006945,O001011,P0077,1,1474.07,5
OI006946,O001011,P0104,1,393.27,10
OI006947,O001623,P0235,2,373.21,0
OI006948,O001623,P0036,1,3928.55,5
OI006949,O001991,P0139,1,5647.58,0
OI006950,O001007,P0013,1,20958.29,0
OI006951,O000526,P0085,1,557.82,15
OI006952,O000526,P0086,1,6161.57,5
OI006953,O001034,P0014,1,9625.58,0
OI006954,O003382,P0115,1,2685.94,0
OI006955,O003382,P0209,1,1131.26,0
OI006956,O003382,P0114,2,2920.73,0
OI006957,O003027,P0238,1,814.17,0
OI006958,O003027,P0071,1,8668.54,0
OI006959,O000263,P0181,1,1449.37,10
OI006960,O001706,P0013,1,20958.29,0
OI006961,O002969,P0101,1,1960.89,0
OI006962,O002452,P0093,2,847.03,10
OI006963,O002452,P0115,1,2685.94,0
OI006964,O000476,P0159,1,467.06,0
OI006965,O000476,P0086,1,6161.57,0
OI006966,O000476,P0091,1,1088.09,10
OI006967,O000476,P0021,1,6194.09,0
OI006968,O000812,P0094,1,2468.94,0
OI006969,O002472,P0102,1,567.72,5
OI006970,O002472,P0041,1,4355.59,0
OI006971,O000679,P0053,1,4564.56,0
OI006972,O000679,P0145,1,2218.83,0
OI006973,O001888,P0047,1,3874.69,5
OI006974,O002308,P0187,1,465.38,15
OI006975,O002600,P0212,1,181.25,0
OI006976,O002539,P0003,1,7696.02,5
OI006977,O004130,P0153,1,752.48,0
OI006978,O001705,P0009,1,14247.51,0
OI006979,O002470,P0139,1,5647.58,5
OI006980,O002448,P0240,1,1454.49,0
OI006981,O001004,P0086,2,6161.57,15
OI006982,O003002,P0231,1,219.41,20
OI006983,O003002,P0197,1,1395.26,0
OI006984,O002037,P0084,2,3021.86,5
OI006985,O002037,P0028,2,27227.18,0
OI006986,O002037,P0011,1,27843.9,0
OI006987,O002199,P0127,1,6001.62,10
OI006988,O002199,P0162,1,693.18,5
OI006989,O002199,P0180,1,945.21,0
OI006990,O002199,P0080,1,2290.21,0
OI006991,O003420,P0188,1,387.48,0
OI006992,O003567,P0008,1,8836.66,0
OI006993,O000742,P0171,2,541.45,5
OI006994,O000742,P0154,1,563.67,5
OI006995,O002580,P0027,1,42325.85,0
OI006996,O000576,P0228,1,210.24,0
OI006997,O004014,P0060,1,4494.03,0
OI006998,O004014,P0026,1,43655.64,0
OI006999,O003994,P0022,1,2319.97,0
OI007000,O000294,P0026,1,43655.64,0
OI007001,O000876,P0119,1,913.24,0
OI007002,O001941,P0200,1,2664.42,0
OI007003,O003075,P0130,1,4118.41,10
OI007004,O003075,P0100,1,2671.55,5
OI007005,O003075,P0025,2,24964.59,0
OI007006,O000519,P0154,1,563.67,20
OI007007,O003890,P0176,1,551.82,0
OI007008,O002621,P0005,1,27369.28,10
OI007009,O002621,P0037,2,324.95,0
OI007010,O002621,P0085,1,557.82,5
OI007011,O003533,P0207,1,3333.53,0
OI007012,O002069,P0076,3,8191.74,0
OI007013,O003353,P0181,1,1449.37,0
OI007014,O003353,P0114,1,2920.73,0
OI007015,O003953,P0175,1,436.15,0
OI007016,O001791,P0100,1,2671.55,15
OI007017,O001791,P0014,1,9625.58,0
OI007018,O000928,P0176,1,551.82,0
OI007019,O001135,P0180,2,945.21,0
OI007020,O003057,P0046,1,861.09,0
OI007021,O003057,P0044,2,3728.15,0
OI007022,O003973,P0163,1,958.38,10
OI007023,O003973,P0007,1,37593.96,0
OI007024,O002063,P0104,1,393.27,0
OI007025,O002063,P0184,1,3368.99,0
OI007026,O000994,P0159,2,467.06,0
OI007027,O001031,P0095,2,1634.99,5
OI007028,O001031,P0236,2,66.62,5
OI007029,O001031,P0060,1,4494.03,0
OI007030,O000801,P0081,1,3435.49,0
OI007031,O000801,P0210,1,2401.94,0
OI007032,O000548,P0236,1,66.62,0
OI007033,O000548,P0239,1,156.01,0
OI007034,O000548,P0069,1,4764.36,0
OI007035,O000718,P0179,1,122.86,5
OI007036,O000718,P0022,1,2319.97,15
OI007037,O000718,P0175,1,436.15,5
OI007038,O000507,P0046,1,861.09,0
OI007039,O000507,P0001,1,17354.67,0
OI007040,O000241,P0229,1,65.46,10
OI007041,O001373,P0022,1,2319.97,15
OI007042,O001650,P0171,3,541.45,0
OI007043,O001650,P0035,1,649.39,10
OI007044,O001650,P0047,1,3874.69,0
OI007045,O001808,P0113,1,868.09,0
OI007046,O004170,P0231,1,219.41,0
OI007047,O004170,P0081,1,3435.49,0
OI007048,O003296,P0201,2,494.46,0
OI007049,O003296,P0204,2,1452.83,5
OI007050,O003296,P0231,1,219.41,5
OI007051,O003296,P0145,2,2218.83,0
OI007052,O000515,P0092,1,2780.61,0
OI007053,O002812,P0224,1,1478.7,10
OI007054,O000788,P0016,1,27653.48,5
OI007055,O002979,P0003,2,7696.02,20
OI007056,O002949,P0041,1,4355.59,0
OI007057,O002949,P0221,1,172.01,5
OI007058,O002949,P0107,3,1989.69,0
OI007059,O002949,P0195,1,2663.56,10
OI007060,O000883,P0208,1,2265.65,15
OI007061,O001434,P0180,1,945.21,0
OI007062,O002040,P0236,1,66.62,0
OI007063,O002040,P0013,1,20958.29,0
OI007064,O001497,P0021,1,6194.09,0
OI007065,O000050,P0082,1,5774.06,5
OI007066,O000050,P0029,1,4711.37,0
OI007067,O003086,P0087,2,4705.42,0
OI007068,O003086,P0055,1,1374.35,0
OI007069,O001918,P0221,1,172.01,0
OI007070,O001381,P0185,2,804.9,0
OI007071,O001381,P0239,1,156.01,5
OI007072,O000136,P0047,1,3874.69,5
OI007073,O000136,P0233,1,1444.15,0
OI007074,O000285,P0225,1,594.58,15
OI007075,O000285,P0089,1,6279.25,10
OI007076,O000285,P0205,1,3182.03,0
OI007077,O000842,P0168,1,140.4,0
OI007078,O003796,P0176,2,551.82,0
OI007079,O003796,P0151,1,145.51,15
OI007080,O000379,P0067,1,1253.82,10
OI007081,O000048,P0113,1,868.09,10
OI007082,O000048,P0163,1,958.38,0
OI007083,O000048,P0228,1,210.24,0
OI007084,O000048,P0159,1,467.06,5
OI007085,O003828,P0087,1,4705.42,5
OI007086,O000084,P0009,1,14247.51,10
OI007087,O000084,P0113,2,868.09,0
OI007088,O001339,P0073,1,2705.6,15
OI007089,O001339,P0012,1,13712.79,0
OI007090,O001594,P0214,1,689.22,0
OI007091,O002977,P0127,1,6001.62,0
OI007092,O002977,P0026,1,43655.64,10
OI007093,O002666,P0196,1,3467.19,15
OI007094,O002666,P0114,1,2920.73,10
OI007095,O000386,P0181,2,1449.37,0
OI007096,O003100,P0049,1,2755.84,0
OI007097,O003100,P0217,1,945.42,0
OI007098,O003100,P0034,1,961.34,0
OI007099,O002039,P0119,1,913.24,0
OI007100,O002039,P0153,1,752.48,0
OI007101,O002039,P0141,2,6262.04,0
OI007102,O000021,P0013,1,20958.29,0
OI007103,O000021,P0239,1,156.01,0
OI007104,O003835,P0091,1,1088.09,10
OI007105,O003835,P0182,3,1684.15,0
OI007106,O003835,P0191,2,544.85,0
OI007107,O003835,P0152,1,585.57,5
OI007108,O000161,P0173,1,457.65,0
OI007109,O001748,P0094,2,2468.94,5
OI007110,O001748,P0165,1,476.64,10
OI007111,O002254,P0008,1,8836.66,0
OI007112,O002254,P0234,2,463.28,10
OI007113,O000361,P0060,2,4494.03,0
OI007114,O002238,P0171,1,541.45,0
OI007115,O002238,P0193,1,2611.49,10
OI007116,O002238,P0213,1,132.46,10
OI007117,O002238,P0017,1,3675.28,5
OI007118,O000009,P0013,1,20958.29,0
OI007119,O001153,P0003,1,7696.02,0
OI007120,O002978,P0101,1,1960.89,0
OI007121,O002542,P0074,1,5563.17,5
OI007122,O002634,P0174,1,670.58,0
OI007123,O000773,P0160,2,239.79,15
OI007124,O002098,P0056,1,1660.83,0
OI007125,O000196,P0078,1,8872.72,10
OI007126,O000196,P0198,1,1290.69,5
OI007127,O002216,P0185,1,804.9,0
OI007128,O002216,P0004,1,3367.3,10
OI007129,O000312,P0053,1,4564.56,0
OI007130,O000312,P0177,2,691.82,0
OI007131,O000312,P0230,1,130.64,0
OI007132,O002849,P0149,2,5457.96,0
OI007133,O004167,P0031,1,2125.78,0
OI007134,O004167,P0001,2,17354.67,0
OI007135,O002137,P0072,3,4574.79,0
OI007136,O003080,P0090,1,8442.22,0
OI007137,O001356,P0033,1,1619.39,0
OI007138,O002734,P0009,1,14247.51,5
OI007139,O002734,P0225,1,594.58,15
OI007140,O003030,P0055,1,1374.35,15
OI007141,O003030,P0110,1,1982.94,5
OI007142,O002658,P0012,1,13712.79,0
OI007143,O002658,P0130,1,4118.41,0
OI007144,O004029,P0157,1,121.82,0
OI007145,O000016,P0179,1,122.86,0
OI007146,O000016,P0195,1,2663.56,5
OI007147,O001946,P0073,1,2705.6,5
OI007148,O001946,P0017,2,3675.28,20
OI007149,O003247,P0019,1,14263.93,0
OI007150,O001566,P0139,1,5647.58,0
OI007151,O003050,P0077,1,1474.07,0
OI007152,O003050,P0161,3,593.3,20
OI007153,O004116,P0158,1,851.38,15
OI007154,O004116,P0233,1,1444.15,5
OI007155,O003810,P0025,1,24964.59,5
OI007156,O003659,P0057,1,4668.58,15
OI007157,O003659,P0168,1,140.4,5
OI007158,O000113,P0087,1,4705.42,5
OI007159,O000631,P0226,1,1175.86,0
OI007160,O000631,P0158,1,851.38,10
OI007161,O003573,P0158,1,851.38,0
OI007162,O003083,P0229,1,65.46,15
OI007163,O003909,P0045,1,4468.9,10
OI007164,O000796,P0140,1,5002.18,0
OI007165,O000796,P0092,3,2780.61,5
OI007166,O003561,P0089,1,6279.25,0
OI007167,O003561,P0195,1,2663.56,10
OI007168,O003561,P0193,3,2611.49,0
OI007169,O000315,P0063,1,2204.83,10
OI007170,O000315,P0233,1,1444.15,10
OI007171,O001025,P0096,1,369.0,0
OI007172,O003518,P0176,1,551.82,15
OI007173,O001899,P0146,1,503.35,10
OI007174,O002065,P0088,1,5876.52,0
OI007175,O002065,P0038,1,3621.23,0
OI007176,O002964,P0012,1,13712.79,0
OI007177,O002964,P0093,2,847.03,10
OI007178,O000114,P0100,2,2671.55,0
OI007179,O000114,P0019,1,14263.93,0
OI007180,O000114,P0009,1,14247.51,0
OI007181,O000114,P0016,1,27653.48,10
OI007182,O001493,P0105,2,113.68,0
OI007183,O000532,P0125,1,6755.25,0
OI007184,O003405,P0146,1,503.35,0
OI007185,O000611,P0148,1,1150.31,0
OI007186,O000611,P0004,2,3367.3,0
OI007187,O003482,P0165,1,476.64,0
OI007188,O001263,P0005,1,27369.28,0
OI007189,O003619,P0102,2,567.72,0
OI007190,O001483,P0147,1,5810.42,10
OI007191,O001483,P0110,2,1982.94,0
OI007192,O001483,P0234,2,463.28,0
OI007193,O000954,P0233,1,1444.15,20
OI007194,O003182,P0212,1,181.25,0
OI007195,O003182,P0141,1,6262.04,0
OI007196,O000840,P0016,1,27653.48,0
OI007197,O002362,P0019,1,14263.93,10
OI007198,O002362,P0140,1,5002.18,20
OI007199,O002362,P0100,1,2671.55,0
OI007200,O002332,P0184,2,3368.99,0
OI007201,O002332,P0113,1,868.09,0
OI007202,O003212,P0123,1,402.56,0
OI007203,O003112,P0068,1,8496.61,0
OI007204,O001715,P0012,1,13712.79,0
OI007205,O001715,P0200,1,2664.42,0
OI007206,O002713,P0179,1,122.86,10
OI007207,O002055,P0230,2,130.64,0
OI007208,O002055,P0062,1,2997.43,15
OI007209,O002055,P0123,1,402.56,0
OI007210,O002055,P0129,1,6571.24,5
OI007211,O001329,P0069,1,4764.36,5
OI007212,O001329,P0178,2,162.51,0
OI007213,O002788,P0175,1,436.15,10
OI007214,O002788,P0033,1,1619.39,0
OI007215,O002158,P0184,1,3368.99,0
OI007216,O002158,P0228,1,210.24,15
OI007217,O000251,P0056,1,1660.83,5
OI007218,O001461,P0170,1,525.76,5
OI007219,O001461,P0050,2,418.47,15
OI007220,O003158,P0146,1,503.35,0
OI007221,O003158,P0218,1,170.95,0
OI007222,O003531,P0074,1,5563.17,10
OI007223,O000430,P0079,1,6113.79,0
OI007224,O002762,P0149,1,5457.96,0
OI007225,O002113,P0179,1,122.86,5
OI007226,O000587,P0096,1,369.0,5
OI007227,O002475,P0221,1,172.01,0
OI007228,O001962,P0058,2,3276.0,20
OI007229,O001962,P0006,1,1709.83,0
OI007230,O000750,P0001,2,17354.67,0
OI007231,O000750,P0101,1,1960.89,0
OI007232,O002311,P0126,1,2271.81,20
OI007233,O002311,P0118,1,665.2,0
OI007234,O001432,P0097,1,2710.21,5
OI007235,O000939,P0195,1,2663.56,0
OI007236,O000939,P0218,1,170.95,0
OI007237,O002522,P0217,1,945.42,0
OI007238,O003203,P0041,1,4355.59,0
OI007239,O001587,P0086,1,6161.57,0
OI007240,O001587,P0084,1,3021.86,0
OI007241,O001587,P0003,1,7696.02,0
OI007242,O000183,P0056,1,1660.83,15
OI007243,O000183,P0042,1,1854.22,5
OI007244,O000183,P0163,1,958.38,0
OI007245,O000648,P0090,1,8442.22,0
OI007246,O000806,P0213,1,132.46,0
OI007247,O000806,P0003,1,7696.02,20
OI007248,O000806,P0019,2,14263.93,5
OI007249,O000806,P0127,1,6001.62,0
OI007250,O000177,P0055,1,1374.35,0
OI007251,O001414,P0098,2,1082.19,5
OI007252,O001414,P0081,1,3435.49,0
OI007253,O001414,P0066,1,3872.22,15
OI007254,O003957,P0034,1,961.34,0
OI007255,O001209,P0231,1,219.41,0
OI007256,O001209,P0101,1,1960.89,0
OI007257,O003452,P0048,1,3922.55,10
OI007258,O001708,P0074,1,5563.17,0
OI007259,O001708,P0028,2,27227.18,0
OI007260,O001977,P0118,1,665.2,0
OI007261,O002989,P0138,1,3724.99,5
OI007262,O004098,P0066,1,3872.22,0
OI007263,O004098,P0048,2,3922.55,5
OI007264,O001767,P0150,1,4472.37,0
OI007265,O001816,P0016,3,27653.48,0
OI007266,O003213,P0161,1,593.3,15
OI007267,O003213,P0048,1,3922.55,0
OI007268,O003398,P0170,1,525.76,0
OI007269,O001115,P0147,1,5810.42,0
OI007270,O004110,P0180,1,945.21,0
OI007271,O001947,P0200,2,2664.42,5
OI007272,O001947,P0039,1,3923.97,0
OI007273,O000103,P0057,1,4668.58,0
OI007274,O001366,P0203,1,1221.17,0
OI007275,O002566,P0057,1,4668.58,0
OI007276,O003584,P0079,1,6113.79,10
OI007277,O003629,P0085,1,557.82,10
OI007278,O003629,P0220,1,1073.05,0
OI007279,O001994,P0025,2,24964.59,0
OI007280,O004052,P0018,1,43480.94,15
OI007281,O003921,P0004,1,3367.3,0
OI007282,O000435,P0189,1,2979.33,0
OI007283,O000435,P0202,1,1841.6,0
OI007284,O000822,P0009,1,14247.51,10
OI007285,O001788,P0147,3,5810.42,5
OI007286,O001788,P0011,1,27843.9,5
OI007287,O001723,P0165,1,476.64,0
OI007288,O001723,P0230,1,130.64,0
OI007289,O003607,P0229,2,65.46,10
OI007290,O000859,P0108,1,2164.32,0
OI007291,O000288,P0215,1,557.83,5
OI007292,O002730,P0174,1,670.58,0
OI007293,O002730,P0012,1,13712.79,0
OI007294,O002730,P0092,1,2780.61,10
OI007295,O003580,P0063,2,2204.83,10
OI007296,O003580,P0002,3,33154.13,15
OI007297,O003580,P0164,1,597.92,0
OI007298,O003580,P0196,1,3467.19,0
OI007299,O003601,P0139,2,5647.58,0
OI007300,O000104,P0143,1,4173.48,0
OI007301,O002485,P0234,1,463.28,0
OI007302,O002056,P0106,1,1690.33,0
OI007303,O003864,P0131,1,4419.55,0
OI007304,O003864,P0065,1,260.18,0
OI007305,O002178,P0063,2,2204.83,0
OI007306,O003898,P0004,2,3367.3,15
OI007307,O001556,P0039,2,3923.97,10
OI007308,O001198,P0227,1,664.12,0
OI007309,O000625,P0232,1,1130.77,0
OI007310,O001982,P0030,2,2799.05,15
OI007311,O001982,P0023,1,12238.08,0
OI007312,O003945,P0099,1,2204.27,0
OI007313,O003945,P0101,2,1960.89,0
OI007314,O002310,P0114,1,2920.73,0
OI007315,O001412,P0057,1,4668.58,0
OI007316,O002724,P0204,1,1452.83,0
OI007317,O002724,P0035,1,649.39,0
OI007318,O000199,P0158,1,851.38,0
OI007319,O000199,P0238,1,814.17,0
OI007320,O000199,P0002,2,33154.13,10
OI007321,O000199,P0073,1,2705.6,15
OI007322,O001681,P0230,1,130.64,0
OI007323,O000034,P0174,1,670.58,15
OI007324,O000034,P0086,1,6161.57,0
OI007325,O001955,P0237,1,111.58,0
OI007326,O001955,P0234,1,463.28,0
OI007327,O001291,P0117,1,1772.02,0
OI007328,O003397,P0086,1,6161.57,20
OI007329,O000951,P0194,1,1093.82,0
OI007330,O000951,P0225,1,594.58,0
OI007331,O001065,P0145,1,2218.83,0
OI007332,O001065,P0143,2,4173.48,0
OI007333,O000851,P0203,2,1221.17,0
OI007334,O000851,P0140,2,5002.18,0
OI007335,O000562,P0116,1,2403.95,5
OI007336,O000562,P0083,1,993.55,0
OI007337,O000562,P0220,1,1073.05,15
OI007338,O002688,P0145,1,2218.83,5
OI007339,O002688,P0221,1,172.01,10
OI007340,O002688,P0048,1,3922.55,10
OI007341,O001323,P0023,1,12238.08,0
OI007342,O001323,P0044,1,3728.15,0
OI007343,O003162,P0152,1,585.57,0
OI007344,O004147,P0189,1,2979.33,0
OI007345,O000058,P0152,1,585.57,0
OI007346,O003757,P0198,2,1290.69,0
OI007347,O002927,P0109,2,1042.66,0
OI007348,O002927,P0080,1,2290.21,0
OI007349,O002953,P0043,1,1760.62,0
OI007350,O003165,P0102,2,567.72,0
OI007351,O002840,P0012,1,13712.79,0
OI007352,O002840,P0060,1,4494.03,0
OI007353,O003892,P0216,1,256.34,5
OI007354,O003892,P0062,1,2997.43,10
OI007355,O000777,P0108,1,2164.32,0
OI007356,O002000,P0172,1,254.88,5
OI007357,O001917,P0206,1,1218.7,0
OI007358,O001917,P0226,1,1175.86,5
OI007359,O001917,P0046,1,861.09,0
OI007360,O001917,P0205,1,3182.03,5
OI007361,O002467,P0003,1,7696.02,0
OI007362,O002520,P0227,1,664.12,10
OI007363,O003940,P0178,1,162.51,5
OI007364,O003940,P0037,1,324.95,15
OI007365,O000943,P0118,1,665.2,0
OI007366,O000943,P0095,1,1634.99,5
OI007367,O000943,P0091,2,1088.09,0
OI007368,O001453,P0134,1,4969.01,0
OI007369,O001453,P0048,1,3922.55,0
OI007370,O004068,P0020,1,31043.1,20
OI007371,O004068,P0066,2,3872.22,0
OI007372,O002528,P0119,1,913.24,5
OI007373,O002894,P0119,1,913.24,10
OI007374,O002894,P0228,1,210.24,0
OI007375,O002582,P0007,2,37593.96,0
OI007376,O002014,P0178,1,162.51,0
OI007377,O002014,P0153,1,752.48,0
OI007378,O002014,P0033,1,1619.39,0
OI007379,O002014,P0001,1,17354.67,0
OI007380,O004006,P0233,1,1444.15,0
OI007381,O002162,P0114,1,2920.73,5
OI007382,O002162,P0030,1,2799.05,0
OI007383,O002162,P0024,1,14577.63,5
OI007384,O002162,P0206,1,1218.7,0
OI007385,O002130,P0089,1,6279.25,0
OI007386,O002130,P0216,1,256.34,0
OI007387,O003562,P0042,1,1854.22,0
OI007388,O003562,P0058,2,3276.0,15
OI007389,O003562,P0183,1,3302.91,10
OI007390,O002947,P0193,2,2611.49,0
OI007391,O003856,P0141,1,6262.04,20
OI007392,O002907,P0002,1,33154.13,0
OI007393,O000261,P0047,1,3874.69,5
OI007394,O000261,P0049,1,2755.84,0
OI007395,O002416,P0111,1,2006.08,15
OI007396,O000006,P0180,1,945.21,0
OI007397,O002156,P0044,1,3728.15,5
OI007398,O001267,P0026,1,43655.64,0
OI007399,O001443,P0166,2,419.38,0
OI007400,O002513,P0204,2,1452.83,0
OI007401,O001201,P0156,1,494.07,0
OI007402,O003469,P0186,1,486.61,0
OI007403,O003711,P0170,1,525.76,0
OI007404,O002527,P0044,1,3728.15,20
OI007405,O002260,P0018,1,43480.94,0
OI007406,O003081,P0091,2,1088.09,15
OI007407,O003081,P0233,1,1444.15,0
OI007408,O001513,P0234,1,463.28,5
OI007409,O001469,P0135,1,2707.59,15
OI007410,O002995,P0202,1,1841.6,0
OI007411,O004161,P0032,1,4194.07,0
OI007412,O002574,P0134,1,4969.01,5
OI007413,O001315,P0147,2,5810.42,10
OI007414,O001164,P0233,1,1444.15,0
OI007415,O001164,P0126,1,2271.81,10
OI007416,O003775,P0186,1,486.61,0
OI007417,O000980,P0002,1,33154.13,0
OI007418,O000980,P0176,1,551.82,0
OI007419,O000222,P0094,2,2468.94,0
OI007420,O001219,P0145,1,2218.83,10
OI007421,O002004,P0025,2,24964.59,0
OI007422,O001518,P0112,1,370.66,20
OI007423,O003935,P0028,1,27227.18,0
OI007424,O002768,P0198,3,1290.69,0
OI007425,O000636,P0029,1,4711.37,0
OI007426,O000636,P0129,1,6571.24,0
OI007427,O000458,P0112,1,370.66,0
OI007428,O000458,P0055,2,1374.35,5
OI007429,O003487,P0138,2,3724.99,0
OI007430,O001303,P0096,1,369.0,0
OI007431,O001303,P0086,2,6161.57,0
OI007432,O000284,P0141,1,6262.04,0
OI007433,O000334,P0141,1,6262.04,0
OI007434,O000334,P0021,2,6194.09,0
OI007435,O001477,P0187,1,465.38,0
OI007436,O002457,P0151,1,145.51,5
OI007437,O003899,P0226,1,1175.86,15
OI007438,O003899,P0081,3,3435.49,5
OI007439,O002303,P0146,1,503.35,0
OI007440,O002303,P0192,1,2255.96,0
OI007441,O002922,P0119,1,913.24,5
OI007442,O002922,P0177,1,691.82,0
OI007443,O002922,P0121,1,6600.07,10
OI007444,O003915,P0043,1,1760.62,0
OI007445,O003915,P0181,1,1449.37,0
OI007446,O001183,P0177,2,691.82,0
OI007447,O002237,P0025,1,24964.59,0
OI007448,O004195,P0098,2,1082.19,0
OI007449,O002717,P0143,1,4173.48,10
OI007450,O002717,P0133,1,6177.4,5
OI007451,O003795,P0012,1,13712.79,0
OI007452,O004109,P0182,1,1684.15,5
OI007453,O004109,P0013,1,20958.29,0
OI007454,O004109,P0193,1,2611.49,0
OI007455,O003495,P0198,1,1290.69,10
OI007456,O002067,P0087,2,4705.42,0
OI007457,O002067,P0235,1,373.21,0
OI007458,O002102,P0061,1,7304.47,5
OI007459,O001821,P0123,1,402.56,0
OI007460,O002996,P0137,1,6108.38,0
OI007461,O002996,P0196,1,3467.19,0
OI007462,O003535,P0207,1,3333.53,15
OI007463,O003750,P0180,1,945.21,5
OI007464,O003750,P0155,2,814.67,0
OI007465,O000760,P0220,1,1073.05,0
OI007466,O000760,P0056,1,1660.83,0
OI007467,O003219,P0018,2,43480.94,0
OI007468,O000071,P0141,1,6262.04,0
OI007469,O000938,P0097,1,2710.21,10
OI007470,O000456,P0156,1,494.07,0
OI007471,O002523,P0040,1,1983.79,0
OI007472,O000200,P0131,2,4419.55,0
OI007473,O002733,P0233,1,1444.15,10
OI007474,O002733,P0149,1,5457.96,20
OI007475,O001371,P0123,2,402.56,0
OI007476,O003662,P0231,3,219.41,0
OI007477,O001564,P0045,2,4468.9,0
OI007478,O001564,P0206,1,1218.7,0
OI007479,O000524,P0131,2,4419.55,5
OI007480,O000524,P0071,1,8668.54,10
OI007481,O001900,P0085,1,557.82,0
OI007482,O001900,P0226,1,1175.86,10
OI007483,O001900,P0080,1,2290.21,10
OI007484,O000286,P0222,1,591.69,0
OI007485,O000286,P0014,1,9625.58,0
OI007486,O000286,P0169,1,868.91,5
OI007487,O000286,P0025,1,24964.59,20
OI007488,O001622,P0132,1,1237.56,10
OI007489,O001603,P0036,1,3928.55,5
OI007490,O001238,P0044,1,3728.15,0
OI007491,O001238,P0185,3,804.9,0
OI007492,O001543,P0194,1,1093.82,0
OI007493,O001760,P0123,1,402.56,10
OI007494,O003056,P0042,1,1854.22,0
OI007495,O003056,P0001,1,17354.67,0
OI007496,O002561,P0014,1,9625.58,0
OI007497,O001003,P0046,1,861.09,0
OI007498,O002270,P0142,1,2815.41,0
OI007499,O002270,P0055,1,1374.35,0
OI007500,O001192,P0158,1,851.38,5
OI007501,O002096,P0076,1,8191.74,0
OI007502,O002096,P0138,1,3724.99,10
OI007503,O001931,P0033,1,1619.39,0
OI007504,O001931,P0161,1,593.3,0
OI007505,O000613,P0238,1,814.17,5
OI007506,O000613,P0215,1,557.83,0
OI007507,O000613,P0059,1,4076.26,0
OI007508,O000424,P0035,2,649.39,0
OI007509,O002752,P0170,2,525.76,10
OI007510,O002752,P0040,1,1983.79,0
OI007511,O000335,P0016,3,27653.48,10
OI007512,O000603,P0065,1,260.18,0
OI007513,O003608,P0023,2,12238.08,10
OI007514,O001218,P0072,1,4574.79,0
OI007515,O001218,P0125,1,6755.25,10
OI007516,O002584,P0072,1,4574.79,0
OI007517,O002584,P0168,1,140.4,10
OI007518,O002052,P0055,1,1374.35,0
OI007519,O000102,P0188,1,387.48,0
OI007520,O000102,P0034,1,961.34,0
OI007521,O003713,P0237,1,111.58,0
OI007522,O003713,P0192,1,2255.96,0
OI007523,O001960,P0221,1,172.01,10
OI007524,O001960,P0135,1,2707.59,0
OI007525,O001583,P0192,1,2255.96,0
OI007526,O002328,P0029,1,4711.37,10
OI007527,O001141,P0017,1,3675.28,5
OI007528,O002577,P0108,1,2164.32,5
OI007529,O002577,P0093,1,847.03,20
OI007530,O002577,P0148,1,1150.31,20
OI007531,O002920,P0155,1,814.67,0
OI007532,O002165,P0182,1,1684.15,0
OI007533,O003077,P0051,1,446.72,0
OI007534,O001550,P0180,1,945.21,0
OI007535,O003334,P0003,1,7696.02,10
OI007536,O000130,P0173,1,457.65,0
OI007537,O001992,P0033,1,1619.39,15
OI007538,O004018,P0189,1,2979.33,0
OI007539,O004018,P0161,1,593.3,0
OI007540,O001262,P0189,2,2979.33,0
OI007541,O001262,P0004,1,3367.3,0
OI007542,O003585,P0033,2,1619.39,0
OI007543,O001417,P0010,2,19891.97,0
OI007544,O003943,P0163,1,958.38,0
OI007545,O004136,P0054,1,2227.8,5
OI007546,O000534,P0013,1,20958.29,10
OI007547,O000534,P0071,1,8668.54,10
OI007548,O000862,P0240,1,1454.49,0
OI007549,O003169,P0183,2,3302.91,0
OI007550,O000028,P0179,1,122.86,0
OI007551,O000306,P0039,2,3923.97,0
OI007552,O000306,P0057,1,4668.58,0
OI007553,O001651,P0219,1,154.51,0
OI007554,O000971,P0034,1,961.34,0
OI007555,O000971,P0184,1,3368.99,5
OI007556,O002471,P0113,1,868.09,0
OI007557,O001949,P0128,1,1434.6,20
OI007558,O000020,P0092,1,2780.61,10
OI007559,O000020,P0218,1,170.95,5
OI007560,O000829,P0239,1,156.01,0
OI007561,O001327,P0033,1,1619.39,0
OI007562,O001901,P0179,1,122.86,5
OI007563,O002722,P0225,1,594.58,0
OI007564,O000156,P0027,1,42325.85,5
OI007565,O002834,P0063,2,2204.83,10
OI007566,O003199,P0096,1,369.0,0
OI007567,O001666,P0184,1,3368.99,5
OI007568,O001666,P0050,1,418.47,15
OI007569,O001753,P0011,1,27843.9,0
OI007570,O003157,P0231,1,219.41,20
OI007571,O003157,P0199,2,3024.68,0
OI007572,O002190,P0195,1,2663.56,20
OI007573,O000322,P0034,1,961.34,0
OI007574,O000322,P0129,1,6571.24,0
OI007575,O000322,P0024,2,14577.63,0
OI007576,O002533,P0107,1,1989.69,0
OI007577,O002533,P0086,1,6161.57,0
OI007578,O000981,P0227,1,664.12,0
OI007579,O003598,P0013,1,20958.29,15
OI007580,O003598,P0105,1,113.68,0
OI007581,O004135,P0065,1,260.18,0
OI007582,O002926,P0102,1,567.72,0
OI007583,O002926,P0051,1,446.72,0
OI007584,O002926,P0001,2,17354.67,10
OI007585,O003811,P0175,1,436.15,0
OI007586,O003811,P0212,1,181.25,0
OI007587,O002062,P0015,2,26984.72,0
OI007588,O002604,P0089,1,6279.25,0
OI007589,O003478,P0184,2,3368.99,0
OI007590,O000535,P0204,1,1452.83,15
OI007591,O000535,P0153,1,752.48,0
OI007592,O002088,P0060,2,4494.03,5
OI007593,O004118,P0240,1,1454.49,0
OI007594,O004118,P0213,1,132.46,0
OI007595,O002597,P0113,1,868.09,0
OI007596,O003329,P0117,1,1772.02,5
OI007597,O003329,P0118,3,665.2,0
OI007598,O003329,P0092,1,2780.61,5
OI007599,O000264,P0102,1,567.72,0
OI007600,O004041,P0232,1,1130.77,0
OI007601,O001023,P0150,1,4472.37,15
OI007602,O003085,P0025,2,24964.59,20
OI007603,O003085,P0157,1,121.82,10
OI007604,O003085,P0138,1,3724.99,5
OI007605,O003085,P0058,1,3276.0,10
OI007606,O002393,P0034,1,961.34,10
OI007607,O003848,P0197,1,1395.26,5
OI007608,O003848,P0019,1,14263.93,5
OI007609,O001952,P0176,2,551.82,0
OI007610,O003955,P0006,1,1709.83,0
OI007611,O003955,P0167,1,111.95,0
OI007612,O003955,P0042,1,1854.22,10
OI007613,O003597,P0154,1,563.67,0
OI007614,O000474,P0023,1,12238.08,10
OI007615,O003677,P0107,1,1989.69,0
OI007616,O001367,P0175,1,436.15,20
OI007617,O001367,P0227,1,664.12,15
OI007618,O003089,P0209,2,1131.26,0
OI007619,O003089,P0176,1,551.82,0
OI007620,O001653,P0191,1,544.85,5
OI007621,O002655,P0019,1,14263.93,5
OI007622,O002655,P0121,1,6600.07,5
OI007623,O002655,P0077,1,1474.07,0
OI007624,O002655,P0097,1,2710.21,0
OI007625,O000078,P0222,2,591.69,0
OI007626,O000078,P0156,2,494.07,0
OI007627,O004005,P0011,1,27843.9,15
OI007628,O001325,P0221,1,172.01,0
OI007629,O001325,P0041,1,4355.59,0
OI007630,O001325,P0150,1,4472.37,0
OI007631,O001325,P0192,2,2255.96,5
OI007632,O003272,P0136,1,5721.72,10
OI007633,O003981,P0056,1,1660.83,0
OI007634,O003981,P0031,1,2125.78,0
OI007635,O001575,P0202,1,1841.6,0
OI007636,O001575,P0008,1,8836.66,0
OI007637,O000895,P0068,1,8496.61,5
OI007638,O001792,P0064,1,7397.53,10
OI007639,O001792,P0216,1,256.34,0
OI007640,O000250,P0190,1,2877.47,0
OI007641,O003542,P0139,1,5647.58,0
OI007642,O001606,P0211,1,1196.79,0
OI007643,O001606,P0071,1,8668.54,0
OI007644,O002249,P0018,1,43480.94,0
OI007645,O002249,P0159,1,467.06,0
OI007646,O002667,P0100,2,2671.55,0
OI007647,O002667,P0101,1,1960.89,0
OI007648,O003883,P0042,1,1854.22,0
OI007649,O003883,P0039,1,3923.97,5
OI007650,O000098,P0146,1,503.35,0
OI007651,O000808,P0021,1,6194.09,0
OI007652,O000808,P0206,2,1218.7,0
OI007653,O002440,P0223,1,1227.56,0
OI007654,O002799,P0052,1,1776.47,0
OI007655,O002799,P0031,1,2125.78,10
OI007656,O001465,P0108,1,2164.32,0
OI007657,O001465,P0125,1,6755.25,15
OI007658,O002010,P0004,1,3367.3,0
OI007659,O002010,P0129,1,6571.24,15
OI007660,O002010,P0015,1,26984.72,0
OI007661,O004011,P0094,1,2468.94,0
OI007662,O002844,P0104,1,393.27,0
OI007663,O001154,P0143,1,4173.48,10
OI007664,O003055,P0227,1,664.12,0
OI007665,O003055,P0095,1,1634.99,0
OI007666,O002172,P0216,1,256.34,0
OI007667,O002751,P0107,1,1989.69,0
OI007668,O002686,P0216,1,256.34,0
OI007669,O003881,P0233,1,1444.15,0
OI007670,O003881,P0101,2,1960.89,0
OI007671,O003461,P0118,1,665.2,0
OI007672,O003461,P0193,1,2611.49,10
OI007673,O003988,P0225,1,594.58,5
OI007674,O003471,P0229,2,65.46,0
OI007675,O003207,P0011,1,27843.9,0
OI007676,O003207,P0099,1,2204.27,0
OI007677,O004178,P0060,2,4494.03,0
OI007678,O003823,P0180,1,945.21,5
OI007679,O003823,P0101,2,1960.89,0
OI007680,O001670,P0239,1,156.01,10
OI007681,O001670,P0040,1,1983.79,10
OI007682,O000678,P0022,1,2319.97,0
OI007683,O000678,P0147,1,5810.42,0
OI007684,O001222,P0132,1,1237.56,0
OI007685,O002149,P0206,1,1218.7,0
OI007686,O001736,P0101,1,1960.89,0
OI007687,O002070,P0093,1,847.03,0
OI007688,O000111,P0093,1,847.03,0
OI007689,O000111,P0016,1,27653.48,5
OI007690,O000111,P0078,1,8872.72,15
OI007691,O002531,P0149,1,5457.96,20
OI007692,O002324,P0074,2,5563.17,15
OI007693,O001073,P0200,2,2664.42,0
OI007694,O001073,P0196,1,3467.19,0
OI007695,O001073,P0201,3,494.46,0
OI007696,O003733,P0066,1,3872.22,0
OI007697,O000096,P0077,2,1474.07,0
OI007698,O000096,P0168,1,140.4,0
OI007699,O001548,P0010,1,19891.97,0
OI007700,O001548,P0113,1,868.09,0
OI007701,O001060,P0111,1,2006.08,0
OI007702,O002925,P0101,1,1960.89,0
OI007703,O000658,P0051,1,446.72,0
OI007704,O000658,P0176,1,551.82,0
OI007705,O001847,P0079,1,6113.79,15
OI007706,O001847,P0155,1,814.67,0
OI007707,O003424,P0198,1,1290.69,5
OI007708,O003424,P0049,1,2755.84,0
OI007709,O000220,P0184,1,3368.99,0
OI007710,O000220,P0058,2,3276.0,15
OI007711,O002819,P0146,2,503.35,20
OI007712,O002819,P0107,1,1989.69,15
OI007713,O000060,P0089,1,6279.25,0
OI007714,O002673,P0003,2,7696.02,0
OI007715,O002673,P0078,1,8872.72,10
OI007716,O003179,P0166,1,419.38,10
OI007717,O003179,P0155,1,814.67,5
OI007718,O002453,P0097,1,2710.21,0
OI007719,O000686,P0043,1,1760.62,0
OI007720,O004169,P0117,3,1772.02,5
OI007721,O004169,P0049,1,2755.84,0
OI007722,O001656,P0034,1,961.34,10
OI007723,O002419,P0217,2,945.42,0
OI007724,O001555,P0044,1,3728.15,5
OI007725,O002078,P0099,1,2204.27,5
OI007726,O001430,P0035,1,649.39,0
OI007727,O001430,P0112,1,370.66,5
OI007728,O001430,P0226,1,1175.86,15
OI007729,O001217,P0214,1,689.22,0
OI007730,O000462,P0031,1,2125.78,20
OI007731,O000462,P0023,1,12238.08,0
OI007732,O002551,P0076,1,8191.74,0
OI007733,O004073,P0038,1,3621.23,0
OI007734,O002858,P0066,2,3872.22,0
OI007735,O002858,P0056,1,1660.83,0
OI007736,O002981,P0202,1,1841.6,0
OI007737,O002981,P0106,1,1690.33,0
OI007738,O001214,P0171,1,541.45,0
OI007739,O002392,P0036,1,3928.55,5
OI007740,O002392,P0236,1,66.62,0
OI007741,O003227,P0213,1,132.46,20
OI007742,O003485,P0190,1,2877.47,15
OI007743,O000660,P0088,1,5876.52,0
OI007744,O003699,P0168,1,140.4,5
OI007745,O003699,P0143,1,4173.48,5
OI007746,O003699,P0179,1,122.86,0
OI007747,O000696,P0083,1,993.55,10
OI007748,O002499,P0069,1,4764.36,0
OI007749,O002499,P0173,1,457.65,10
OI007750,O004129,P0039,1,3923.97,0
OI007751,O001721,P0026,1,43655.64,5
OI007752,O001721,P0174,1,670.58,0
OI007753,O001388,P0132,2,1237.56,0
OI007754,O002693,P0218,1,170.95,0
OI007755,O000328,P0132,1,1237.56,0
OI007756,O000328,P0163,2,958.38,15
OI007757,O004051,P0227,1,664.12,0
OI007758,O002854,P0011,1,27843.9,0
OI007759,O003712,P0137,1,6108.38,0
OI007760,O003712,P0189,1,2979.33,5
OI007761,O001576,P0127,1,6001.62,10
OI007762,O002709,P0153,1,752.48,0
OI007763,O002709,P0176,2,551.82,0
OI007764,O000693,P0159,1,467.06,0
OI007765,O000693,P0026,1,43655.64,0
OI007766,O000693,P0190,1,2877.47,10
OI007767,O001581,P0160,1,239.79,5
OI007768,O001581,P0239,1,156.01,0
OI007769,O002258,P0105,1,113.68,0
OI007770,O002258,P0038,1,3621.23,5
OI007771,O003714,P0164,1,597.92,0
OI007772,O004156,P0062,2,2997.43,0
OI007773,O000374,P0186,1,486.61,0
OI007774,O001379,P0080,1,2290.21,0
OI007775,O001379,P0233,2,1444.15,0
OI007776,O003111,P0211,2,1196.79,0
OI007777,O003773,P0183,2,3302.91,15
OI007778,O003773,P0022,1,2319.97,0
OI007779,O003773,P0169,2,868.91,15
OI007780,O003780,P0154,2,563.67,5
OI007781,O003780,P0147,1,5810.42,0
OI007782,O003780,P0175,1,436.15,0
OI007783,O001554,P0098,1,1082.19,0
OI007784,O003765,P0068,1,8496.61,0
OI007785,O003765,P0057,1,4668.58,10
OI007786,O003765,P0052,1,1776.47,0
OI007787,O002775,P0144,1,3418.51,0
OI007788,O000045,P0087,2,4705.42,5
OI007789,O000045,P0207,1,3333.53,0
OI007790,O000671,P0062,1,2997.43,5
OI007791,O001087,P0228,1,210.24,15
OI007792,O001087,P0035,2,649.39,0
OI007793,O001087,P0185,1,804.9,0
OI007794,O000908,P0073,1,2705.6,0
OI007795,O000614,P0118,1,665.2,0
OI007796,O000614,P0048,1,3922.55,10
OI007797,O000614,P0228,1,210.24,0
OI007798,O001359,P0094,1,2468.94,20
OI007799,O001359,P0171,1,541.45,5
OI007800,O003634,P0015,2,26984.72,0
OI007801,O002183,P0094,1,2468.94,0
OI007802,O003742,P0137,1,6108.38,0
OI007803,O003708,P0061,2,7304.47,0
OI007804,O000015,P0058,1,3276.0,0
OI007805,O000015,P0063,1,2204.83,10
OI007806,O003171,P0067,1,1253.82,0
OI007807,O000956,P0052,1,1776.47,20
OI007808,O002562,P0209,2,1131.26,0
OI007809,O002562,P0009,2,14247.51,5
OI007810,O003309,P0208,1,2265.65,0
OI007811,O003309,P0177,2,691.82,0
OI007812,O000407,P0062,1,2997.43,20
OI007813,O000407,P0020,1,31043.1,0
OI007814,O000407,P0021,1,6194.09,5
OI007815,O001167,P0181,1,1449.37,0
OI007816,O001167,P0214,1,689.22,0
OI007817,O000063,P0094,1,2468.94,0
OI007818,O000063,P0218,2,170.95,0
OI007819,O001247,P0172,1,254.88,0
OI007820,O001247,P0136,1,5721.72,0
OI007821,O002451,P0128,2,1434.6,10
OI007822,O002383,P0104,1,393.27,0
OI007823,O002383,P0008,1,8836.66,5
OI007824,O000612,P0096,1,369.0,0
OI007825,O003666,P0185,1,804.9,0
OI007826,O001121,P0069,1,4764.36,0
OI007827,O001121,P0095,1,1634.99,0
OI007828,O001616,P0222,1,591.69,0
OI007829,O003592,P0120,1,1970.87,0
OI007830,O003592,P0200,1,2664.42,5
OI007831,O001839,P0187,1,465.38,5
OI007832,O002545,P0100,1,2671.55,0
OI007833,O003788,P0235,1,373.21,0
OI007834,O001499,P0177,1,691.82,15
OI007835,O000453,P0145,1,2218.83,20
OI007836,O000453,P0173,1,457.65,0
OI007837,O001312,P0069,1,4764.36,0
OI007838,O001618,P0128,1,1434.6,0
OI007839,O001618,P0085,1,557.82,10
OI007840,O002662,P0204,1,1452.83,0
OI007841,O002662,P0117,1,1772.02,0
OI007842,O002662,P0103,2,1857.64,10
OI007843,O001739,P0151,1,145.51,0
OI007844,O002075,P0183,1,3302.91,0
OI007845,O000978,P0230,1,130.64,10
OI007846,O000978,P0185,1,804.9,10
OI007847,O000978,P0205,1,3182.03,0
OI007848,O000242,P0069,1,4764.36,0
OI007849,O000242,P0185,1,804.9,20
OI007850,O001264,P0198,1,1290.69,10
OI007851,O001264,P0231,1,219.41,15
OI007852,O001967,P0235,1,373.21,0
OI007853,O003473,P0163,1,958.38,5
OI007854,O003001,P0086,2,6161.57,0
OI007855,O003001,P0052,1,1776.47,5
OI007856,O001879,P0093,1,847.03,0
OI007857,O003870,P0062,1,2997.43,5
OI007858,O002552,P0112,1,370.66,5
OI007859,O002552,P0095,1,1634.99,0
OI007860,O002389,P0145,1,2218.83,15
OI007861,O002431,P0121,1,6600.07,0
OI007862,O002431,P0220,1,1073.05,0
OI007863,O000645,P0070,1,3398.94,0
OI007864,O000645,P0101,1,1960.89,10
OI007865,O002219,P0099,1,2204.27,0
OI007866,O003851,P0239,1,156.01,0
OI007867,O000885,P0187,2,465.38,0
OI007868,O001845,P0153,1,752.48,10
OI007869,O003110,P0199,2,3024.68,10
OI007870,O003110,P0129,1,6571.24,0
OI007871,O002387,P0098,1,1082.19,10
OI007872,O002387,P0207,1,3333.53,5
OI007873,O001336,P0017,1,3675.28,0
OI007874,O000120,P0111,3,2006.08,0
OI007875,O002637,P0054,1,2227.8,5
OI007876,O003260,P0232,1,1130.77,0
OI007877,O003260,P0072,1,4574.79,0
OI007878,O002146,P0033,1,1619.39,0
OI007879,O001268,P0021,1,6194.09,0
OI007880,O001074,P0046,1,861.09,0
OI007881,O002963,P0088,1,5876.52,15
OI007882,O003797,P0074,1,5563.17,5
OI007883,O003571,P0095,1,1634.99,0
OI007884,O000027,P0006,2,1709.83,20
OI007885,O000027,P0138,2,3724.99,0
OI007886,O002319,P0179,1,122.86,15
OI007887,O002319,P0233,2,1444.15,20
OI007888,O001253,P0003,1,7696.02,5
OI007889,O001253,P0147,2,5810.42,0
OI007890,O003271,P0086,2,6161.57,0
OI007891,O003271,P0237,1,111.58,0
OI007892,O003843,P0215,1,557.83,0
OI007893,O001226,P0240,1,1454.49,20
OI007894,O001226,P0159,1,467.06,10
OI007895,O002993,P0235,1,373.21,0
OI007896,O002317,P0079,1,6113.79,0
OI007897,O002317,P0131,1,4419.55,0
OI007898,O002681,P0023,1,12238.08,0
OI007899,O001066,P0209,2,1131.26,0
OI007900,O001066,P0088,1,5876.52,5
OI007901,O003127,P0048,1,3922.55,0
OI007902,O001038,P0195,2,2663.56,15
OI007903,O001038,P0103,2,1857.64,10
OI007904,O004091,P0153,1,752.48,10
OI007905,O004091,P0037,1,324.95,5
OI007906,O000861,P0083,1,993.55,0
OI007907,O003617,P0202,1,1841.6,0
OI007908,O000752,P0096,2,369.0,5
OI007909,O000752,P0148,2,1150.31,5
OI007910,O001936,P0098,1,1082.19,0
OI007911,O001936,P0102,2,567.72,0
OI007912,O001936,P0078,1,8872.72,5
OI007913,O002282,P0217,1,945.42,0
OI007914,O004003,P0115,2,2685.94,0
OI007915,O004003,P0047,1,3874.69,0
OI007916,O000919,P0029,1,4711.37,0
OI007917,O000919,P0219,1,154.51,0
OI007918,O001278,P0237,1,111.58,0
OI007919,O001913,P0062,1,2997.43,0
OI007920,O001913,P0004,1,3367.3,5
OI007921,O002477,P0117,2,1772.02,0
OI007922,O003262,P0223,1,1227.56,0
OI007923,O002657,P0071,1,8668.54,0
OI007924,O003394,P0035,1,649.39,0
OI007925,O003394,P0062,1,2997.43,5
OI007926,O003040,P0095,1,1634.99,20
OI007927,O001542,P0199,1,3024.68,0
OI007928,O001542,P0184,1,3368.99,0
OI007929,O001082,P0151,1,145.51,10
OI007930,O001082,P0031,1,2125.78,0
OI007931,O003289,P0069,1,4764.36,0
OI007932,O003289,P0047,1,3874.69,0
OI007933,O002304,P0099,1,2204.27,0
OI007934,O002304,P0032,1,4194.07,0
OI007935,O003104,P0239,1,156.01,10
OI007936,O003104,P0209,1,1131.26,0
OI007937,O004133,P0074,1,5563.17,0
OI007938,O004133,P0014,1,9625.58,0
OI007939,O001740,P0171,1,541.45,0
OI007940,O002940,P0068,3,8496.61,10
OI007941,O002009,P0167,1,111.95,0
OI007942,O003720,P0140,1,5002.18,0
OI007943,O001999,P0150,1,4472.37,0
OI007944,O003330,P0051,1,446.72,0
OI007945,O003737,P0064,3,7397.53,20
OI007946,O003737,P0203,1,1221.17,10
OI007947,O003410,P0230,1,130.64,5
OI007948,O003375,P0041,1,4355.59,0
OI007949,O002715,P0107,1,1989.69,20
OI007950,O002072,P0210,2,2401.94,0
OI007951,O001175,P0030,2,2799.05,0
OI007952,O001175,P0078,1,8872.72,0
OI007953,O001175,P0199,3,3024.68,0
OI007954,O000185,P0082,1,5774.06,15
OI007955,O000185,P0227,1,664.12,0
OI007956,O001328,P0080,1,2290.21,0
OI007957,O000425,P0055,1,1374.35,0
OI007958,O000555,P0184,1,3368.99,0
OI007959,O000945,P0208,1,2265.65,0
OI007960,O000945,P0015,1,26984.72,0
OI007961,O003161,P0116,1,2403.95,0
OI007962,O001040,P0146,1,503.35,0
OI007963,O001040,P0106,1,1690.33,0
OI007964,O000655,P0057,2,4668.58,0
OI007965,O003370,P0169,1,868.91,0
OI007966,O000488,P0198,2,1290.69,0
OI007967,O001352,P0118,1,665.2,20
OI007968,O000927,P0058,1,3276.0,0
OI007969,O001639,P0027,1,42325.85,15
OI007970,O002613,P0233,1,1444.15,0
OI007971,O003612,P0175,1,436.15,10
OI007972,O003612,P0232,3,1130.77,0
OI007973,O001108,P0005,1,27369.28,0
OI007974,O001108,P0008,1,8836.66,5
OI007975,O001108,P0137,1,6108.38,0
OI007976,O001108,P0166,2,419.38,5
OI007977,O002624,P0176,2,551.82,20
OI007978,O001449,P0188,1,387.48,10
OI007979,O001540,P0032,1,4194.07,0
OI007980,O001540,P0127,3,6001.62,0
OI007981,O003692,P0136,1,5721.72,0
OI007982,O003692,P0211,1,1196.79,5
OI007983,O002885,P0092,1,2780.61,0
OI007984,O000469,P0236,1,66.62,5
OI007985,O000119,P0043,1,1760.62,0
OI007986,O000119,P0037,1,324.95,0
OI007987,O002353,P0239,1,156.01,0
OI007988,O002353,P0031,1,2125.78,0
OI007989,O002611,P0021,1,6194.09,0
OI007990,O001158,P0095,1,1634.99,10
OI007991,O003893,P0187,1,465.38,5
OI007992,O002659,P0141,1,6262.04,0
OI007993,O003648,P0115,1,2685.94,10
OI007994,O001306,P0024,1,14577.63,0
OI007995,O001322,P0235,1,373.21,15
OI007996,O003209,P0239,1,156.01,0
OI007997,O003368,P0143,1,4173.48,10
OI007998,O003946,P0072,3,4574.79,5
OI007999,O003946,P0082,1,5774.06,15
OI008000,O003738,P0041,2,4355.59,10
