order_id,customer_id,order_date,order_status
O000001,C00374,2023-01-03,Delivered
O000002,C00227,2023-02-10,Cancelled
O000003,C01266,2023-11-15,Delivered
O000004,C01435,2024-11-09,Shipped
O000005,C00385,2024-01-16,Delivered
O000006,C00312,2023-12-01,Delivered
O000007,C00578,2023-03-18,Delivered
O000008,C00898,2024-04-05,Cancelled
O000009,C00477,2024-09-01,Delivered
O000010,C00031,2023-10-05,Delivered
O000011,C00701,2024-07-07,Delivered
O000012,C01021,2024-12-10,Delivered
O000013,C01428,2023-06-15,Returned
O000014,C00677,2023-12-02,Delivered
O000015,C01538,2023-07-27,Delivered
O000016,C00546,2024-07-02,Returned
O000017,C00963,2024-02-13,Delivered
O000018,C00513,2024-03-07,Returned
O000019,C00026,2024-08-13,Delivered
O000020,C00510,2023-10-25,Delivered
O000021,C00908,2024-11-25,Delivered
O000022,C00069,2024-01-24,Delivered
O000023,C00427,2023-05-15,Delivered
O000024,C01396,2024-05-13,Delivered
O000025,C00325,2024-07-11,Cancelled
O000026,C01067,2023-08-24,Delivered
O000027,C00986,2024-10-09,Cancelled
O000028,C00407,2024-11-10,Delivered
O000029,C00232,2023-07-02,Delivered
O000030,C00890,2024-12-21,Delivered
O000031,C01198,2023-04-01,Delivered
O000032,C00498,2023-06-13,Delivered
O000033,C00318,2023-05-02,Delivered
O000034,C00184,2024-11-25,Delivered
O000035,C01024,2024-04-06,Delivered
O000036,C01267,2023-04-22,Delivered
O000037,C01281,2023-11-25,Delivered
O000038,C00729,2024-03-02,Cancelled
O000039,C01099,2023-03-05,Returned
O000040,C00258,2024-11-04,Delivered
O000041,C00649,2024-08-08,Shipped
O000042,C01321,2023-12-26,Returned
O000043,C00899,2024-12-12,Cancelled
O000044,C00734,2023-11-07,Cancelled
O000045,C00514,2024-12-05,Delivered
O000046,C01448,2024-04-16,Delivered
O000047,C00604,2024-03-18,Shipped
O000048,C01004,2023-05-23,Delivered
O000049,C00383,2024-11-19,Shipped
O000050,C00663,2023-11-12,Cancelled
O000051,C00564,2023-05-15,Returned
O000052,C01227,2023-01-27,Returned
O000053,C00329,2024-01-18,Delivered
O000054,C00318,2023-12-17,Delivered
O000055,C00540,2024-05-10,Shipped
O000056,C00930,2024-11-12,Delivered
O000057,C01307,2023-03-25,Shipped
O000058,C01503,2024-06-13,Delivered
O000059,C01271,2023-05-01,Delivered
O000060,C01477,2024-10-11,Delivered
O000061,C01104,2024-09-22,Returned
O000062,C00389,2024-01-13,Shipped
O000063,C01019,2024-05-22,Returned
O000064,C00580,2023-08-18,Delivered
O000065,C00227,2023-12-14,Delivered
O000066,C01350,2024-09-17,Delivered
O000067,C00266,2023-11-02,Delivered
O000068,C00065,2023-09-28,Delivered
O000069,C00995,2023-12-04,Delivered
O000070,C00066,2024-09-04,Shipped
O000071,C00796,2023-09-21,Cancelled
O000072,C01278,2023-05-16,Cancelled
O000073,C00525,2024-05-19,Delivered
O000074,C00453,2024-09-12,Shipped
O000075,C00146,2023-03-23,Delivered
O000076,C01007,2023-06-07,Returned
O000077,C01309,2023-04-03,Delivered
O000078,C01523,2023-09-12,Delivered
O000079,C01451,2023-11-27,Delivered
O000080,C01264,2024-06-27,Delivered
O000081,C00084,2024-04-17,Cancelled
O000082,C00623,2024-03-03,Delivered
O000083,C01064,2023-09-07,Delivered
O000084,C01486,2024-10-04,Delivered
O000085,C00790,2023-12-18,Delivered
O000086,C01078,2024-12-07,Cancelled
O000087,C01168,2024-03-08,Cancelled
O000088,C00217,2023-04-06,Returned
O000089,C01181,2024-04-21,Delivered
O000090,C00940,2023-08-22,Cancelled
O000091,C00875,2024-05-22,Delivered
O000092,C01127,2023-02-06,Delivered
O000093,C00692,2023-05-17,Cancelled
O000094,C01094,2024-10-06,Shipped
O000095,C01127,2023-06-15,Delivered
O000096,C00762,2024-09-28,Delivered
O000097,C01297,2023-07-25,Delivered
O000098,C01487,2024-03-27,Delivered
O000099,C01118,2024-05-20,Delivered
O000100,C01569,2023-12-13,Shipped
O000101,C00521,2023-08-24,Delivered
O000102,C00001,2023-06-15,Cancelled
O000103,C01221,2023-01-02,Delivered
O000104,C00277,2023-08-17,Delivered
O000105,C00616,2024-04-01,Delivered
O000106,C00645,2024-11-07,Delivered
O000107,C01413,2024-10-25,Returned
O000108,C01134,2024-06-09,Shipped
O000109,C01169,2024-07-18,Shipped
O000110,C00194,2024-04-05,Delivered
O000111,C00729,2023-07-15,Delivered
O000112,C00543,2024-11-05,Delivered
O000113,C00512,2024-04-19,Delivered
O000114,C00616,2024-01-09,Delivered
O000115,C01504,2023-03-19,Delivered
O000116,C00665,2023-11-24,Returned
O000117,C00355,2023-11-16,Delivered
O000118,C01413,2024-10-27,Cancelled
O000119,C00196,2024-01-19,Shipped
O000120,C00616,2023-10-21,Delivered
O000121,C01181,2024-12-24,Delivered
O000122,C00115,2023-03-03,Returned
O000123,C00713,2023-11-11,Returned
O000124,C00854,2023-02-14,Returned
O000125,C01578,2024-06-04,Delivered
O000126,C01337,2024-11-24,Returned
O000127,C00024,2023-07-20,Cancelled
O000128,C01295,2024-10-25,Delivered
O000129,C00625,2023-07-02,Shipped
O000130,C00654,2024-11-02,Shipped
O000131,C00670,2024-06-19,Shipped
O000132,C00453,2024-08-23,Delivered
O000133,C01380,2023-01-02,Cancelled
O000134,C00913,2024-12-13,Returned
O000135,C01179,2024-06-20,Shipped
O000136,C00455,2023-08-03,Delivered
O000137,C00808,2024-09-10,Delivered
O000138,C00689,2023-07-05,Delivered
O000139,C01171,2024-10-16,Cancelled
O000140,C00818,2023-03-02,Delivered
O000141,C00817,2024-05-03,Shipped
O000142,C01585,2024-01-14,Cancelled
O000143,C00277,2023-03-05,Delivered
O000144,C00406,2023-06-18,Delivered
O000145,C01171,2023-01-13,Delivered
O000146,C01262,2023-11-18,Cancelled
O000147,C00505,2023-08-17,Delivered
O000148,C00546,2024-02-03,Returned
O000149,C01180,2023-08-14,Delivered
O000150,C01376,2023-08-04,Delivered
O000151,C00749,2024-06-14,Delivered
O000152,C01577,2023-02-07,Delivered
O000153,C00717,2024-11-06,Shipped
O000154,C00906,2024-10-27,Shipped
O000155,C00903,2024-04-05,Delivered
O000156,C00479,2024-02-27,Delivered
O000157,C00766,2024-11-22,Delivered
O000158,C00176,2023-05-25,Delivered
O000159,C00498,2023-03-24,Shipped
O000160,C00029,2023-06-05,Delivered
O000161,C00228,2024-07-23,Delivered
O000162,C00680,2023-01-15,Delivered
O000163,C01102,2024-02-24,Delivered
O000164,C01120,2024-12-07,Shipped
O000165,C00530,2024-10-25,Shipped
O000166,C00290,2023-12-16,Cancelled
O000167,C01194,2023-02-23,Cancelled
O000168,C00090,2024-09-17,Delivered
O000169,C00124,2024-02-06,Delivered
O000170,C01427,2023-03-07,Shipped
O000171,C00109,2023-03-09,Delivered
O000172,C00018,2024-11-21,Delivered
O000173,C01353,2024-04-13,Delivered
O000174,C01352,2024-09-22,Delivered
O000175,C00221,2024-11-28,Delivered
O000176,C01330,2024-02-10,Delivered
O000177,C00780,2023-12-08,Shipped
O000178,C00204,2023-11-23,Delivered
O000179,C01089,2023-08-16,Delivered
O000180,C00408,2023-11-06,Shipped
O000181,C01460,2024-06-15,Delivered
O000182,C00507,2024-02-02,Shipped
O000183,C00684,2024-11-10,Delivered
O000184,C01525,2023-11-13,Delivered
O000185,C00711,2024-02-01,Cancelled
O000186,C00728,2024-03-12,Cancelled
O000187,C00565,2024-02-10,Returned
O000188,C01282,2024-05-02,Delivered
O000189,C00061,2023-06-13,Shipped
O000190,C00462,2023-12-09,Delivered
O000191,C00805,2023-03-11,Cancelled
O000192,C00180,2023-10-05,Cancelled
O000193,C01067,2023-12-13,Cancelled
O000194,C01282,2024-04-20,Cancelled
O000195,C00855,2024-12-08,Delivered
O000196,C00874,2024-02-19,Delivered
O000197,C00675,2024-06-20,Delivered
O000198,C00424,2023-12-18,Cancelled
O000199,C01109,2024-03-05,Cancelled
O000200,C00415,2023-02-26,Returned
O000201,C01411,2023-07-05,Cancelled
O000202,C00277,2023-09-17,Delivered
O000203,C00298,2023-12-25,Cancelled
O000204,C00651,2023-02-19,Delivered
O000205,C01092,2023-04-18,Cancelled
O000206,C00378,2023-07-04,Delivered
O000207,C00299,2024-12-27,Cancelled
O000208,C01568,2023-08-01,Delivered
O000209,C00843,2023-12-14,Delivered
O000210,C01305,2023-06-15,Cancelled
O000211,C00312,2024-03-09,Returned
O000212,C00379,2023-07-07,Delivered
O000213,C01264,2023-06-25,Delivered
O000214,C00473,2023-12-20,Shipped
O000215,C00736,2023-01-08,Delivered
O000216,C00977,2023-01-23,Delivered
O000217,C00961,2023-06-17,Cancelled
O000218,C00766,2023-01-21,Delivered
O000219,C01007,2023-03-28,Delivered
O000220,C00396,2023-09-05,Delivered
O000221,C01566,2024-08-02,Delivered
O000222,C00846,2024-02-09,Delivered
O000223,C00416,2023-12-24,Returned
O000224,C00900,2023-08-07,Returned
O000225,C01004,2024-11-20,Cancelled
O000226,C00938,2023-10-11,Delivered
O000227,C00086,2023-03-14,Shipped
O000228,C00780,2024-03-24,Cancelled
O000229,C00808,2023-03-11,Shipped
O000230,C01099,2023-09-24,Shipped
O000231,C00079,2023-12-21,Shipped
O000232,C00925,2024-10-04,Delivered
O000233,C01102,2023-12-27,Delivered
O000234,C00081,2024-05-24,Shipped
O000235,C01058,2024-12-13,Returned
O000236,C00389,2023-04-21,Delivered
O000237,C00816,2023-07-15,Delivered
O000238,C00945,2023-10-25,Delivered
O000239,C01414,2023-11-14,Shipped
O000240,C00950,2023-11-05,Returned
O000241,C00926,2024-11-21,Delivered
O000242,C01026,2024-05-24,Delivered
O000243,C01595,2024-02-06,Shipped
O000244,C01120,2023-08-23,Delivered
O000245,C00847,2024-09-13,Delivered
O000246,C00052,2024-12-15,Delivered
O000247,C01209,2024-09-15,Cancelled
O000248,C00513,2023-01-07,Delivered
O000249,C01329,2024-03-23,Cancelled
O000250,C00187,2023-02-26,Delivered
O000251,C00921,2023-07-23,Cancelled
O000252,C00175,2023-02-12,Shipped
O000253,C01489,2024-02-23,Returned
O000254,C01254,2024-05-17,Delivered
O000255,C01128,2023-03-13,Delivered
O000256,C01574,2023-10-02,Delivered
O000257,C01351,2023-11-11,Returned
O000258,C00333,2023-09-05,Returned
O000259,C00367,2023-04-05,Returned
O000260,C00106,2023-11-23,Delivered
O000261,C00634,2024-06-10,Cancelled
O000262,C00914,2023-02-25,Delivered
O000263,C00371,2023-03-21,Delivered
O000264,C00416,2023-09-05,Delivered
O000265,C01568,2024-12-20,Delivered
O000266,C00940,2024-04-01,Delivered
O000267,C01022,2024-04-28,Shipped
O000268,C01011,2023-09-26,Delivered
O000269,C01206,2024-02-07,Cancelled
O000270,C00840,2023-01-16,Delivered
O000271,C01232,2024-03-03,Shipped
O000272,C00502,2024-11-01,Shipped
O000273,C01270,2024-03-09,Cancelled
O000274,C00426,2024-10-18,Delivered
O000275,C00304,2024-05-06,Delivered
O000276,C00298,2023-04-21,Returned
O000277,C01367,2024-11-02,Shipped
O000278,C00180,2023-02-27,Delivered
O000279,C00854,2024-01-04,Delivered
O000280,C01252,2023-04-06,Cancelled
O000281,C01219,2023-01-23,Shipped
O000282,C01152,2023-11-26,Delivered
O000283,C00074,2023-08-15,Delivered
O000284,C00613,2023-12-25,Delivered
O000285,C00777,2024-02-12,Returned
O000286,C01554,2023-02-03,Delivered
O000287,C01128,2023-04-27,Delivered
O000288,C00965,2024-01-10,Delivered
O000289,C01075,2023-09-04,Delivered
O000290,C00429,2024-06-23,Shipped
O000291,C00224,2024-04-02,Shipped
O000292,C01289,2024-10-24,Shipped
O000293,C00991,2024-05-03,Cancelled
O000294,C01239,2023-11-23,Returned
O000295,C00589,2024-04-23,Delivered
O000296,C00649,2023-07-20,Delivered
O000297,C01277,2023-08-17,Delivered
O000298,C01259,2024-07-05,Shipped
O000299,C01065,2023-11-16,Cancelled
O000300,C01020,2024-08-21,Delivered
O000301,C00369,2024-09-26,Shipped
O000302,C01452,2024-10-08,Delivered
O000303,C00004,2024-11-07,Delivered
O000304,C00953,2023-11-01,Cancelled
O000305,C00242,2023-08-26,Cancelled
O000306,C00425,2024-02-28,Returned
O000307,C00850,2023-10-20,Delivered
O000308,C00684,2024-02-02,Delivered
O000309,C01306,2024-05-18,Delivered
O000310,C01312,2024-05-01,Delivered
O000311,C00522,2023-10-23,Returned
O000312,C00615,2023-05-03,Shipped
O000313,C00664,2023-11-18,Returned
O000314,C00234,2023-04-01,Cancelled
O000315,C00700,2024-11-11,Delivered
O000316,C01166,2023-09-24,Shipped
O000317,C00360,2023-05-01,Delivered
O000318,C00972,2023-01-11,Returned
O000319,C01323,2024-03-02,Delivered
O000320,C00319,2024-03-16,Cancelled
O000321,C01100,2023-09-15,Delivered
O000322,C00115,2023-02-15,Returned
O000323,C01158,2023-11-17,Cancelled
O000324,C00647,2023-08-22,Shipped
O000325,C00039,2024-04-18,Delivered
O000326,C00680,2024-02-19,Returned
O000327,C00725,2023-09-26,Delivered
O000328,C00575,2023-06-05,Returned
O000329,C00695,2024-12-01,Delivered
O000330,C00340,2023-11-21,Shipped
O000331,C00798,2024-05-20,Delivered
O000332,C01445,2023-04-20,Returned
O000333,C01454,2023-12-11,Delivered
O000334,C00487,2023-01-09,Delivered
O000335,C00620,2023-12-15,Delivered
O000336,C00620,2024-12-17,Delivered
O000337,C00767,2023-10-04,Returned
O000338,C00414,2023-02-02,Delivered
O000339,C01037,2023-01-15,Delivered
O000340,C00989,2023-10-26,Shipped
O000341,C00697,2023-05-05,Delivered
O000342,C00636,2023-01-24,Returned
O000343,C00294,2024-06-11,Returned
O000344,C01386,2023-11-28,Delivered
O000345,C00941,2023-07-07,Delivered
O000346,C01070,2024-11-23,Delivered
O000347,C01218,2023-04-01,Returned
O000348,C00683,2024-12-03,Delivered
O000349,C00212,2023-08-02,Shipped
O000350,C01350,2024-11-25,Cancelled
O000351,C00047,2024-02-10,Shipped
O000352,C00640,2024-09-25,Cancelled
O000353,C00658,2024-12-07,Delivered
O000354,C00587,2023-07-07,Delivered
O000355,C00654,2024-12-18,Returned
O000356,C00241,2023-10-15,Delivered
O000357,C00323,2023-10-05,Delivered
O000358,C00032,2023-09-04,Shipped
O000359,C01053,2024-01-18,Delivered
O000360,C01112,2023-05-07,Delivered
O000361,C00653,2024-01-18,Delivered
O000362,C00581,2024-01-05,Shipped
O000363,C00351,2024-06-08,Delivered
O000364,C01256,2024-09-10,Delivered
O000365,C00909,2023-11-18,Delivered
O000366,C00060,2023-08-05,Delivered
O000367,C00217,2023-07-22,Delivered
O000368,C00177,2023-06-02,Delivered
O000369,C00367,2023-02-13,Cancelled
O000370,C01214,2023-09-20,Cancelled
O000371,C01414,2023-07-27,Cancelled
O000372,C01263,2024-12-15,Delivered
O000373,C00406,2024-01-10,Cancelled
O000374,C01374,2023-09-25,Returned
O000375,C00161,2024-02-18,Returned
O000376,C00191,2023-04-25,Returned
O000377,C01431,2023-11-26,Delivered
O000378,C00934,2024-03-04,Delivered
O000379,C01455,2023-12-22,Returned
O000380,C00475,2023-10-15,Delivered
O000381,C01264,2024-12-05,Delivered
O000382,C00803,2024-11-12,Delivered
O000383,C00677,2024-03-23,Returned
O000384,C00666,2024-01-28,Delivered
O000385,C00134,2024-03-16,Delivered
O000386,C00720,2023-06-04,Delivered
O000387,C00350,2023-10-15,Delivered
O000388,C00714,2023-02-25,Shipped
O000389,C00261,2023-12-19,Shipped
O000390,C01463,2024-01-04,Returned
O000391,C00668,2023-06-04,Shipped
O000392,C00146,2024-12-21,Returned
O000393,C01092,2024-11-10,Delivered
O000394,C01210,2024-05-13,Delivered
O000395,C01272,2024-01-08,Delivered
O000396,C00326,2024-10-18,Delivered
O000397,C00427,2023-04-13,Returned
O000398,C01211,2024-07-23,Delivered
O000399,C01116,2023-04-26,Cancelled
O000400,C00355,2024-07-08,Cancelled
O000401,C01515,2023-07-22,Cancelled
O000402,C00997,2024-11-19,Delivered
O000403,C01221,2024-12-19,Delivered
O000404,C00200,2023-04-11,Returned
O000405,C00361,2023-11-15,Delivered
O000406,C00143,2024-12-13,Shipped
O000407,C01222,2023-12-04,Returned
O000408,C00777,2024-10-27,Delivered
O000409,C01321,2024-02-16,Cancelled
O000410,C00186,2023-10-02,Delivered
O000411,C01547,2023-07-27,Cancelled
O000412,C00001,2023-06-26,Returned
O000413,C00928,2024-06-05,Shipped
O000414,C00799,2023-10-10,Shipped
O000415,C00422,2023-12-19,Cancelled
O000416,C01168,2023-12-11,Returned
O000417,C00624,2024-02-22,Delivered
O000418,C00706,2024-10-23,Delivered
O000419,C00017,2024-12-19,Shipped
O000420,C00828,2023-10-17,Returned
O000421,C00603,2024-09-05,Delivered
O000422,C00109,2024-06-12,Delivered
O000423,C00736,2024-02-23,Delivered
O000424,C00578,2024-12-28,Returned
O000425,C00885,2023-06-01,Cancelled
O000426,C00808,2023-03-19,Cancelled
O000427,C01458,2024-10-11,Delivered
O000428,C00782,2023-11-13,Delivered
O000429,C00433,2024-10-18,Cancelled
O000430,C00973,2024-11-06,Delivered
O000431,C00788,2023-02-07,Returned
O000432,C00855,2024-11-12,Delivered
O000433,C01373,2023-11-10,Delivered
O000434,C00024,2023-12-05,Delivered
O000435,C00033,2024-03-21,Delivered
O000436,C00997,2024-11-24,Cancelled
O000437,C00934,2023-01-14,Returned
O000438,C00872,2023-12-23,Shipped
O000439,C01044,2024-05-06,Delivered
O000440,C00922,2024-05-18,Delivered
O000441,C00463,2024-05-12,Delivered
O000442,C01021,2023-04-14,Returned
O000443,C01459,2023-08-24,Shipped
O000444,C00842,2023-09-09,Shipped
O000445,C00752,2024-08-19,Delivered
O000446,C01164,2023-07-02,Delivered
O000447,C00232,2023-06-23,Shipped
O000448,C01415,2024-12-16,Delivered
O000449,C01538,2023-01-05,Returned
O000450,C00953,2024-12-09,Shipped
O000451,C01072,2024-04-03,Shipped
O000452,C00503,2024-09-03,Delivered
O000453,C01360,2023-08-21,Cancelled
O000454,C01298,2023-01-03,Shipped
O000455,C00640,2024-06-26,Shipped
O000456,C00704,2024-09-02,Shipped
O000457,C00023,2024-06-25,Delivered
O000458,C01050,2023-04-15,Delivered
O000459,C01503,2024-06-19,Delivered
O000460,C00723,2024-06-14,Returned
O000461,C00593,2024-04-10,Delivered
O000462,C01424,2024-06-02,Shipped
O000463,C00623,2024-10-24,Cancelled
O000464,C01155,2024-03-26,Delivered
O000465,C01174,2023-03-02,Delivered
O000466,C00598,2023-12-22,Returned
O000467,C00056,2023-03-24,Delivered
O000468,C00169,2023-10-16,Delivered
O000469,C00517,2023-10-17,Delivered
O000470,C00576,2023-02-20,Delivered
O000471,C00527,2023-09-28,Delivered
O000472,C00229,2023-03-24,Shipped
O000473,C01212,2024-08-06,Cancelled
O000474,C01350,2024-12-05,Delivered
O000475,C00371,2023-02-12,Returned
O000476,C00068,2024-12-17,Delivered
O000477,C00298,2023-12-03,Shipped
O000478,C01016,2023-08-27,Returned
O000479,C01578,2023-02-14,Delivered
O000480,C01487,2023-12-08,Cancelled
O000481,C00432,2024-07-06,Shipped
O000482,C00707,2024-05-24,Delivered
O000483,C00542,2023-02-21,Returned
O000484,C01400,2023-02-27,Cancelled
O000485,C00972,2023-10-13,Delivered
O000486,C01087,2023-08-05,Returned
O000487,C00025,2023-06-14,Delivered
O000488,C00200,2023-07-26,Shipped
O000489,C00725,2024-08-21,Returned
O000490,C01251,2024-11-14,Cancelled
O000491,C00559,2023-10-28,Delivered
O000492,C00547,2024-11-09,Returned
O000493,C00523,2023-08-04,Cancelled
O000494,C00802,2023-12-19,Delivered
O000495,C01383,2023-06-25,Cancelled
O000496,C01504,2024-03-08,Cancelled
O000497,C01578,2024-12-19,Delivered
O000498,C00692,2024-02-17,Cancelled
O000499,C00369,2023-09-23,Delivered
O000500,C00022,2024-04-18,Cancelled
O000501,C00025,2023-04-01,Delivered
O000502,C01076,2024-11-04,Delivered
O000503,C00914,2023-12-22,Delivered
O000504,C01486,2023-11-08,Delivered
O000505,C00396,2024-02-09,Delivered
O000506,C01269,2024-03-01,Delivered
O000507,C01228,2023-02-02,Cancelled
O000508,C01451,2024-04-04,Delivered
O000509,C00267,2023-06-03,Delivered
O000510,C01565,2024-05-22,Cancelled
O000511,C00379,2024-09-19,Delivered
O000512,C00378,2024-08-23,Delivered
O000513,C00957,2024-01-10,Cancelled
O000514,C01309,2023-12-03,Delivered
O000515,C01576,2023-04-09,Delivered
O000516,C01368,2024-07-23,Returned
O000517,C00332,2023-07-25,Returned
O000518,C01592,2023-12-03,Delivered
O000519,C00796,2023-07-13,Delivered
O000520,C00543,2023-04-02,Delivered
O000521,C00143,2024-03-15,Delivered
O000522,C01250,2023-02-07,Delivered
O000523,C01322,2024-06-06,Delivered
O000524,C00295,2023-08-04,Shipped
O000525,C00218,2023-01-25,Delivered
O000526,C00212,2023-12-23,Delivered
O000527,C00145,2023-02-03,Shipped
O000528,C00514,2023-07-24,Returned
O000529,C00039,2024-05-15,Delivered
O000530,C01338,2023-02-05,Cancelled
O000531,C00078,2024-10-01,Cancelled
O000532,C00546,2023-01-13,Delivered
O000533,C01177,2023-07-23,Delivered
O000534,C01450,2024-06-17,Returned
O000535,C00894,2023-08-16,Delivered
O000536,C01491,2023-03-28,Returned
O000537,C01107,2023-09-26,Delivered
O000538,C00788,2023-07-01,Cancelled
O000539,C01598,2024-10-27,Delivered
O000540,C01097,2023-08-04,Delivered
O000541,C00621,2024-07-11,Delivered
O000542,C01295,2024-11-02,Cancelled
O000543,C00749,2023-11-03,Shipped
O000544,C00697,2024-11-28,Delivered
O000545,C00942,2023-10-27,Returned
O000546,C00594,2024-12-25,Cancelled
O000547,C00613,2023-03-07,Cancelled
O000548,C00219,2024-05-13,Cancelled
O000549,C00736,2023-12-23,Delivered
O000550,C01296,2023-10-03,Delivered
O000551,C00389,2024-03-24,Delivered
O000552,C00396,2024-05-02,Delivered
O000553,C00489,2023-01-24,Delivered
O000554,C00130,2023-05-13,Returned
O000555,C01318,2024-05-18,Delivered
O000556,C01094,2024-04-16,Returned
O000557,C00921,2024-12-26,Delivered
O000558,C00695,2024-06-02,Delivered
O000559,C01477,2024-12-11,Delivered
O000560,C00243,2024-05-13,Delivered
O000561,C01340,2023-08-26,Cancelled
O000562,C00939,2023-03-17,Cancelled
O000563,C01099,2024-07-28,Delivered
O000564,C01187,2024-03-24,Delivered
O000565,C01002,2023-02-03,Cancelled
O000566,C01267,2023-09-01,Delivered
O000567,C01437,2024-12-08,Cancelled
O000568,C00030,2023-12-05,Delivered
O000569,C00103,2023-11-21,Delivered
O000570,C00200,2023-11-27,Delivered
O000571,C00350,2023-06-20,Returned
O000572,C00131,2023-09-19,Returned
O000573,C00218,2023-09-27,Delivered
O000574,C01219,2023-02-16,Returned
O000575,C00452,2024-06-20,Delivered
O000576,C00416,2023-11-26,Delivered
O000577,C01512,2024-09-11,Cancelled
O000578,C00665,2024-10-13,Delivered
O000579,C01118,2023-06-22,Delivered
O000580,C01566,2024-04-11,Delivered
O000581,C00688,2023-12-19,Delivered
O000582,C00561,2024-11-04,Delivered
O000583,C00345,2023-06-25,Cancelled
O000584,C01134,2024-04-12,Delivered
O000585,C00499,2024-02-15,Shipped
O000586,C00274,2023-08-02,Delivered
O000587,C01295,2023-04-26,Shipped
O000588,C01593,2024-04-13,Delivered
O000589,C00998,2024-06-01,Delivered
O000590,C01448,2023-08-01,Cancelled
O000591,C00582,2024-03-19,Delivered
O000592,C01583,2023-10-23,Delivered
O000593,C00260,2024-05-23,Delivered
O000594,C00555,2023-06-05,Shipped
O000595,C00844,2024-11-15,Delivered
O000596,C00078,2023-07-06,Shipped
O000597,C01024,2023-09-06,Shipped
O000598,C01285,2023-02-03,Returned
O000599,C00617,2023-03-26,Delivered
O000600,C00010,2023-12-14,Shipped
O000601,C00394,2023-07-08,Delivered
O000602,C00196,2024-09-17,Shipped
O000603,C01040,2023-01-12,Delivered
O000604,C01578,2023-10-15,Cancelled
O000605,C00427,2023-09-22,Delivered
O000606,C00397,2023-01-02,Delivered
O000607,C00972,2023-04-26,Delivered
O000608,C00328,2023-11-06,Cancelled
O000609,C00111,2023-12-02,Cancelled
O000610,C00584,2023-10-12,Delivered
O000611,C00515,2023-12-14,Delivered
O000612,C01554,2024-02-20,Delivered
O000613,C00214,2023-01-02,Cancelled
O000614,C01101,2023-11-02,Delivered
O000615,C00060,2024-12-06,Delivered
O000616,C00238,2023-12-17,Delivered
O000617,C01478,2024-04-08,Delivered
O000618,C00668,2023-08-19,Delivered
O000619,C01531,2024-06-07,Cancelled
O000620,C00472,2024-06-11,Returned
O000621,C00668,2023-12-04,Delivered
O000622,C00486,2024-12-04,Cancelled
O000623,C00151,2023-04-14,Delivered
O000624,C00443,2023-01-19,Shipped
O000625,C00365,2024-06-15,Delivered
O000626,C00280,2024-08-12,Delivered
O000627,C00398,2023-04-24,Cancelled
O000628,C00415,2023-07-12,Delivered
O000629,C00123,2023-01-05,Delivered
O000630,C00228,2023-08-05,Returned
O000631,C00940,2024-06-15,Delivered
O000632,C01558,2023-12-06,Delivered
O000633,C00605,2023-09-08,Shipped
O000634,C01307,2023-10-06,Shipped
O000635,C01002,2023-01-06,Returned
O000636,C01212,2023-08-07,Delivered
O000637,C00948,2024-03-27,Delivered
O000638,C01496,2024-12-01,Delivered
O000639,C00506,2024-10-24,Delivered
O000640,C00011,2023-01-11,Delivered
O000641,C00083,2024-11-02,Delivered
O000642,C01575,2024-07-24,Shipped
O000643,C00872,2024-07-02,Shipped
O000644,C01427,2023-11-13,Returned
O000645,C00927,2023-10-04,Delivered
O000646,C00171,2023-08-08,Shipped
O000647,C00026,2023-02-25,Cancelled
O000648,C00833,2023-06-24,Delivered
O000649,C00606,2023-07-05,Delivered
O000650,C00186,2023-12-21,Delivered
O000651,C01371,2024-06-16,Delivered
O000652,C01441,2023-12-06,Delivered
O000653,C01169,2023-02-28,Cancelled
O000654,C00050,2024-12-19,Delivered
O000655,C01581,2024-12-15,Delivered
O000656,C01441,2024-07-28,Delivered
O000657,C00759,2024-12-06,Cancelled
O000658,C01442,2024-01-15,Cancelled
O000659,C01285,2024-12-01,Delivered
O000660,C00067,2023-02-13,Delivered
O000661,C01542,2023-09-14,Delivered
O000662,C01179,2023-06-23,Returned
O000663,C01271,2023-06-07,Delivered
O000664,C01055,2023-04-24,Cancelled
O000665,C00106,2024-03-12,Delivered
O000666,C00749,2024-07-13,Delivered
O000667,C00084,2024-02-20,Delivered
O000668,C00359,2023-04-12,Cancelled
O000669,C01444,2024-08-18,Delivered
O000670,C01585,2024-03-18,Delivered
O000671,C00489,2023-10-05,Shipped
O000672,C01330,2024-04-04,Delivered
O000673,C01440,2023-07-24,Delivered
O000674,C01559,2023-09-25,Delivered
O000675,C00723,2024-11-11,Delivered
O000676,C01394,2023-07-17,Delivered
O000677,C00130,2023-11-09,Delivered
O000678,C00927,2024-11-12,Delivered
O000679,C01079,2024-05-17,Returned
O000680,C00963,2023-02-04,Cancelled
O000681,C01092,2023-04-18,Delivered
O000682,C00754,2023-01-15,Returned
O000683,C01420,2024-03-22,Returned
O000684,C00386,2023-11-03,Delivered
O000685,C00801,2023-04-03,Delivered
O000686,C00158,2024-12-10,Delivered
O000687,C00566,2023-12-06,Delivered
O000688,C00304,2023-06-23,Delivered
O000689,C00419,2023-12-05,Shipped
O000690,C00047,2024-04-21,Delivered
O000691,C01398,2023-02-14,Shipped
O000692,C00971,2023-07-05,Delivered
O000693,C00910,2024-08-14,Cancelled
O000694,C00598,2023-11-21,Delivered
O000695,C00046,2024-01-03,Returned
O000696,C00476,2023-11-26,Returned
O000697,C01321,2023-02-17,Delivered
O000698,C01324,2023-05-14,Returned
O000699,C00996,2023-11-11,Shipped
O000700,C01428,2023-06-22,Shipped
O000701,C00628,2023-02-27,Delivered
O000702,C00533,2024-10-26,Delivered
O000703,C00762,2024-12-16,Delivered
O000704,C00097,2024-07-25,Delivered
O000705,C00583,2024-10-12,Delivered
O000706,C01267,2023-06-06,Delivered
O000707,C01097,2024-12-23,Delivered
O000708,C00360,2023-06-06,Returned
O000709,C01419,2024-12-23,Cancelled
O000710,C00315,2024-12-26,Delivered
O000711,C00240,2024-05-08,Delivered
O000712,C01177,2024-12-11,Delivered
O000713,C00534,2024-01-15,Delivered
O000714,C01152,2023-07-06,Cancelled
O000715,C00650,2023-11-02,Delivered
O000716,C00764,2024-02-05,Delivered
O000717,C00333,2023-02-18,Shipped
O000718,C00249,2024-03-10,Delivered
O000719,C01023,2024-12-13,Returned
O000720,C00939,2023-05-05,Delivered
O000721,C00009,2024-07-05,Cancelled
O000722,C01040,2024-11-18,Delivered
O000723,C01445,2024-12-21,Delivered
O000724,C00594,2024-12-16,Returned
O000725,C00302,2023-12-19,Returned
O000726,C01493,2024-12-19,Delivered
O000727,C01412,2024-06-11,Delivered
O000728,C00286,2023-05-24,Cancelled
O000729,C00240,2023-12-18,Delivered
O000730,C00823,2024-05-01,Shipped
O000731,C00914,2023-07-27,Delivered
O000732,C00669,2024-03-03,Delivered
O000733,C01314,2024-04-20,Delivered
O000734,C00455,2023-05-19,Returned
O000735,C00570,2024-01-25,Delivered
O000736,C00172,2024-06-01,Shipped
O000737,C00913,2023-12-28,Cancelled
O000738,C00808,2023-01-22,Delivered
O000739,C00651,2023-01-16,Shipped
O000740,C01048,2023-09-20,Delivered
O000741,C00740,2024-11-22,Delivered
O000742,C00876,2023-06-05,Delivered
O000743,C00764,2024-03-13,Delivered
O000744,C00707,2023-06-10,Delivered
O000745,C00913,2023-08-10,Returned
O000746,C00180,2024-10-18,Delivered
O000747,C00910,2024-06-24,Cancelled
O000748,C01491,2023-03-14,Delivered
O000749,C00849,2023-11-24,Delivered
O000750,C01225,2023-01-27,Delivered
O000751,C00622,2023-12-05,Delivered
O000752,C01076,2024-04-28,Delivered
O000753,C00014,2023-04-03,Delivered
O000754,C00359,2023-07-21,Shipped
O000755,C01455,2023-10-15,Shipped
O000756,C00281,2024-11-25,Delivered
O000757,C00782,2024-12-06,Delivered
O000758,C01199,2023-02-18,Delivered
O000759,C01516,2024-06-16,Delivered
O000760,C00006,2023-10-08,Delivered
O000761,C00615,2023-10-09,Cancelled
O000762,C01304,2024-06-27,Delivered
O000763,C01340,2024-11-04,Cancelled
O000764,C00855,2024-12-10,Delivered
O000765,C01409,2024-02-16,Cancelled
O000766,C00059,2023-09-08,Delivered
O000767,C00568,2024-07-25,Delivered
O000768,C01227,2023-07-03,Cancelled
O000769,C01191,2024-01-12,Delivered
O000770,C00894,2023-09-19,Returned
O000771,C01287,2024-04-09,Cancelled
O000772,C01422,2023-06-16,Returned
O000773,C01050,2023-05-04,Cancelled
O000774,C00036,2024-11-19,Returned
O000775,C00945,2023-03-09,Cancelled
O000776,C00732,2023-12-05,Delivered
O000777,C00730,2023-06-02,Delivered
O000778,C00598,2023-02-10,Shipped
O000779,C00397,2023-01-21,Returned
O000780,C00376,2023-05-21,Returned
O000781,C01227,2024-10-04,Returned
O000782,C01114,2023-07-06,Delivered
O000783,C00648,2024-12-28,Returned
O000784,C01403,2024-02-28,Returned
O000785,C00556,2023-11-10,Cancelled
O000786,C01410,2024-02-23,Delivered
O000787,C00721,2023-12-04,Returned
O000788,C00281,2024-06-05,Shipped
O000789,C01595,2023-07-10,Delivered
O000790,C00697,2023-09-14,Delivered
O000791,C00447,2024-11-04,Delivered
O000792,C00453,2024-12-17,Returned
O000793,C01145,2024-11-07,Shipped
O000794,C01090,2023-11-23,Cancelled
O000795,C01439,2024-07-18,Returned
O000796,C00234,2023-12-26,Delivered
O000797,C00157,2023-12-15,Delivered
O000798,C00269,2023-06-27,Delivered
O000799,C00714,2024-02-16,Delivered
O000800,C00906,2023-05-23,Shipped
O000801,C01564,2023-09-17,Delivered
O000802,C01454,2024-10-06,Delivered
O000803,C00243,2023-06-01,Delivered
O000804,C01422,2023-02-05,Delivered
O000805,C00430,2023-02-23,Delivered
O000806,C00871,2024-12-03,Cancelled
O000807,C00229,2023-12-25,Delivered
O000808,C01587,2023-11-01,Delivered
O000809,C00884,2024-08-25,Delivered
O000810,C00221,2024-09-07,Delivered
O000811,C01352,2023-09-26,Shipped
O000812,C00122,2024-05-19,Delivered
O000813,C00519,2024-06-04,Delivered
O000814,C01368,2024-04-03,Delivered
O000815,C00379,2023-04-25,Cancelled
O000816,C00060,2024-10-12,Delivered
O000817,C00569,2024-01-05,Shipped
O000818,C01026,2023-07-12,Returned
O000819,C00496,2023-11-24,Shipped
O000820,C01564,2023-01-19,Delivered
O000821,C01466,2023-04-17,Delivered
O000822,C00352,2024-06-10,Returned
O000823,C00009,2023-01-18,Cancelled
O000824,C00439,2023-11-04,Shipped
O000825,C01450,2023-12-28,Delivered
O000826,C00380,2023-02-12,Delivered
O000827,C00220,2024-12-22,Delivered
O000828,C01054,2023-06-27,Delivered
O000829,C00232,2023-08-14,Returned
O000830,C00254,2023-08-11,Delivered
O000831,C01065,2023-06-04,Delivered
O000832,C00591,2023-01-16,Shipped
O000833,C00084,2024-06-24,Delivered
O000834,C01012,2024-12-11,Delivered
O000835,C00936,2023-06-13,Shipped
O000836,C00639,2024-04-24,Cancelled
O000837,C00910,2024-06-27,Delivered
O000838,C00835,2024-10-18,Delivered
O000839,C00877,2023-11-28,Delivered
O000840,C00143,2023-08-28,Returned
O000841,C00975,2023-08-26,Cancelled
O000842,C01007,2024-05-12,Cancelled
O000843,C00812,2024-08-04,Delivered
O000844,C01349,2023-05-17,Cancelled
O000845,C00245,2023-10-03,Delivered
O000846,C00821,2024-11-13,Cancelled
O000847,C00209,2024-08-19,Cancelled
O000848,C00133,2024-12-06,Delivered
O000849,C00694,2024-06-07,Delivered
O000850,C00828,2023-10-20,Delivered
O000851,C00870,2024-02-08,Cancelled
O000852,C00571,2024-04-16,Returned
O000853,C01569,2023-03-23,Shipped
O000854,C00560,2024-01-19,Returned
O000855,C01319,2024-05-26,Delivered
O000856,C00975,2023-05-12,Cancelled
O000857,C00829,2024-07-20,Delivered
O000858,C00302,2024-02-17,Returned
O000859,C00222,2024-12-15,Delivered
O000860,C01019,2023-02-09,Delivered
O000861,C00276,2023-07-21,Delivered
O000862,C01512,2024-02-04,Delivered
O000863,C01021,2023-08-27,Cancelled
O000864,C00367,2024-05-01,Delivered
O000865,C01392,2024-06-20,Delivered
O000866,C00621,2023-03-05,Shipped
O000867,C01557,2023-12-20,Delivered
O000868,C01540,2023-12-22,Shipped
O000869,C00955,2023-09-25,Delivered
O000870,C01356,2024-11-10,Delivered
O000871,C01034,2024-09-16,Delivered
O000872,C00704,2024-05-18,Returned
O000873,C01108,2024-05-28,Shipped
O000874,C00065,2023-11-01,Delivered
O000875,C00786,2024-11-04,Delivered
O000876,C00771,2024-05-11,Delivered
O000877,C00074,2024-06-15,Delivered
O000878,C01141,2024-10-06,Cancelled
O000879,C01597,2023-07-28,Delivered
O000880,C00337,2024-08-23,Delivered
O000881,C00276,2023-06-14,Delivered
O000882,C00999,2023-09-23,Returned
O000883,C01166,2023-09-04,Cancelled
O000884,C01352,2024-12-16,Shipped
O000885,C01105,2024-10-22,Shipped
O000886,C00975,2024-05-16,Shipped
O000887,C00321,2024-06-28,Shipped
O000888,C00802,2024-01-02,Delivered
O000889,C01211,2024-12-16,Delivered
O000890,C01386,2023-12-20,Delivered
O000891,C00126,2023-10-25,Delivered
O000892,C00093,2023-05-19,Delivered
O000893,C00751,2024-07-27,Delivered
O000894,C01520,2024-06-26,Shipped
O000895,C01568,2023-10-01,Cancelled
O000896,C00732,2023-01-11,Delivered
O000897,C00116,2024-10-12,Cancelled
O000898,C00481,2023-01-08,Cancelled
O000899,C01214,2024-05-10,Delivered
O000900,C00135,2024-12-23,Returned
O000901,C00235,2023-11-10,Delivered
O000902,C00041,2023-06-06,Shipped
O000903,C00077,2024-05-11,Delivered
O000904,C00866,2024-09-22,Shipped
O000905,C00863,2024-01-17,Delivered
O000906,C01426,2024-12-01,Delivered
O000907,C01169,2023-02-19,Delivered
O000908,C01173,2023-12-11,Delivered
O000909,C01001,2024-05-26,Delivered
O000910,C01383,2024-10-23,Delivered
O000911,C01030,2023-05-11,Returned
O000912,C01367,2024-08-25,Delivered
O000913,C01260,2024-01-06,Delivered
O000914,C00414,2023-10-12,Delivered
O000915,C01098,2023-04-21,Delivered
O000916,C00544,2024-10-10,Delivered
O000917,C01280,2023-05-10,Cancelled
O000918,C01470,2023-08-03,Returned
O000919,C00195,2023-07-19,Shipped
O000920,C00560,2024-10-11,Delivered
O000921,C00875,2024-04-19,Delivered
O000922,C00158,2024-08-12,Cancelled
O000923,C01034,2023-07-27,Returned
O000924,C00887,2024-03-10,Cancelled
O000925,C00642,2024-02-18,Delivered
O000926,C00824,2024-09-14,Delivered
O000927,C01056,2024-11-20,Delivered
O000928,C01564,2023-01-22,Shipped
O000929,C00039,2024-04-06,Cancelled
O000930,C00383,2023-02-23,Shipped
O000931,C00549,2024-01-16,Cancelled
O000932,C01576,2023-07-18,Delivered
O000933,C01489,2023-08-19,Cancelled
O000934,C01070,2023-09-02,Delivered
O000935,C00948,2024-03-12,Delivered
O000936,C01568,2023-09-08,Delivered
O000937,C00892,2024-06-28,Delivered
O000938,C01299,2023-10-11,Delivered
O000939,C00588,2023-02-28,Cancelled
O000940,C00526,2024-07-06,Cancelled
O000941,C00489,2023-07-20,Delivered
O000942,C00394,2023-11-05,Delivered
O000943,C00636,2024-04-08,Delivered
O000944,C00894,2023-09-16,Delivered
O000945,C00414,2023-02-21,Delivered
O000946,C00280,2023-10-09,Delivered
O000947,C00569,2024-12-09,Cancelled
O000948,C00361,2024-03-18,Cancelled
O000949,C01480,2024-04-28,Delivered
O000950,C00041,2024-03-26,Delivered
O000951,C00643,2023-06-28,Shipped
O000952,C00131,2023-11-10,Delivered
O000953,C01376,2024-06-12,Cancelled
O000954,C00813,2023-03-03,Returned
O000955,C00288,2023-07-24,Delivered
O000956,C01025,2023-07-04,Delivered
O000957,C01361,2023-11-17,Returned
O000958,C01588,2024-12-19,Shipped
O000959,C00251,2023-02-09,Returned
O000960,C00642,2023-12-26,Delivered
O000961,C00799,2023-05-27,Returned
O000962,C01524,2024-12-24,Delivered
O000963,C00359,2023-03-14,Delivered
O000964,C00901,2023-10-09,Delivered
O000965,C01208,2024-06-09,Delivered
O000966,C01093,2024-05-16,Delivered
O000967,C00232,2023-11-23,Delivered
O000968,C00868,2023-09-18,Delivered
O000969,C00505,2023-10-22,Delivered
O000970,C00297,2023-07-26,Delivered
O000971,C01466,2023-06-16,Delivered
O000972,C01322,2023-12-27,Shipped
O000973,C01515,2023-07-02,Cancelled
O000974,C01376,2023-07-26,Delivered
O000975,C01132,2024-04-09,Delivered
O000976,C01309,2024-12-10,Cancelled
O000977,C01096,2024-02-12,Returned
O000978,C00805,2023-02-08,Delivered
O000979,C01550,2023-02-10,Delivered
O000980,C00431,2024-12-10,Returned
O000981,C00899,2023-08-06,Cancelled
O000982,C01571,2023-03-11,Cancelled
O000983,C00070,2024-02-14,Delivered
O000984,C00165,2024-03-28,Returned
O000985,C01007,2024-04-25,Delivered
O000986,C00846,2023-07-24,Returned
O000987,C01470,2023-01-11,Delivered
O000988,C00206,2024-12-27,Returned
O000989,C01431,2023-07-06,Delivered
O000990,C00136,2024-04-17,Delivered
O000991,C01234,2024-05-14,Cancelled
O000992,C01122,2024-03-27,Cancelled
O000993,C00929,2023-08-11,Cancelled
O000994,C00107,2023-07-01,Cancelled
O000995,C00377,2024-02-21,Cancelled
O000996,C01313,2024-10-15,Delivered
O000997,C00821,2024-12-01,Delivered
O000998,C00169,2023-03-21,Delivered
O000999,C00512,2023-05-06,Shipped
O001000,C01573,2024-12-23,Returned
O001001,C01563,2024-06-21,Delivered
O001002,C01217,2024-11-28,Cancelled
O001003,C00274,2023-06-14,Delivered
O001004,C00671,2024-02-06,Returned
O001005,C00407,2024-05-10,Delivered
O001006,C00753,2024-04-14,Delivered
O001007,C00773,2023-10-13,Returned
O001008,C00460,2023-01-19,Delivered
O001009,C01326,2024-02-01,Shipped
O001010,C00469,2023-07-21,Delivered
O001011,C00407,2023-11-15,Delivered
O001012,C00346,2024-12-23,Delivered
O001013,C01266,2023-10-13,Delivered
O001014,C00533,2024-10-20,Delivered
O001015,C00754,2023-05-03,Delivered
O001016,C00241,2024-04-19,Delivered
O001017,C01077,2024-12-23,Delivered
O001018,C01380,2023-03-25,Delivered
O001019,C00460,2023-01-04,Cancelled
O001020,C00391,2023-11-07,Returned
O001021,C00546,2023-03-27,Delivered
O001022,C01013,2024-06-24,Delivered
O001023,C00884,2024-11-05,Returned
O001024,C01229,2023-11-07,Delivered
O001025,C00580,2023-07-27,Cancelled
O001026,C00388,2023-11-22,Delivered
O001027,C00299,2024-05-06,Delivered
O001028,C00483,2023-01-10,Shipped
O001029,C00758,2024-02-15,Shipped
O001030,C01326,2024-03-22,Delivered
O001031,C00022,2024-03-03,Delivered
O001032,C01420,2023-06-05,Delivered
O001033,C00435,2024-05-22,Cancelled
O001034,C01451,2023-03-13,Delivered
O001035,C01224,2023-06-24,Delivered
O001036,C00196,2024-11-03,Shipped
O001037,C00107,2024-06-02,Delivered
O001038,C00726,2023-01-08,Shipped
O001039,C01226,2023-07-22,Cancelled
O001040,C00094,2023-06-24,Delivered
O001041,C01270,2023-07-09,Delivered
O001042,C00809,2023-07-10,Cancelled
O001043,C00534,2023-02-12,Delivered
O001044,C00695,2023-11-17,Delivered
O001045,C00184,2024-06-05,Delivered
O001046,C01087,2024-02-23,Delivered
O001047,C00534,2024-04-05,Delivered
O001048,C01023,2023-03-11,Returned
O001049,C00576,2024-12-27,Cancelled
O001050,C00881,2024-10-12,Delivered
O001051,C01256,2024-08-09,Returned
O001052,C00541,2024-09-25,Shipped
O001053,C00893,2024-11-11,Delivered
O001054,C01007,2024-01-11,Returned
O001055,C01347,2023-06-05,Cancelled
O001056,C00109,2024-03-26,Delivered
O001057,C00471,2024-06-05,Delivered
O001058,C00964,2024-06-02,Delivered
O001059,C01446,2023-12-06,Delivered
O001060,C00084,2023-02-14,Delivered
O001061,C00994,2023-10-12,Delivered
O001062,C00231,2024-11-16,Returned
O001063,C00304,2024-02-24,Delivered
O001064,C00418,2024-01-12,Returned
O001065,C00345,2023-07-10,Cancelled
O001066,C00559,2023-09-17,Shipped
O001067,C01200,2024-11-22,Delivered
O001068,C00009,2024-04-19,Shipped
O001069,C01169,2024-07-25,Delivered
O001070,C00505,2023-11-14,Returned
O001071,C01387,2024-03-16,Delivered
O001072,C00054,2023-07-11,Delivered
O001073,C01394,2024-05-22,Delivered
O001074,C00766,2023-11-13,Shipped
O001075,C00663,2023-11-04,Delivered
O001076,C00167,2024-04-01,Delivered
O001077,C01450,2024-11-27,Cancelled
O001078,C00090,2023-02-16,Cancelled
O001079,C00928,2024-09-20,Delivered
O001080,C01504,2023-07-24,Returned
O001081,C00265,2023-11-19,Delivered
O001082,C00580,2023-01-28,Delivered
O001083,C00114,2023-08-26,Cancelled
O001084,C01234,2023-12-03,Delivered
O001085,C00523,2023-02-03,Delivered
O001086,C00043,2023-12-08,Returned
O001087,C00334,2024-11-07,Delivered
O001088,C00584,2023-03-25,Cancelled
O001089,C01340,2024-06-25,Delivered
O001090,C00886,2023-11-04,Cancelled
O001091,C00636,2024-04-26,Cancelled
O001092,C00269,2023-07-20,Delivered
O001093,C00197,2023-05-22,Returned
O001094,C01050,2023-05-12,Delivered
O001095,C00913,2023-02-16,Delivered
O001096,C00867,2023-05-16,Delivered
O001097,C00866,2024-04-25,Returned
O001098,C01258,2024-11-12,Delivered
O001099,C01292,2024-08-14,Delivered
O001100,C01052,2024-04-03,Delivered
O001101,C01386,2023-03-15,Delivered
O001102,C01462,2023-07-21,Delivered
O001103,C01290,2023-08-16,Cancelled
O001104,C00596,2023-07-17,Delivered
O001105,C00163,2023-12-14,Returned
O001106,C00616,2024-01-16,Delivered
O001107,C01402,2023-09-05,Delivered
O001108,C00510,2023-09-27,Shipped
O001109,C00606,2024-09-14,Shipped
O001110,C01129,2024-07-02,Delivered
O001111,C01046,2023-08-02,Delivered
O001112,C00194,2024-11-14,Delivered
O001113,C01476,2024-12-22,Shipped
O001114,C00519,2023-08-27,Delivered
O001115,C01200,2023-09-09,Delivered
O001116,C01032,2023-12-25,Delivered
O001117,C01517,2024-12-04,Cancelled
O001118,C00368,2024-10-15,Returned
O001119,C00805,2023-03-06,Delivered
O001120,C00853,2023-10-03,Cancelled
O001121,C00643,2024-01-10,Shipped
O001122,C00932,2023-12-24,Returned
O001123,C00922,2023-06-22,Shipped
O001124,C00543,2024-10-26,Delivered
O001125,C00433,2024-04-28,Delivered
O001126,C01530,2024-09-03,Shipped
O001127,C01380,2024-10-09,Delivered
O001128,C01095,2024-06-14,Delivered
O001129,C00809,2023-11-01,Delivered
O001130,C00352,2024-03-01,Cancelled
O001131,C01233,2023-05-16,Cancelled
O001132,C00621,2024-04-16,Shipped
O001133,C01264,2023-05-27,Delivered
O001134,C01380,2024-05-23,Cancelled
O001135,C00809,2023-06-22,Returned
O001136,C00180,2023-04-10,Delivered
O001137,C00029,2023-05-05,Delivered
O001138,C00386,2023-01-04,Returned
O001139,C00429,2024-05-01,Delivered
O001140,C00298,2024-06-21,Cancelled
O001141,C00391,2023-12-08,Delivered
O001142,C01577,2023-05-10,Delivered
O001143,C00971,2023-03-05,Delivered
O001144,C00239,2023-01-01,Delivered
O001145,C01514,2023-05-05,Cancelled
O001146,C00994,2024-11-15,Delivered
O001147,C00921,2023-06-01,Shipped
O001148,C00604,2023-09-08,Shipped
O001149,C00803,2023-03-27,Delivered
O001150,C00211,2023-06-11,Cancelled
O001151,C00885,2023-12-28,Delivered
O001152,C01016,2024-02-28,Cancelled
O001153,C01221,2023-07-19,Cancelled
O001154,C00999,2023-02-18,Delivered
O001155,C01211,2023-10-16,Cancelled
O001156,C01463,2023-06-20,Delivered
O001157,C00865,2023-06-17,Shipped
O001158,C01134,2024-12-11,Delivered
O001159,C01328,2024-03-09,Delivered
O001160,C00240,2024-01-16,Delivered
O001161,C01324,2023-11-20,Delivered
O001162,C01429,2023-11-15,Delivered
O001163,C00331,2024-01-01,Delivered
O001164,C00394,2024-05-24,Delivered
O001165,C00898,2024-05-12,Delivered
O001166,C00450,2023-05-17,Shipped
O001167,C00695,2023-12-22,Shipped
O001168,C01346,2023-11-28,Delivered
O001169,C00601,2024-10-05,Cancelled
O001170,C00800,2024-03-23,Delivered
O001171,C01337,2024-01-27,Cancelled
O001172,C00968,2023-03-12,Returned
O001173,C00332,2024-02-28,Shipped
O001174,C00579,2023-04-07,Cancelled
O001175,C00177,2023-09-24,Cancelled
O001176,C00265,2023-04-16,Delivered
O001177,C00321,2024-05-07,Shipped
O001178,C01012,2023-06-16,Delivered
O001179,C00429,2023-10-08,Shipped
O001180,C00038,2024-11-02,Delivered
O001181,C00732,2023-06-09,Cancelled
O001182,C00358,2023-12-06,Returned
O001183,C01032,2023-11-28,Delivered
O001184,C00131,2023-01-26,Delivered
O001185,C00234,2024-07-14,Shipped
O001186,C00248,2023-02-08,Shipped
O001187,C00997,2023-12-08,Delivered
O001188,C00728,2024-01-11,Returned
O001189,C01578,2024-03-02,Shipped
O001190,C00310,2024-05-09,Returned
O001191,C01372,2023-07-23,Delivered
O001192,C00897,2023-01-23,Returned
O001193,C01548,2024-05-15,Delivered
O001194,C01249,2024-01-04,Returned
O001195,C00209,2024-09-28,Returned
O001196,C00086,2024-09-18,Shipped
O001197,C00343,2024-10-04,Cancelled
O001198,C00421,2023-12-04,Delivered
O001199,C01492,2023-09-06,Delivered
O001200,C00905,2024-07-23,Returned
O001201,C01021,2023-11-17,Cancelled
O001202,C00204,2023-05-28,Delivered
O001203,C00745,2024-10-21,Delivered
O001204,C00283,2024-11-27,Delivered
O001205,C00414,2023-11-28,Delivered
O001206,C01576,2023-02-14,Returned
O001207,C00503,2023-10-01,Returned
O001208,C00971,2024-08-26,Delivered
O001209,C01035,2024-11-10,Delivered
O001210,C00763,2023-06-03,Cancelled
O001211,C00739,2023-02-25,Cancelled
O001212,C00503,2024-11-22,Delivered
O001213,C01085,2023-10-25,Delivered
O001214,C00468,2024-01-26,Delivered
O001215,C00879,2024-12-26,Delivered
O001216,C00940,2023-02-14,Returned
O001217,C01398,2024-04-17,Delivered
O001218,C00299,2023-02-01,Returned
O001219,C01470,2023-10-01,Returned
O001220,C00143,2024-08-17,Delivered
O001221,C00823,2023-11-11,Returned
O001222,C00889,2024-12-06,Delivered
O001223,C01555,2024-01-13,Delivered
O001224,C01177,2023-08-22,Delivered
O001225,C01353,2023-06-21,Shipped
O001226,C00859,2023-09-10,Delivered
O001227,C01436,2023-10-22,Shipped
O001228,C01522,2023-02-28,Delivered
O001229,C00573,2023-09-12,Shipped
O001230,C00301,2023-11-20,Cancelled
O001231,C00914,2024-05-13,Cancelled
O001232,C01115,2024-04-07,Shipped
O001233,C01267,2024-05-26,Cancelled
O001234,C01429,2023-01-15,Delivered
O001235,C00829,2023-06-26,Returned
O001236,C00173,2024-04-07,Delivered
O001237,C00686,2023-12-18,Delivered
O001238,C01516,2023-01-24,Delivered
O001239,C01108,2024-08-17,Delivered
O001240,C00191,2024-06-07,Shipped
O001241,C00640,2024-01-18,Shipped
O001242,C01551,2023-02-11,Cancelled
O001243,C00048,2024-06-06,Delivered
O001244,C01106,2024-02-26,Shipped
O001245,C00495,2024-07-09,Returned
O001246,C00623,2024-06-25,Cancelled
O001247,C01035,2024-08-14,Delivered
O001248,C00123,2023-12-24,Returned
O001249,C01285,2023-04-12,Shipped
O001250,C00254,2024-04-12,Delivered
O001251,C00256,2024-03-25,Delivered
O001252,C01173,2024-06-10,Cancelled
O001253,C00929,2023-05-01,Delivered
O001254,C01093,2023-06-08,Returned
O001255,C00479,2024-11-20,Delivered
O001256,C00583,2024-06-10,Cancelled
O001257,C01465,2024-11-26,Shipped
O001258,C00287,2024-06-22,Cancelled
O001259,C01065,2024-02-13,Cancelled
O001260,C00216,2024-04-08,Delivered
O001261,C01193,2024-11-17,Delivered
O001262,C01595,2024-02-27,Delivered
O001263,C00201,2024-03-15,Delivered
O001264,C00872,2023-05-23,Returned
O001265,C00168,2023-12-14,Delivered
O001266,C00871,2024-05-02,Delivered
O001267,C00914,2023-07-16,Delivered
O001268,C01078,2023-06-12,Delivered
O001269,C01145,2023-08-19,Shipped
O001270,C00809,2023-06-25,Returned
O001271,C01022,2023-06-09,Cancelled
O001272,C01003,2023-11-14,Cancelled
O001273,C00334,2024-11-14,Delivered
O001274,C00261,2023-12-17,Delivered
O001275,C00265,2023-05-23,Cancelled
O001276,C01084,2023-02-17,Delivered
O001277,C00436,2024-05-23,Delivered
O001278,C00067,2023-10-16,Cancelled
O001279,C01145,2024-09-06,Delivered
O001280,C01233,2024-04-04,Returned
O001281,C00226,2024-08-14,Delivered
O001282,C01171,2023-07-12,Delivered
O001283,C00314,2024-05-02,Delivered
O001284,C00625,2023-07-12,Delivered
O001285,C00603,2024-12-10,Delivered
O001286,C00292,2024-03-01,Returned
O001287,C00625,2023-08-19,Delivered
O001288,C00375,2023-07-07,Returned
O001289,C01002,2023-05-24,Delivered
O001290,C01122,2024-05-04,Delivered
O001291,C00092,2023-06-03,Delivered
O001292,C01174,2024-02-16,Delivered
O001293,C00927,2023-07-19,Delivered
O001294,C00773,2024-04-26,Delivered
O001295,C01475,2024-08-27,Returned
O001296,C00272,2024-07-20,Returned
O001297,C01034,2024-06-05,Cancelled
O001298,C01560,2023-05-15,Delivered
O001299,C01491,2023-03-22,Delivered
O001300,C01280,2024-05-03,Cancelled
O001301,C00695,2023-09-20,Shipped
O001302,C01374,2023-11-02,Delivered
O001303,C00569,2023-01-24,Cancelled
O001304,C00340,2023-07-03,Cancelled
O001305,C01268,2023-01-01,Shipped
O001306,C01552,2024-11-19,Delivered
O001307,C01069,2023-07-19,Delivered
O001308,C00975,2024-01-25,Shipped
O001309,C00247,2023-02-01,Cancelled
O001310,C00369,2024-04-18,Delivered
O001311,C00422,2023-08-09,Delivered
O001312,C01446,2024-11-27,Returned
O001313,C00910,2024-11-19,Delivered
O001314,C01093,2023-08-26,Shipped
O001315,C00823,2024-11-11,Shipped
O001316,C01007,2024-12-02,Returned
O001317,C00697,2024-09-01,Delivered
O001318,C00850,2024-10-06,Delivered
O001319,C00650,2023-07-28,Delivered
O001320,C00187,2024-02-09,Delivered
O001321,C01110,2023-02-04,Delivered
O001322,C00295,2023-03-10,Delivered
O001323,C01574,2024-12-09,Delivered
O001324,C00835,2023-08-05,Cancelled
O001325,C00121,2024-06-06,Shipped
O001326,C00372,2024-08-11,Delivered
O001327,C00120,2024-10-23,Delivered
O001328,C00203,2024-12-13,Delivered
O001329,C00846,2023-06-05,Delivered
O001330,C00248,2023-02-09,Delivered
O001331,C01034,2023-11-07,Delivered
O001332,C00125,2023-04-04,Delivered
O001333,C00834,2023-01-15,Delivered
O001334,C00060,2023-09-16,Delivered
O001335,C00479,2024-07-21,Delivered
O001336,C01135,2024-01-09,Shipped
O001337,C00505,2023-08-22,Returned
O001338,C00258,2024-04-18,Delivered
O001339,C00834,2023-06-19,Delivered
O001340,C01303,2023-01-03,Shipped
O001341,C00292,2024-06-07,Delivered
O001342,C00345,2024-03-18,Returned
O001343,C01101,2024-06-08,Delivered
O001344,C00086,2023-02-18,Delivered
O001345,C00952,2024-09-27,Returned
O001346,C00593,2024-03-20,Cancelled
O001347,C00002,2024-01-06,Delivered
O001348,C00560,2024-03-16,Shipped
O001349,C01393,2024-10-09,Delivered
O001350,C01295,2024-02-12,Delivered
O001351,C01046,2024-02-19,Delivered
O001352,C00331,2024-12-02,Cancelled
O001353,C01154,2024-06-18,Delivered
O001354,C00184,2023-11-10,Delivered
O001355,C00252,2024-05-23,Returned
O001356,C01485,2023-10-05,Shipped
O001357,C00885,2023-06-09,Delivered
O001358,C01034,2024-02-20,Returned
O001359,C01397,2024-11-11,Delivered
O001360,C00536,2024-11-21,Returned
O001361,C00928,2023-09-23,Delivered
O001362,C00659,2023-12-08,Delivered
O001363,C00942,2023-06-07,Shipped
O001364,C00033,2024-12-11,Cancelled
O001365,C01324,2024-12-05,Delivered
O001366,C00976,2024-04-20,Delivered
O001367,C01378,2024-08-01,Delivered
O001368,C01427,2024-05-14,Cancelled
O001369,C01562,2024-02-16,Delivered
O001370,C00064,2023-02-18,Returned
O001371,C01376,2023-11-27,Delivered
O001372,C00253,2024-04-22,Delivered
O001373,C00771,2024-04-27,Returned
O001374,C00734,2023-10-20,Delivered
O001375,C01573,2024-12-06,Returned
O001376,C00256,2023-05-23,Delivered
O001377,C00396,2023-12-12,Delivered
O001378,C00454,2024-05-01,Cancelled
O001379,C01554,2024-05-01,Delivered
O001380,C00733,2024-04-22,Delivered
O001381,C01257,2023-07-03,Cancelled
O001382,C01471,2023-05-10,Delivered
O001383,C01012,2024-03-08,Delivered
O001384,C00575,2024-02-02,Delivered
O001385,C01448,2023-05-23,Shipped
O001386,C00402,2024-05-07,Returned
O001387,C00812,2023-11-21,Delivered
O001388,C00569,2024-04-28,Shipped
O001389,C01012,2024-09-17,Delivered
O001390,C00397,2023-05-18,Cancelled
O001391,C01398,2023-01-24,Shipped
O001392,C00360,2024-07-19,Delivered
O001393,C00134,2024-03-19,Delivered
O001394,C01168,2024-05-09,Returned
O001395,C01072,2024-10-08,Cancelled
O001396,C00562,2024-08-26,Delivered
O001397,C01389,2024-12-28,Delivered
O001398,C01389,2024-01-23,Shipped
O001399,C00518,2023-12-20,Cancelled
O001400,C00930,2023-10-18,Delivered
O001401,C00107,2023-04-14,Returned
O001402,C00886,2024-02-11,Returned
O001403,C00562,2023-07-14,Delivered
O001404,C01062,2024-11-22,Delivered
O001405,C00741,2024-02-16,Shipped
O001406,C00090,2024-02-25,Cancelled
O001407,C00097,2023-09-08,Delivered
O001408,C00011,2023-02-14,Delivered
O001409,C00168,2023-01-07,Shipped
O001410,C00463,2023-11-26,Cancelled
O001411,C00153,2023-03-14,Delivered
O001412,C00337,2024-02-07,Delivered
O001413,C00129,2024-11-10,Cancelled
O001414,C00199,2024-11-21,Delivered
O001415,C00885,2024-04-16,Returned
O001416,C01214,2023-06-01,Returned
O001417,C00685,2024-10-21,Returned
O001418,C00507,2024-11-09,Delivered
O001419,C00489,2023-06-16,Delivered
O001420,C00684,2024-06-27,Shipped
O001421,C00150,2023-07-26,Returned
O001422,C01269,2024-08-20,Delivered
O001423,C00196,2024-12-25,Cancelled
O001424,C00256,2023-01-15,Delivered
O001425,C00069,2024-11-02,Delivered
O001426,C01421,2024-03-11,Delivered
O001427,C00262,2024-12-26,Delivered
O001428,C00906,2023-11-26,Delivered
O001429,C01251,2024-10-10,Cancelled
O001430,C01388,2023-02-14,Delivered
O001431,C00107,2023-09-18,Delivered
O001432,C00782,2023-02-28,Delivered
O001433,C01265,2024-12-04,Returned
O001434,C00478,2024-09-14,Returned
O001435,C01352,2024-10-20,Shipped
O001436,C00929,2024-11-01,Delivered
O001437,C01271,2023-03-15,Shipped
O001438,C00696,2023-10-04,Cancelled
O001439,C00026,2023-02-22,Shipped
O001440,C00397,2023-06-23,Shipped
O001441,C00525,2023-06-05,Delivered
O001442,C01485,2023-11-14,Shipped
O001443,C00498,2023-07-15,Delivered
O001444,C00124,2023-03-26,Delivered
O001445,C01198,2023-05-10,Delivered
O001446,C00733,2023-04-17,Delivered
O001447,C01109,2024-12-19,Returned
O001448,C00302,2024-06-05,Delivered
O001449,C01236,2024-12-10,Delivered
O001450,C01061,2023-11-10,Shipped
O001451,C00297,2023-07-22,Delivered
O001452,C01039,2024-08-08,Returned
O001453,C00865,2023-08-27,Delivered
O001454,C00388,2023-08-07,Cancelled
O001455,C01160,2023-06-16,Delivered
O001456,C00333,2023-04-20,Delivered
O001457,C00450,2023-07-15,Delivered
O001458,C00457,2023-09-21,Cancelled
O001459,C00956,2024-04-08,Shipped
O001460,C00985,2023-02-07,Cancelled
O001461,C01516,2023-06-25,Delivered
O001462,C00820,2024-08-07,Delivered
O001463,C00014,2023-04-27,Delivered
O001464,C00733,2023-09-01,Delivered
O001465,C00236,2024-10-18,Delivered
O001466,C00399,2023-05-10,Cancelled
O001467,C01568,2023-03-19,Delivered
O001468,C00061,2023-12-02,Delivered
O001469,C00582,2023-08-07,Delivered
O001470,C00537,2024-01-08,Cancelled
O001471,C00696,2024-08-06,Returned
O001472,C00366,2023-04-18,Delivered
O001473,C00361,2024-02-01,Returned
O001474,C00043,2023-12-09,Returned
O001475,C00228,2023-04-22,Delivered
O001476,C00625,2024-03-07,Delivered
O001477,C00758,2023-07-08,Returned
O001478,C00351,2023-12-12,Shipped
O001479,C01277,2023-03-26,Delivered
O001480,C00134,2023-11-23,Delivered
O001481,C00389,2023-08-05,Delivered
O001482,C00775,2024-09-18,Cancelled
O001483,C00652,2023-02-12,Shipped
O001484,C01303,2023-11-14,Delivered
O001485,C01563,2023-11-02,Shipped
O001486,C00388,2024-06-19,Returned
O001487,C00603,2024-02-18,Returned
O001488,C00507,2024-04-05,Delivered
O001489,C00574,2024-07-21,Returned
O001490,C01041,2024-10-05,Shipped
O001491,C00429,2023-08-16,Cancelled
O001492,C01260,2024-01-03,Delivered
O001493,C01042,2024-10-06,Delivered
O001494,C01322,2024-12-25,Returned
O001495,C00767,2024-11-17,Delivered
O001496,C00951,2023-10-17,Delivered
O001497,C00766,2023-06-11,Shipped
O001498,C00990,2023-12-23,Cancelled
O001499,C00971,2024-06-16,Delivered
O001500,C01307,2023-12-19,Returned
O001501,C00075,2023-12-19,Delivered
O001502,C00416,2024-10-08,Delivered
O001503,C00481,2023-09-28,Delivered
O001504,C00627,2024-10-07,Delivered
O001505,C01171,2023-10-13,Delivered
O001506,C00767,2023-08-27,Delivered
O001507,C00174,2023-11-18,Delivered
O001508,C00173,2024-06-25,Delivered
O001509,C00472,2023-04-15,Shipped
O001510,C00953,2023-06-02,Shipped
O001511,C00689,2024-12-20,Delivered
O001512,C00886,2023-05-15,Delivered
O001513,C01019,2024-01-12,Delivered
O001514,C00784,2024-02-09,Delivered
O001515,C00905,2023-12-06,Delivered
O001516,C01322,2024-03-09,Delivered
O001517,C00169,2023-06-12,Delivered
O001518,C01051,2024-01-27,Shipped
O001519,C00161,2023-10-21,Returned
O001520,C00467,2024-04-09,Delivered
O001521,C00079,2023-04-04,Shipped
O001522,C00684,2024-02-07,Delivered
O001523,C00513,2023-05-22,Delivered
O001524,C01574,2023-07-24,Cancelled
O001525,C00391,2023-06-28,Cancelled
O001526,C01516,2023-05-20,Shipped
O001527,C00018,2024-09-09,Returned
O001528,C00578,2023-07-10,Returned
O001529,C00828,2024-11-12,Delivered
O001530,C01188,2024-12-27,Returned
O001531,C00025,2024-02-21,Delivered
O001532,C01050,2023-04-21,Returned
O001533,C00815,2023-10-05,Delivered
O001534,C01482,2024-08-08,Cancelled
O001535,C00972,2023-09-07,Delivered
O001536,C01552,2023-03-17,Delivered
O001537,C00945,2024-01-24,Delivered
O001538,C00176,2024-10-26,Delivered
O001539,C00385,2024-08-28,Delivered
O001540,C00856,2023-05-25,Delivered
O001541,C00922,2024-04-15,Returned
O001542,C01183,2023-06-18,Returned
O001543,C01512,2023-06-05,Delivered
O001544,C01350,2024-10-16,Returned
O001545,C00696,2023-07-12,Delivered
O001546,C00872,2023-07-14,Cancelled
O001547,C00827,2023-01-25,Returned
O001548,C01415,2024-10-25,Shipped
O001549,C00668,2024-07-10,Shipped
O001550,C01163,2024-03-01,Returned
O001551,C00315,2024-06-02,Delivered
O001552,C01290,2023-04-19,Returned
O001553,C00801,2023-11-20,Delivered
O001554,C00801,2023-09-07,Delivered
O001555,C00792,2023-03-18,Delivered
O001556,C00223,2023-12-16,Delivered
O001557,C00925,2024-11-19,Cancelled
O001558,C00191,2023-02-10,Delivered
O001559,C01383,2023-07-04,Shipped
O001560,C01001,2023-06-06,Delivered
O001561,C00408,2023-06-06,Delivered
O001562,C00582,2024-11-13,Delivered
O001563,C00597,2023-11-08,Cancelled
O001564,C00932,2023-11-17,Delivered
O001565,C01062,2024-06-12,Delivered
O001566,C00842,2023-05-06,Delivered
O001567,C00227,2023-12-06,Delivered
O001568,C00857,2023-11-18,Delivered
O001569,C00141,2024-02-24,Delivered
O001570,C00423,2024-12-28,Delivered
O001571,C00422,2024-06-28,Delivered
O001572,C01454,2023-10-14,Cancelled
O001573,C00326,2024-09-16,Shipped
O001574,C00636,2023-05-19,Shipped
O001575,C01030,2023-01-07,Cancelled
O001576,C00940,2023-06-22,Delivered
O001577,C00913,2023-09-07,Delivered
O001578,C00818,2023-12-27,Shipped
O001579,C00506,2024-03-26,Shipped
O001580,C01166,2024-11-11,Delivered
O001581,C00948,2023-12-15,Shipped
O001582,C00187,2023-12-02,Delivered
O001583,C00801,2023-02-21,Shipped
O001584,C00359,2023-01-27,Delivered
O001585,C01266,2024-01-08,Cancelled
O001586,C00938,2023-11-14,Delivered
O001587,C00376,2024-10-22,Cancelled
O001588,C00196,2023-05-19,Delivered
O001589,C00090,2023-01-23,Delivered
O001590,C00324,2023-11-28,Delivered
O001591,C01102,2023-06-21,Delivered
O001592,C01480,2023-02-22,Delivered
O001593,C00843,2024-06-16,Returned
O001594,C01597,2023-03-18,Delivered
O001595,C00924,2024-02-14,Delivered
O001596,C00425,2023-07-09,Shipped
O001597,C00947,2023-05-02,Delivered
O001598,C01309,2023-10-03,Cancelled
O001599,C01536,2024-08-22,Delivered
O001600,C00704,2023-10-13,Cancelled
O001601,C00399,2024-06-13,Delivered
O001602,C00235,2023-04-02,Cancelled
O001603,C00670,2024-06-05,Cancelled
O001604,C00993,2023-06-24,Delivered
O001605,C01346,2024-04-03,Delivered
O001606,C00897,2024-01-23,Delivered
O001607,C00572,2024-11-16,Returned
O001608,C00350,2023-10-06,Returned
O001609,C01244,2023-02-01,Delivered
O001610,C00255,2023-01-06,Shipped
O001611,C00801,2024-09-24,Delivered
O001612,C01376,2023-12-03,Returned
O001613,C01388,2024-07-01,Delivered
O001614,C00734,2023-06-05,Delivered
O001615,C00071,2023-09-07,Cancelled
O001616,C00443,2023-01-18,Delivered
O001617,C00098,2024-12-23,Returned
O001618,C01357,2024-04-21,Cancelled
O001619,C00211,2024-11-22,Delivered
O001620,C00910,2023-07-23,Delivered
O001621,C00010,2024-03-20,Delivered
O001622,C00773,2024-04-25,Returned
O001623,C00512,2023-08-07,Delivered
O001624,C00410,2024-10-08,Delivered
O001625,C00864,2024-12-01,Delivered
O001626,C00691,2024-11-01,Returned
O001627,C01393,2024-06-07,Cancelled
O001628,C01361,2023-07-03,Delivered
O001629,C01050,2023-07-24,Delivered
O001630,C00670,2024-12-27,Delivered
O001631,C00389,2023-01-18,Shipped
O001632,C01110,2024-05-07,Delivered
O001633,C00248,2024-05-14,Delivered
O001634,C00217,2024-03-07,Delivered
O001635,C00356,2024-12-11,Delivered
O001636,C01340,2023-08-13,Delivered
O001637,C00798,2023-09-01,Delivered
O001638,C00451,2023-03-15,Delivered
O001639,C00571,2023-11-22,Cancelled
O001640,C00090,2023-07-20,Delivered
O001641,C00842,2023-09-07,Delivered
O001642,C01227,2024-09-25,Delivered
O001643,C01460,2024-11-04,Shipped
O001644,C00516,2023-05-26,Delivered
O001645,C00665,2023-10-20,Cancelled
O001646,C00796,2024-11-23,Cancelled
O001647,C01560,2023-02-25,Cancelled
O001648,C01199,2023-03-11,Delivered
O001649,C01047,2023-05-13,Cancelled
O001650,C00477,2024-02-24,Shipped
O001651,C00028,2023-04-19,Delivered
O001652,C01263,2024-12-01,Returned
O001653,C00633,2023-11-04,Delivered
O001654,C00878,2023-12-24,Returned
O001655,C01270,2023-07-08,Delivered
O001656,C00768,2023-12-02,Delivered
O001657,C00414,2024-04-10,Delivered
O001658,C00419,2024-06-13,Cancelled
O001659,C00488,2024-06-02,Cancelled
O001660,C00909,2024-02-20,Cancelled
O001661,C00275,2024-11-11,Delivered
O001662,C01319,2024-09-11,Returned
O001663,C00082,2024-06-25,Shipped
O001664,C01328,2023-02-26,Returned
O001665,C01538,2023-01-10,Delivered
O001666,C01501,2023-06-08,Delivered
O001667,C00497,2024-04-11,Delivered
O001668,C00111,2023-11-18,Cancelled
O001669,C01426,2023-10-08,Cancelled
O001670,C01246,2024-11-08,Returned
O001671,C01068,2024-11-13,Delivered
O001672,C00906,2024-11-06,Cancelled
O001673,C01007,2023-08-01,Delivered
O001674,C00107,2024-05-07,Cancelled
O001675,C00419,2023-07-05,Delivered
O001676,C01214,2023-05-03,Shipped
O001677,C00419,2023-05-27,Delivered
O001678,C00161,2023-09-17,Delivered
O001679,C00957,2023-11-24,Delivered
O001680,C01478,2024-09-06,Delivered
O001681,C00510,2023-04-08,Delivered
O001682,C01181,2024-06-10,Delivered
O001683,C00164,2023-12-21,Delivered
O001684,C00904,2023-07-13,Delivered
O001685,C01249,2023-12-17,Cancelled
O001686,C01558,2023-08-14,Delivered
O001687,C00041,2024-02-27,Returned
O001688,C00876,2023-11-13,Returned
O001689,C00615,2023-05-03,Shipped
O001690,C01489,2023-04-18,Delivered
O001691,C00780,2024-01-09,Delivered
O001692,C00929,2024-11-10,Delivered
O001693,C01152,2023-09-13,Shipped
O001694,C00148,2024-06-16,Delivered
O001695,C00962,2024-04-05,Delivered
O001696,C00389,2024-11-05,Delivered
O001697,C01026,2024-09-01,Cancelled
O001698,C00767,2024-01-24,Delivered
O001699,C00852,2024-04-13,Delivered
O001700,C00765,2024-11-24,Delivered
O001701,C01205,2023-10-16,Delivered
O001702,C00080,2023-08-14,Delivered
O001703,C00333,2023-01-13,Delivered
O001704,C00894,2024-09-25,Delivered
O001705,C01540,2024-08-25,Cancelled
O001706,C01001,2023-03-12,Cancelled
O001707,C00755,2024-02-23,Cancelled
O001708,C00790,2023-11-02,Delivered
O001709,C00506,2023-04-24,Delivered
O001710,C00071,2024-12-16,Returned
O001711,C01448,2023-06-12,Cancelled
O001712,C01429,2023-02-01,Cancelled
O001713,C00303,2024-02-21,Delivered
O001714,C01395,2024-06-20,Delivered
O001715,C01234,2023-01-09,Shipped
O001716,C00331,2024-04-22,Delivered
O001717,C00190,2024-01-04,Cancelled
O001718,C00788,2023-03-23,Delivered
O001719,C01062,2023-05-23,Delivered
O001720,C00340,2024-01-14,Returned
O001721,C01417,2023-08-14,Delivered
O001722,C01092,2024-11-17,Cancelled
O001723,C01201,2024-09-13,Delivered
O001724,C00843,2024-12-24,Returned
O001725,C00224,2023-07-24,Cancelled
O001726,C01591,2024-12-19,Returned
O001727,C00551,2023-11-12,Cancelled
O001728,C00816,2023-09-07,Cancelled
O001729,C00014,2023-02-10,Delivered
O001730,C01008,2023-02-27,Delivered
O001731,C00144,2024-05-04,Returned
O001732,C00856,2023-11-23,Shipped
O001733,C01341,2023-06-14,Delivered
O001734,C00883,2024-03-24,Delivered
O001735,C00276,2023-07-06,Delivered
O001736,C00373,2024-02-16,Shipped
O001737,C00121,2023-09-04,Cancelled
O001738,C01555,2024-09-06,Delivered
O001739,C00838,2024-09-09,Delivered
O001740,C01279,2023-12-21,Delivered
O001741,C01304,2023-09-28,Delivered
O001742,C00601,2023-09-03,Delivered
O001743,C00256,2024-08-13,Delivered
O001744,C00701,2023-08-03,Delivered
O001745,C00481,2023-06-19,Delivered
O001746,C01558,2023-03-16,Delivered
O001747,C00126,2023-11-01,Delivered
O001748,C00086,2023-12-25,Delivered
O001749,C01070,2024-10-07,Returned
O001750,C01560,2023-06-01,Delivered
O001751,C01551,2023-10-16,Delivered
O001752,C00880,2024-08-20,Delivered
O001753,C01397,2024-09-12,Delivered
O001754,C00776,2023-10-11,Shipped
O001755,C00730,2023-11-02,Returned
O001756,C00007,2023-08-11,Delivered
O001757,C01431,2024-11-28,Delivered
O001758,C00252,2023-04-24,Returned
O001759,C00573,2024-11-17,Cancelled
O001760,C00510,2024-04-25,Delivered
O001761,C01267,2023-12-15,Cancelled
O001762,C01055,2023-01-22,Delivered
O001763,C00385,2023-12-22,Delivered
O001764,C00035,2023-10-21,Cancelled
O001765,C00094,2023-05-12,Returned
O001766,C00667,2024-04-24,Cancelled
O001767,C00479,2024-12-15,Shipped
O001768,C00820,2024-01-16,Cancelled
O001769,C00167,2024-05-20,Delivered
O001770,C01349,2023-02-14,Returned
O001771,C01504,2023-11-23,Delivered
O001772,C01244,2023-04-10,Delivered
O001773,C00294,2024-03-23,Returned
O001774,C01172,2024-12-17,Returned
O001775,C01468,2024-04-28,Shipped
O001776,C00345,2023-02-02,Delivered
O001777,C01358,2023-09-04,Shipped
O001778,C00499,2024-01-08,Delivered
O001779,C01543,2023-10-06,Cancelled
O001780,C00184,2024-09-23,Delivered
O001781,C01466,2024-08-14,Delivered
O001782,C00669,2024-03-06,Delivered
O001783,C00575,2023-10-25,Delivered
O001784,C01374,2023-07-24,Delivered
O001785,C01298,2023-03-22,Cancelled
O001786,C00186,2023-09-16,Returned
O001787,C00459,2023-11-23,Shipped
O001788,C01231,2024-04-25,Delivered
O001789,C00773,2024-04-21,Cancelled
O001790,C00782,2023-02-24,Cancelled
O001791,C01151,2023-10-21,Returned
O001792,C00478,2023-05-14,Delivered
O001793,C00237,2023-05-09,Delivered
O001794,C00229,2024-09-03,Delivered
O001795,C01517,2023-02-11,Shipped
O001796,C01525,2023-11-07,Delivered
O001797,C00754,2023-05-19,Delivered
O001798,C00642,2024-11-28,Delivered
O001799,C00004,2024-01-19,Delivered
O001800,C01209,2023-06-02,Shipped
O001801,C00795,2023-12-07,Delivered
O001802,C01580,2024-06-11,Delivered
O001803,C01392,2024-12-26,Returned
O001804,C01065,2023-06-05,Cancelled
O001805,C01210,2024-11-20,Delivered
O001806,C00810,2024-11-04,Delivered
O001807,C00944,2024-11-18,Delivered
O001808,C00608,2024-03-05,Returned
O001809,C01024,2024-03-08,Cancelled
O001810,C00302,2023-10-15,Shipped
O001811,C00299,2024-06-10,Cancelled
O001812,C01440,2023-12-22,Delivered
O001813,C00656,2024-04-20,Delivered
O001814,C01411,2023-11-17,Delivered
O001815,C01447,2024-06-09,Shipped
O001816,C01293,2024-09-16,Returned
O001817,C00121,2023-04-07,Returned
O001818,C00313,2024-09-11,Returned
O001819,C01501,2024-01-23,Returned
O001820,C01435,2024-10-08,Cancelled
O001821,C00367,2023-11-02,Returned
O001822,C01490,2023-10-16,Delivered
O001823,C01351,2024-11-10,Returned
O001824,C00045,2023-07-06,Shipped
O001825,C00692,2024-10-13,Delivered
O001826,C00714,2023-12-22,Returned
O001827,C00801,2023-12-13,Delivered
O001828,C01489,2023-08-17,Delivered
O001829,C01427,2024-02-10,Delivered
O001830,C01123,2023-08-23,Delivered
O001831,C01454,2023-02-04,Delivered
O001832,C01341,2023-07-15,Delivered
O001833,C00905,2023-01-19,Cancelled
O001834,C00597,2024-12-16,Delivered
O001835,C00447,2024-12-07,Returned
O001836,C00019,2023-10-24,Delivered
O001837,C01179,2024-06-24,Delivered
O001838,C00875,2023-09-22,Cancelled
O001839,C00345,2024-04-27,Delivered
O001840,C00729,2024-08-04,Delivered
O001841,C00108,2024-12-06,Delivered
O001842,C00889,2023-10-17,Delivered
O001843,C01480,2024-07-21,Delivered
O001844,C00494,2023-07-08,Delivered
O001845,C00620,2024-12-16,Cancelled
O001846,C01337,2023-01-20,Cancelled
O001847,C01589,2024-02-13,Cancelled
O001848,C01374,2024-04-26,Cancelled
O001849,C01593,2024-05-03,Delivered
O001850,C00564,2023-04-28,Cancelled
O001851,C00912,2024-12-21,Delivered
O001852,C00239,2023-05-01,Delivered
O001853,C01002,2024-03-04,Cancelled
O001854,C01044,2023-06-22,Delivered
O001855,C01202,2023-08-01,Shipped
O001856,C00983,2024-01-19,Delivered
O001857,C01527,2023-11-23,Delivered
O001858,C00371,2023-05-26,Delivered
O001859,C01321,2023-05-16,Cancelled
O001860,C01171,2023-11-14,Delivered
O001861,C00667,2024-06-04,Delivered
O001862,C01101,2024-11-23,Delivered
O001863,C01099,2023-03-13,Returned
O001864,C01001,2023-10-26,Delivered
O001865,C01198,2023-03-17,Shipped
O001866,C00255,2023-01-23,Returned
O001867,C00425,2024-04-25,Cancelled
O001868,C00371,2024-02-04,Returned
O001869,C01424,2023-05-20,Delivered
O001870,C00644,2023-06-01,Delivered
O001871,C00423,2023-01-02,Cancelled
O001872,C00180,2024-09-06,Shipped
O001873,C01543,2024-12-09,Delivered
O001874,C00256,2023-04-03,Shipped
O001875,C01115,2023-06-10,Delivered
O001876,C01348,2024-10-14,Delivered
O001877,C00616,2024-11-08,Delivered
O001878,C00601,2023-11-17,Cancelled
O001879,C01424,2023-02-18,Delivered
O001880,C01242,2023-02-17,Shipped
O001881,C00430,2024-02-17,Cancelled
O001882,C01358,2023-10-04,Returned
O001883,C00386,2023-01-02,Delivered
O001884,C00441,2024-02-10,Delivered
O001885,C01131,2023-01-20,Delivered
O001886,C00736,2024-07-19,Delivered
O001887,C01494,2023-08-05,Shipped
O001888,C00153,2023-02-14,Shipped
O001889,C00534,2024-02-09,Delivered
O001890,C00820,2023-10-21,Delivered
O001891,C00521,2024-12-03,Cancelled
O001892,C00294,2024-01-14,Shipped
O001893,C00145,2023-07-07,Cancelled
O001894,C00552,2024-05-24,Cancelled
O001895,C01323,2023-07-23,Delivered
O001896,C00763,2024-11-23,Shipped
O001897,C01327,2023-10-22,Returned
O001898,C01239,2024-01-17,Delivered
O001899,C00315,2023-02-14,Delivered
O001900,C00889,2023-11-26,Delivered
O001901,C01237,2024-09-01,Delivered
O001902,C00554,2024-08-03,Delivered
O001903,C00226,2023-06-18,Cancelled
O001904,C00834,2023-06-18,Delivered
O001905,C01312,2024-09-11,Delivered
O001906,C00684,2024-11-12,Returned
O001907,C00561,2023-03-09,Delivered
O001908,C00773,2023-11-04,Delivered
O001909,C00216,2023-09-13,Returned
O001910,C00360,2024-10-04,Shipped
O001911,C00628,2023-03-24,Shipped
O001912,C00196,2023-06-27,Shipped
O001913,C01435,2024-06-12,Shipped
O001914,C00578,2023-02-28,Shipped
O001915,C00099,2023-12-09,Delivered
O001916,C01540,2023-11-11,Delivered
O001917,C00707,2023-09-06,Returned
O001918,C01389,2023-10-24,Returned
O001919,C01218,2023-12-18,Returned
O001920,C00977,2023-05-13,Shipped
O001921,C00020,2024-02-05,Cancelled
O001922,C00319,2024-08-17,Cancelled
O001923,C00293,2024-06-05,Delivered
O001924,C00109,2023-04-19,Cancelled
O001925,C00759,2023-04-21,Cancelled
O001926,C01389,2023-07-25,Shipped
O001927,C01448,2023-09-14,Delivered
O001928,C00899,2023-10-06,Delivered
O001929,C00960,2024-04-26,Shipped
O001930,C00565,2023-02-10,Delivered
O001931,C00469,2023-01-17,Delivered
O001932,C00626,2023-10-21,Delivered
O001933,C00641,2024-05-25,Returned
O001934,C00163,2023-06-03,Delivered
O001935,C00492,2024-03-24,Delivered
O001936,C01179,2023-07-06,Delivered
O001937,C01523,2024-11-03,Delivered
O001938,C01010,2024-11-18,Returned
O001939,C00022,2023-08-28,Delivered
O001940,C01497,2023-06-22,Delivered
O001941,C01055,2023-11-16,Cancelled
O001942,C00256,2023-06-22,Delivered
O001943,C01263,2024-04-01,Delivered
O001944,C01528,2024-09-27,Delivered
O001945,C00871,2024-04-23,Cancelled
O001946,C01536,2024-09-18,Delivered
O001947,C01514,2023-10-08,Cancelled
O001948,C01401,2023-05-27,Shipped
O001949,C01244,2024-06-02,Delivered
O001950,C01382,2023-09-06,Returned
O001951,C00461,2024-04-17,Delivered
O001952,C00752,2023-07-03,Returned
O001953,C00105,2023-03-05,Delivered
O001954,C00777,2024-12-16,Delivered
O001955,C00232,2023-05-12,Delivered
O001956,C00512,2024-12-22,Returned
O001957,C01570,2024-12-18,Returned
O001958,C00595,2024-07-04,Delivered
O001959,C00602,2024-04-16,Delivered
O001960,C00005,2024-02-07,Cancelled
O001961,C01165,2024-10-21,Delivered
O001962,C00625,2023-07-07,Cancelled
O001963,C00073,2023-11-17,Delivered
O001964,C00729,2024-03-20,Delivered
O001965,C00725,2023-11-20,Delivered
O001966,C01480,2023-11-01,Delivered
O001967,C00019,2023-08-13,Delivered
O001968,C01008,2024-01-14,Delivered
O001969,C01084,2024-10-03,Shipped
O001970,C00842,2023-06-05,Delivered
O001971,C00015,2024-11-16,Delivered
O001972,C01345,2024-05-25,Delivered
O001973,C00964,2024-09-08,Delivered
O001974,C00613,2024-01-12,Delivered
O001975,C00374,2024-07-14,Shipped
O001976,C00332,2023-01-26,Delivered
O001977,C01531,2024-09-12,Delivered
O001978,C00736,2023-02-01,Returned
O001979,C00407,2024-11-23,Delivered
O001980,C00584,2024-12-07,Delivered
O001981,C00809,2023-08-05,Delivered
O001982,C00408,2023-06-24,Delivered
O001983,C00545,2024-06-22,Delivered
O001984,C01002,2023-07-14,Shipped
O001985,C01397,2024-10-16,Cancelled
O001986,C01566,2023-03-05,Returned
O001987,C01487,2023-04-13,Cancelled
O001988,C00797,2024-12-27,Delivered
O001989,C00221,2024-04-04,Returned
O001990,C00259,2024-10-01,Delivered
O001991,C01025,2023-08-12,Delivered
O001992,C01402,2024-04-25,Delivered
O001993,C01390,2024-02-02,Returned
O001994,C00880,2024-02-11,Shipped
O001995,C00017,2024-04-24,Delivered
O001996,C00593,2024-02-16,Delivered
O001997,C01559,2023-11-16,Delivered
O001998,C01494,2023-07-08,Shipped
O001999,C00511,2024-06-06,Delivered
O002000,C01436,2023-06-25,Delivered
O002001,C00879,2024-05-22,Delivered
O002002,C00212,2023-06-16,Cancelled
O002003,C01029,2024-03-24,Shipped
O002004,C00387,2024-06-06,Returned
O002005,C00470,2023-06-19,Delivered
O002006,C00079,2023-02-05,Delivered
O002007,C00409,2023-04-07,Delivered
O002008,C00105,2024-02-28,Delivered
O002009,C01076,2024-10-14,Delivered
O002010,C01298,2023-02-23,Delivered
O002011,C00689,2024-06-08,Delivered
O002012,C00126,2023-09-16,Shipped
O002013,C01319,2023-12-14,Delivered
O002014,C00226,2024-11-10,Delivered
O002015,C00575,2023-09-12,Delivered
O002016,C00857,2023-11-23,Delivered
O002017,C00373,2023-01-11,Delivered
O002018,C00107,2023-03-01,Cancelled
O002019,C00659,2023-07-24,Delivered
O002020,C00967,2023-01-10,Delivered
O002021,C00883,2024-03-20,Delivered
O002022,C01007,2023-11-09,Delivered
O002023,C00624,2024-01-11,Delivered
O002024,C01371,2023-05-04,Delivered
O002025,C01131,2023-08-22,Returned
O002026,C00267,2024-04-28,Delivered
O002027,C01519,2024-12-12,Returned
O002028,C01522,2023-02-12,Returned
O002029,C01084,2024-11-19,Shipped
O002030,C00566,2024-02-12,Delivered
O002031,C00218,2024-01-19,Delivered
O002032,C01233,2023-12-21,Delivered
O002033,C01341,2023-02-02,Returned
O002034,C00396,2023-03-07,Cancelled
O002035,C00154,2024-02-15,Shipped
O002036,C01486,2023-09-20,Delivered
O002037,C00414,2024-11-25,Shipped
O002038,C00315,2023-10-24,Delivered
O002039,C00857,2023-04-05,Shipped
O002040,C00518,2024-05-23,Returned
O002041,C00750,2023-08-28,Delivered
O002042,C01470,2023-12-21,Delivered
O002043,C00139,2024-05-14,Delivered
O002044,C01073,2024-11-14,Shipped
O002045,C00045,2024-07-26,Delivered
O002046,C00562,2024-04-20,Cancelled
O002047,C00094,2024-04-05,Shipped
O002048,C01421,2024-12-02,Delivered
O002049,C00815,2023-08-24,Delivered
O002050,C00897,2023-01-22,Returned
O002051,C01152,2023-07-17,Returned
O002052,C01244,2023-06-13,Delivered
O002053,C00377,2024-04-07,Delivered
O002054,C01427,2024-03-06,Delivered
O002055,C01051,2024-02-26,Delivered
O002056,C01450,2023-01-17,Cancelled
O002057,C00531,2024-06-17,Delivered
O002058,C01451,2023-08-28,Delivered
O002059,C00244,2024-04-18,Delivered
O002060,C00094,2024-01-08,Shipped
O002061,C00598,2023-09-08,Delivered
O002062,C00569,2023-04-21,Delivered
O002063,C00106,2023-03-09,Cancelled
O002064,C00431,2024-09-08,Shipped
O002065,C00003,2024-11-04,Cancelled
O002066,C01296,2024-04-12,Shipped
O002067,C00665,2023-03-12,Delivered
O002068,C00274,2023-10-23,Delivered
O002069,C00604,2024-06-20,Delivered
O002070,C01282,2024-07-02,Returned
O002071,C00729,2023-04-01,Delivered
O002072,C00573,2023-01-24,Delivered
O002073,C00033,2024-05-09,Shipped
O002074,C01195,2023-09-22,Delivered
O002075,C01410,2023-07-24,Delivered
O002076,C00423,2023-01-21,Returned
O002077,C00665,2024-01-15,Delivered
O002078,C01192,2024-10-07,Cancelled
O002079,C01542,2024-12-26,Delivered
O002080,C00914,2024-01-05,Delivered
O002081,C01488,2023-12-24,Delivered
O002082,C00372,2023-03-12,Delivered
O002083,C00361,2024-01-06,Delivered
O002084,C01494,2023-10-19,Delivered
O002085,C00578,2024-02-21,Delivered
O002086,C00334,2023-10-10,Delivered
O002087,C00808,2023-06-27,Cancelled
O002088,C00385,2023-03-20,Delivered
O002089,C00148,2023-08-05,Delivered
O002090,C01489,2023-03-08,Returned
O002091,C00025,2023-05-26,Shipped
O002092,C00774,2024-12-04,Delivered
O002093,C00226,2023-11-01,Returned
O002094,C01564,2024-01-01,Returned
O002095,C00090,2024-10-21,Delivered
O002096,C01578,2024-12-08,Delivered
O002097,C01285,2024-02-09,Shipped
O002098,C00020,2024-08-01,Returned
O002099,C00175,2023-08-04,Delivered
O002100,C01556,2023-08-05,Shipped
O002101,C00630,2023-10-15,Delivered
O002102,C00317,2024-04-16,Delivered
O002103,C01114,2024-04-02,Cancelled
O002104,C01114,2023-08-09,Delivered
O002105,C00092,2023-04-01,Delivered
O002106,C00608,2024-03-18,Delivered
O002107,C00291,2023-04-17,Delivered
O002108,C00465,2024-02-08,Delivered
O002109,C00302,2024-05-13,Delivered
O002110,C00588,2024-05-21,Delivered
O002111,C00788,2024-06-22,Cancelled
O002112,C00231,2024-10-23,Delivered
O002113,C00226,2023-12-06,Delivered
O002114,C00578,2024-06-04,Delivered
O002115,C01261,2024-03-03,Delivered
O002116,C00739,2023-05-04,Delivered
O002117,C00878,2023-01-02,Shipped
O002118,C00372,2023-07-11,Cancelled
O002119,C00308,2023-11-14,Cancelled
O002120,C01280,2024-03-22,Returned
O002121,C00714,2024-10-10,Delivered
O002122,C01023,2023-06-09,Cancelled
O002123,C00005,2023-04-12,Returned
O002124,C01593,2024-12-05,Cancelled
O002125,C00138,2023-03-05,Delivered
O002126,C00876,2023-12-19,Cancelled
O002127,C00297,2024-02-09,Delivered
O002128,C00262,2024-01-11,Delivered
O002129,C00654,2023-03-25,Delivered
O002130,C01340,2023-02-14,Delivered
O002131,C01019,2023-03-13,Shipped
O002132,C01009,2024-02-18,Shipped
O002133,C00472,2024-01-18,Delivered
O002134,C00450,2023-06-03,Cancelled
O002135,C00741,2024-03-03,Delivered
O002136,C00036,2024-09-07,Delivered
O002137,C00971,2023-02-18,Delivered
O002138,C00123,2023-12-04,Delivered
O002139,C01595,2024-05-12,Returned
O002140,C00604,2023-07-05,Delivered
O002141,C00863,2023-08-05,Delivered
O002142,C00460,2024-03-07,Delivered
O002143,C00283,2024-11-24,Delivered
O002144,C01442,2024-08-23,Delivered
O002145,C01502,2024-02-13,Delivered
O002146,C00870,2024-06-23,Delivered
O002147,C01437,2023-09-02,Delivered
O002148,C00152,2024-03-22,Delivered
O002149,C01217,2023-11-27,Returned
O002150,C00749,2023-05-06,Delivered
O002151,C00158,2024-05-03,Delivered
O002152,C00853,2024-01-19,Delivered
O002153,C00374,2023-09-25,Delivered
O002154,C00287,2024-11-24,Cancelled
O002155,C00963,2023-01-17,Delivered
O002156,C00910,2023-08-24,Returned
O002157,C01424,2023-02-21,Delivered
O002158,C00228,2024-06-10,Delivered
O002159,C00066,2024-05-02,Shipped
O002160,C00023,2023-08-25,Delivered
O002161,C00868,2024-04-27,Cancelled
O002162,C01135,2023-10-15,Cancelled
O002163,C00529,2024-06-27,Shipped
O002164,C00627,2023-11-17,Cancelled
O002165,C00868,2023-11-08,Delivered
O002166,C00189,2024-11-09,Shipped
O002167,C01522,2023-07-13,Delivered
O002168,C01268,2023-04-13,Delivered
O002169,C00377,2024-02-08,Returned
O002170,C01146,2024-12-24,Shipped
O002171,C00960,2023-10-27,Delivered
O002172,C01337,2023-02-11,Cancelled
O002173,C00780,2023-09-13,Delivered
O002174,C01325,2023-12-02,Delivered
O002175,C00214,2023-05-07,Delivered
O002176,C01236,2024-04-12,Returned
O002177,C00688,2024-12-28,Delivered
O002178,C00578,2023-11-08,Delivered
O002179,C00134,2023-09-18,Delivered
O002180,C00023,2023-10-20,Returned
O002181,C00385,2023-03-10,Shipped
O002182,C01308,2024-11-07,Delivered
O002183,C00175,2023-11-08,Shipped
O002184,C00092,2023-10-19,Shipped
O002185,C00991,2024-04-26,Delivered
O002186,C00191,2023-11-02,Delivered
O002187,C00731,2024-04-01,Returned
O002188,C00816,2023-02-10,Shipped
O002189,C00645,2024-08-07,Returned
O002190,C01487,2024-12-13,Delivered
O002191,C01440,2024-04-05,Cancelled
O002192,C00679,2024-12-04,Delivered
O002193,C01032,2023-04-24,Delivered
O002194,C00308,2023-12-17,Delivered
O002195,C00977,2024-02-19,Shipped
O002196,C00077,2024-02-28,Delivered
O002197,C01398,2023-10-06,Delivered
O002198,C01282,2023-09-03,Delivered
O002199,C01396,2023-04-23,Cancelled
O002200,C01575,2023-10-05,Cancelled
O002201,C01072,2023-05-06,Returned
O002202,C00917,2024-06-11,Returned
O002203,C00695,2023-06-05,Delivered
O002204,C01277,2023-02-12,Returned
O002205,C00082,2024-01-14,Cancelled
O002206,C01399,2024-02-25,Delivered
O002207,C00428,2024-10-08,Shipped
O002208,C00154,2024-02-20,Delivered
O002209,C01019,2023-09-19,Delivered
O002210,C00031,2024-08-26,Delivered
O002211,C00634,2024-01-25,Shipped
O002212,C01022,2023-03-28,Delivered
O002213,C00643,2024-01-15,Delivered
O002214,C00331,2024-11-10,Delivered
O002215,C01181,2023-10-09,Delivered
O002216,C00146,2023-08-12,Delivered
O002217,C00525,2023-04-23,Returned
O002218,C01165,2023-04-15,Delivered
O002219,C00745,2023-11-02,Returned
O002220,C00838,2024-02-10,Returned
O002221,C01394,2023-03-20,Delivered
O002222,C00752,2024-12-15,Shipped
O002223,C01280,2024-06-28,Delivered
O002224,C00171,2024-02-12,Cancelled
O002225,C01037,2024-09-14,Delivered
O002226,C01398,2023-03-09,Delivered
O002227,C01319,2023-12-20,Delivered
O002228,C01434,2024-03-24,Returned
O002229,C00017,2024-09-18,Delivered
O002230,C00216,2024-07-28,Delivered
O002231,C01168,2023-07-13,Delivered
O002232,C00150,2024-12-28,Delivered
O002233,C00947,2023-04-13,Cancelled
O002234,C00715,2024-10-03,Delivered
O002235,C01316,2024-12-15,Shipped
O002236,C00953,2023-05-27,Delivered
O002237,C01499,2024-05-03,Delivered
O002238,C01574,2023-02-13,Delivered
O002239,C00823,2023-10-07,Delivered
O002240,C00650,2023-12-03,Delivered
O002241,C00996,2024-02-20,Delivered
O002242,C01519,2024-11-23,Delivered
O002243,C00571,2024-04-04,Delivered
O002244,C01117,2023-12-02,Delivered
O002245,C00299,2024-08-16,Cancelled
O002246,C00656,2024-12-07,Shipped
O002247,C00779,2023-01-02,Delivered
O002248,C00741,2024-12-26,Returned
O002249,C00434,2023-03-14,Returned
O002250,C01554,2024-08-01,Cancelled
O002251,C00517,2023-07-14,Cancelled
O002252,C00561,2023-04-06,Delivered
O002253,C00611,2023-11-03,Returned
O002254,C00925,2024-03-23,Returned
O002255,C01075,2023-10-14,Delivered
O002256,C00377,2023-02-22,Returned
O002257,C00190,2024-02-02,Delivered
O002258,C01543,2024-11-11,Delivered
O002259,C00407,2023-10-06,Delivered
O002260,C00987,2023-06-14,Delivered
O002261,C01411,2023-11-18,Returned
O002262,C01427,2023-02-06,Delivered
O002263,C01420,2024-09-12,Shipped
O002264,C00021,2024-09-13,Shipped
O002265,C00407,2024-02-26,Delivered
O002266,C01368,2023-09-24,Shipped
O002267,C00297,2024-08-20,Delivered
O002268,C01504,2024-01-22,Cancelled
O002269,C01509,2024-09-27,Cancelled
O002270,C00030,2024-03-11,Delivered
O002271,C00303,2024-07-15,Delivered
O002272,C00649,2024-02-28,Delivered
O002273,C00833,2023-11-26,Delivered
O002274,C01480,2024-12-17,Delivered
O002275,C00258,2024-01-15,Cancelled
O002276,C01309,2024-02-15,Shipped
O002277,C00385,2023-06-04,Delivered
O002278,C01586,2024-03-23,Delivered
O002279,C00443,2024-02-20,Delivered
O002280,C01392,2023-05-07,Shipped
O002281,C00759,2023-02-01,Returned
O002282,C00034,2024-02-12,Delivered
O002283,C01029,2024-06-10,Returned
O002284,C00256,2023-12-28,Cancelled
O002285,C00934,2023-06-16,Delivered
O002286,C00721,2024-04-14,Delivered
O002287,C00873,2023-03-27,Shipped
O002288,C00688,2023-11-25,Delivered
O002289,C00940,2023-05-06,Delivered
O002290,C01219,2023-05-12,Delivered
O002291,C00782,2023-06-18,Delivered
O002292,C01351,2023-10-28,Cancelled
O002293,C01299,2023-02-22,Delivered
O002294,C01271,2023-10-23,Returned
O002295,C00180,2023-12-04,Returned
O002296,C00184,2023-12-27,Cancelled
O002297,C01263,2023-10-01,Delivered
O002298,C01017,2024-10-04,Cancelled
O002299,C01278,2023-04-25,Shipped
O002300,C01298,2023-12-04,Delivered
O002301,C00067,2023-02-17,Cancelled
O002302,C00434,2023-02-10,Delivered
O002303,C00932,2024-02-25,Shipped
O002304,C00235,2024-01-13,Delivered
O002305,C00962,2024-11-28,Delivered
O002306,C00951,2024-01-12,Delivered
O002307,C01321,2024-12-27,Cancelled
O002308,C00459,2023-02-26,Shipped
O002309,C00549,2023-03-10,Cancelled
O002310,C00009,2023-02-09,Delivered
O002311,C00032,2023-05-02,Delivered
O002312,C00767,2024-01-05,Returned
O002313,C01229,2024-03-27,Delivered
O002314,C00350,2023-02-11,Shipped
O002315,C00496,2024-12-14,Shipped
O002316,C00395,2024-10-13,Shipped
O002317,C00106,2023-08-21,Returned
O002318,C00826,2023-03-19,Delivered
O002319,C00896,2023-05-17,Delivered
O002320,C01033,2023-04-04,Delivered
O002321,C00803,2023-04-21,Returned
O002322,C01285,2023-12-25,Delivered
O002323,C01133,2023-07-27,Delivered
O002324,C00418,2023-09-11,Delivered
O002325,C00053,2024-12-03,Delivered
O002326,C01578,2024-04-01,Shipped
O002327,C00057,2024-12-05,Shipped
O002328,C01114,2023-04-23,Delivered
O002329,C00784,2023-10-19,Delivered
O002330,C01504,2024-01-24,Delivered
O002331,C01294,2023-02-15,Returned
O002332,C00383,2023-01-12,Delivered
O002333,C00455,2024-04-21,Delivered
O002334,C01097,2024-03-07,Returned
O002335,C01488,2023-11-08,Returned
O002336,C00775,2023-12-26,Returned
O002337,C01351,2023-11-09,Delivered
O002338,C00295,2023-01-09,Cancelled
O002339,C00212,2023-09-01,Delivered
O002340,C01221,2023-05-15,Delivered
O002341,C00191,2023-03-04,Delivered
O002342,C00741,2024-12-16,Returned
O002343,C00801,2024-02-07,Delivered
O002344,C00045,2024-06-16,Delivered
O002345,C00997,2023-08-03,Cancelled
O002346,C00643,2023-10-03,Cancelled
O002347,C00330,2023-06-15,Delivered
O002348,C00366,2023-03-10,Cancelled
O002349,C00241,2023-05-19,Delivered
O002350,C00992,2024-08-12,Shipped
O002351,C01120,2024-04-20,Delivered
O002352,C01069,2024-01-06,Cancelled
O002353,C00395,2023-12-09,Shipped
O002354,C01098,2024-11-01,Delivered
O002355,C00443,2023-02-17,Returned
O002356,C00445,2023-07-12,Delivered
O002357,C00284,2023-09-11,Delivered
O002358,C01491,2024-07-03,Cancelled
O002359,C00549,2024-12-05,Delivered
O002360,C00409,2023-06-16,Delivered
O002361,C01451,2024-10-12,Shipped
O002362,C00603,2024-09-21,Delivered
O002363,C00894,2023-06-24,Shipped
O002364,C00396,2023-10-13,Delivered
O002365,C00406,2023-11-06,Cancelled
O002366,C01470,2024-12-28,Delivered
O002367,C00211,2023-05-13,Shipped
O002368,C01570,2024-08-26,Shipped
O002369,C00340,2023-09-10,Returned
O002370,C01479,2024-06-07,Delivered
O002371,C00914,2023-11-14,Delivered
O002372,C00653,2024-02-20,Shipped
O002373,C01244,2024-09-04,Delivered
O002374,C00410,2024-08-14,Shipped
O002375,C00766,2024-10-12,Cancelled
O002376,C00921,2023-02-27,Delivered
O002377,C01048,2024-05-02,Delivered
O002378,C00840,2023-04-19,Delivered
O002379,C01322,2023-11-20,Shipped
O002380,C00816,2024-01-12,Delivered
O002381,C00369,2023-10-04,Returned
O002382,C00880,2023-12-11,Returned
O002383,C00733,2024-12-06,Delivered
O002384,C00441,2023-04-03,Cancelled
O002385,C00298,2024-04-12,Returned
O002386,C00251,2023-10-11,Delivered
O002387,C00023,2023-04-11,Cancelled
O002388,C00438,2023-05-11,Delivered
O002389,C00659,2024-12-19,Delivered
O002390,C00136,2024-11-18,Delivered
O002391,C01233,2024-11-10,Delivered
O002392,C00446,2024-12-17,Delivered
O002393,C00154,2023-06-18,Shipped
O002394,C01398,2023-09-21,Returned
O002395,C00651,2024-04-14,Returned
O002396,C00406,2023-12-11,Delivered
O002397,C01012,2023-11-02,Delivered
O002398,C00863,2023-09-02,Delivered
O002399,C00928,2024-02-04,Delivered
O002400,C00670,2024-02-20,Shipped
O002401,C01181,2023-05-13,Delivered
O002402,C01319,2023-12-10,Returned
O002403,C01180,2024-01-28,Delivered
O002404,C00269,2024-01-15,Returned
O002405,C01093,2023-06-13,Shipped
O002406,C00691,2024-06-02,Cancelled
O002407,C00143,2023-01-01,Delivered
O002408,C00851,2023-09-04,Cancelled
O002409,C00563,2024-07-10,Delivered
O002410,C00709,2024-01-25,Delivered
O002411,C01587,2023-07-03,Delivered
O002412,C00097,2024-05-16,Delivered
O002413,C01427,2024-01-10,Delivered
O002414,C01313,2024-08-16,Delivered
O002415,C00766,2024-06-27,Shipped
O002416,C00060,2024-03-04,Delivered
O002417,C00022,2023-12-02,Delivered
O002418,C01409,2023-04-04,Cancelled
O002419,C00464,2023-07-14,Delivered
O002420,C00392,2023-11-03,Cancelled
O002421,C00756,2024-02-26,Returned
O002422,C00011,2023-12-18,Cancelled
O002423,C00227,2023-07-28,Delivered
O002424,C01409,2023-01-10,Shipped
O002425,C00778,2023-12-26,Delivered
O002426,C00349,2023-07-23,Delivered
O002427,C00944,2024-06-19,Delivered
O002428,C00654,2023-01-05,Returned
O002429,C01543,2024-02-05,Shipped
O002430,C00847,2024-12-28,Cancelled
O002431,C00251,2023-05-15,Shipped
O002432,C01184,2023-12-17,Delivered
O002433,C01004,2023-03-22,Delivered
O002434,C01583,2024-03-11,Cancelled
O002435,C00463,2024-01-16,Delivered
O002436,C01351,2023-10-09,Cancelled
O002437,C00422,2023-12-24,Cancelled
O002438,C00154,2024-11-03,Delivered
O002439,C01374,2023-06-02,Delivered
O002440,C00385,2023-01-15,Delivered
O002441,C00698,2024-10-04,Delivered
O002442,C01210,2024-02-27,Returned
O002443,C01053,2024-11-17,Returned
O002444,C01558,2024-02-11,Delivered
O002445,C00930,2024-08-23,Cancelled
O002446,C01034,2023-11-05,Delivered
O002447,C00449,2024-06-05,Delivered
O002448,C00927,2024-11-13,Returned
O002449,C00416,2024-02-20,Returned
O002450,C00385,2023-05-13,Delivered
O002451,C00867,2023-07-09,Delivered
O002452,C00630,2023-06-22,Returned
O002453,C01328,2023-07-19,Delivered
O002454,C00945,2023-08-05,Delivered
O002455,C00226,2024-01-24,Delivered
O002456,C00944,2024-02-01,Delivered
O002457,C00059,2023-11-09,Delivered
O002458,C00928,2024-03-22,Delivered
O002459,C00243,2023-03-09,Shipped
O002460,C00726,2023-03-03,Delivered
O002461,C00813,2023-05-07,Shipped
O002462,C01041,2023-12-14,Delivered
O002463,C00904,2023-06-02,Delivered
O002464,C00784,2023-07-12,Cancelled
O002465,C00398,2023-10-14,Delivered
O002466,C00825,2024-08-07,Delivered
O002467,C01085,2023-01-20,Shipped
O002468,C01063,2024-04-16,Delivered
O002469,C01396,2024-04-04,Delivered
O002470,C00510,2024-08-21,Delivered
O002471,C00236,2024-11-08,Delivered
O002472,C01179,2023-01-02,Delivered
O002473,C01090,2023-04-08,Delivered
O002474,C00464,2024-11-09,Shipped
O002475,C01467,2023-11-23,Delivered
O002476,C00805,2024-01-13,Delivered
O002477,C01504,2024-04-08,Returned
O002478,C00550,2024-04-23,Delivered
O002479,C00351,2024-11-07,Returned
O002480,C00712,2024-12-07,Cancelled
O002481,C01446,2024-05-10,Shipped
O002482,C01503,2023-07-10,Delivered
O002483,C00380,2024-11-04,Shipped
O002484,C00977,2023-02-23,Cancelled
O002485,C01409,2023-06-10,Delivered
O002486,C00646,2024-11-06,Cancelled
O002487,C00342,2023-07-03,Delivered
O002488,C00291,2023-06-11,Delivered
O002489,C00972,2023-04-22,Delivered
O002490,C00043,2024-10-11,Delivered
O002491,C00350,2023-12-09,Cancelled
O002492,C00020,2024-04-25,Shipped
O002493,C00971,2023-06-12,Shipped
O002494,C01001,2024-06-01,Returned
O002495,C00968,2024-06-08,Delivered
O002496,C00596,2023-08-02,Returned
O002497,C01076,2023-11-08,Shipped
O002498,C01547,2023-06-06,Delivered
O002499,C00193,2024-12-25,Delivered
O002500,C00688,2024-03-10,Delivered
O002501,C01505,2024-11-16,Delivered
O002502,C00997,2023-08-18,Delivered
O002503,C00940,2024-07-12,Delivered
O002504,C00723,2024-06-27,Delivered
O002505,C00684,2024-05-23,Shipped
O002506,C01360,2024-12-25,Returned
O002507,C01221,2023-10-28,Delivered
O002508,C01405,2023-04-04,Shipped
O002509,C01311,2024-04-24,Delivered
O002510,C00841,2024-06-05,Returned
O002511,C01351,2024-02-08,Delivered
O002512,C00064,2023-06-12,Delivered
O002513,C01518,2023-12-19,Cancelled
O002514,C00737,2023-08-14,Delivered
O002515,C00397,2023-11-24,Delivered
O002516,C00222,2024-03-21,Delivered
O002517,C01391,2024-06-21,Shipped
O002518,C00359,2023-06-15,Delivered
O002519,C00801,2023-10-22,Shipped
O002520,C00566,2023-07-14,Delivered
O002521,C01438,2023-06-07,Delivered
O002522,C01255,2024-07-27,Delivered
O002523,C00932,2024-11-14,Shipped
O002524,C00591,2023-10-26,Delivered
O002525,C01022,2024-06-01,Cancelled
O002526,C00956,2024-11-05,Cancelled
O002527,C01072,2024-10-05,Delivered
O002528,C00622,2023-05-20,Delivered
O002529,C00133,2024-12-10,Returned
O002530,C00032,2023-10-10,Delivered
O002531,C00580,2023-09-02,Returned
O002532,C00253,2023-02-19,Delivered
O002533,C00627,2023-12-16,Delivered
O002534,C01353,2023-03-14,Returned
O002535,C00103,2023-07-01,Delivered
O002536,C00718,2023-08-05,Delivered
O002537,C01029,2024-08-26,Cancelled
O002538,C01149,2024-10-25,Delivered
O002539,C00555,2023-08-03,Delivered
O002540,C00403,2024-10-24,Delivered
O002541,C00166,2024-10-19,Delivered
O002542,C00066,2024-06-08,Delivered
O002543,C00510,2023-04-12,Returned
O002544,C01305,2024-05-22,Delivered
O002545,C00818,2024-12-14,Delivered
O002546,C00619,2024-04-09,Shipped
O002547,C00355,2023-09-10,Shipped
O002548,C01391,2023-12-14,Delivered
O002549,C00286,2024-03-26,Cancelled
O002550,C00409,2023-12-25,Delivered
O002551,C00853,2023-04-05,Shipped
O002552,C00617,2023-08-07,Delivered
O002553,C00609,2024-08-03,Shipped
O002554,C00945,2024-10-21,Shipped
O002555,C00197,2023-04-06,Delivered
O002556,C00906,2024-12-17,Cancelled
O002557,C01032,2023-08-11,Cancelled
O002558,C00733,2024-04-23,Delivered
O002559,C00876,2024-06-12,Delivered
O002560,C00841,2024-08-14,Delivered
O002561,C01145,2024-12-01,Delivered
O002562,C00863,2023-08-25,Delivered
O002563,C00288,2024-10-25,Shipped
O002564,C00601,2023-04-10,Delivered
O002565,C00805,2024-05-25,Delivered
O002566,C01373,2024-06-13,Delivered
O002567,C01563,2024-04-15,Returned
O002568,C00174,2023-07-17,Delivered
O002569,C01331,2024-10-09,Delivered
O002570,C01218,2023-05-11,Delivered
O002571,C00125,2023-02-27,Delivered
O002572,C01198,2024-05-24,Cancelled
O002573,C01515,2023-12-17,Cancelled
O002574,C01437,2024-10-02,Delivered
O002575,C00296,2023-10-17,Shipped
O002576,C01015,2023-05-24,Delivered
O002577,C01384,2024-09-08,Cancelled
O002578,C00317,2024-01-28,Delivered
O002579,C00014,2023-05-21,Returned
O002580,C01278,2024-05-16,Cancelled
O002581,C00235,2023-12-07,Delivered
O002582,C00314,2024-02-01,Shipped
O002583,C01065,2023-11-04,Delivered
O002584,C00419,2024-09-08,Delivered
O002585,C00051,2024-09-16,Returned
O002586,C00909,2024-05-17,Delivered
O002587,C00615,2023-03-02,Delivered
O002588,C00377,2024-10-16,Returned
O002589,C01120,2024-04-08,Delivered
O002590,C01396,2024-05-27,Delivered
O002591,C01348,2023-09-28,Shipped
O002592,C00886,2024-11-04,Delivered
O002593,C00045,2024-06-21,Delivered
O002594,C01347,2023-03-05,Delivered
O002595,C01048,2023-10-06,Cancelled
O002596,C01120,2024-11-23,Delivered
O002597,C00593,2023-02-16,Cancelled
O002598,C01206,2024-12-04,Delivered
O002599,C01368,2024-04-12,Delivered
O002600,C00791,2024-03-13,Cancelled
O002601,C00220,2023-07-26,Delivered
O002602,C00871,2023-07-14,Delivered
O002603,C00581,2024-12-01,Delivered
O002604,C00798,2023-08-04,Delivered
O002605,C00621,2024-07-19,Delivered
O002606,C01333,2023-10-21,Cancelled
O002607,C00088,2023-04-20,Delivered
O002608,C00733,2023-01-05,Shipped
O002609,C01076,2024-01-28,Delivered
O002610,C00129,2024-12-17,Delivered
O002611,C00721,2023-09-21,Cancelled
O002612,C00695,2023-09-24,Delivered
O002613,C00287,2023-09-23,Delivered
O002614,C01562,2023-12-26,Cancelled
O002615,C01322,2023-11-10,Delivered
O002616,C00967,2024-11-13,Shipped
O002617,C01180,2023-12-22,Cancelled
O002618,C01589,2023-12-17,Cancelled
O002619,C01206,2023-04-17,Shipped
O002620,C01198,2024-12-12,Shipped
O002621,C00827,2023-07-27,Delivered
O002622,C00061,2023-02-02,Returned
O002623,C00475,2024-04-24,Delivered
O002624,C00218,2024-02-22,Delivered
O002625,C00663,2023-11-22,Returned
O002626,C01581,2023-11-08,Returned
O002627,C00485,2024-07-24,Delivered
O002628,C01548,2023-06-06,Delivered
O002629,C00127,2024-09-03,Shipped
O002630,C00235,2024-04-09,Delivered
O002631,C01536,2023-11-28,Delivered
O002632,C01564,2023-11-15,Delivered
O002633,C00061,2023-07-20,Delivered
O002634,C00221,2024-06-11,Cancelled
O002635,C00273,2023-12-15,Cancelled
O002636,C00410,2023-08-19,Delivered
O002637,C01006,2024-02-09,Delivered
O002638,C00586,2024-12-22,Delivered
O002639,C01520,2023-11-07,Delivered
O002640,C01083,2024-11-14,Returned
O002641,C00394,2023-09-26,Delivered
O002642,C00011,2023-02-19,Delivered
O002643,C00836,2023-06-25,Shipped
O002644,C00148,2023-11-18,Delivered
O002645,C01398,2023-06-06,Cancelled
O002646,C01169,2023-01-24,Returned
O002647,C01026,2024-11-16,Delivered
O002648,C01267,2024-10-12,Shipped
O002649,C00283,2024-06-28,Returned
O002650,C00876,2023-05-03,Cancelled
O002651,C00146,2023-04-13,Shipped
O002652,C00242,2023-02-03,Delivered
O002653,C00106,2024-05-08,Shipped
O002654,C00678,2024-11-18,Delivered
O002655,C00515,2023-11-08,Delivered
O002656,C00733,2023-04-23,Delivered
O002657,C00324,2023-12-28,Delivered
O002658,C01179,2023-09-03,Delivered
O002659,C01061,2023-10-28,Shipped
O002660,C00640,2024-03-17,Delivered
O002661,C00117,2024-05-20,Shipped
O002662,C00228,2023-03-23,Shipped
O002663,C01338,2023-01-16,Delivered
O002664,C00693,2024-12-02,Delivered
O002665,C00286,2023-06-09,Delivered
O002666,C01552,2023-02-18,Cancelled
O002667,C00483,2023-05-02,Delivered
O002668,C01250,2023-02-03,Cancelled
O002669,C01568,2023-10-27,Returned
O002670,C00709,2024-08-02,Delivered
O002671,C01226,2023-09-14,Cancelled
O002672,C00266,2023-11-20,Delivered
O002673,C00086,2024-04-24,Delivered
O002674,C01018,2023-12-02,Shipped
O002675,C01332,2024-10-08,Delivered
O002676,C00979,2024-10-14,Delivered
O002677,C00467,2023-01-26,Delivered
O002678,C00054,2024-07-02,Returned
O002679,C00402,2023-11-26,Shipped
O002680,C00777,2024-12-20,Cancelled
O002681,C01512,2023-12-22,Delivered
O002682,C00988,2024-12-18,Delivered
O002683,C01569,2024-06-13,Delivered
O002684,C00875,2023-07-23,Shipped
O002685,C00237,2024-01-05,Delivered
O002686,C01261,2024-12-04,Delivered
O002687,C00397,2024-10-12,Delivered
O002688,C00476,2023-03-14,Delivered
O002689,C00021,2024-05-19,Delivered
O002690,C01542,2023-09-14,Returned
O002691,C01099,2023-01-26,Shipped
O002692,C00031,2023-10-02,Returned
O002693,C00512,2023-06-24,Returned
O002694,C00157,2024-09-02,Delivered
O002695,C00899,2023-09-05,Delivered
O002696,C00090,2024-09-10,Delivered
O002697,C01234,2023-01-12,Cancelled
O002698,C00599,2023-08-08,Delivered
O002699,C00815,2023-06-20,Delivered
O002700,C00251,2023-06-22,Cancelled
O002701,C00513,2023-02-03,Shipped
O002702,C01445,2023-05-07,Cancelled
O002703,C00732,2024-01-27,Returned
O002704,C00620,2023-07-08,Delivered
O002705,C00600,2023-11-25,Returned
O002706,C00548,2023-10-21,Delivered
O002707,C01109,2024-10-23,Shipped
O002708,C00111,2024-11-04,Delivered
O002709,C01445,2023-12-14,Shipped
O002710,C00573,2023-08-16,Delivered
O002711,C01067,2023-03-07,Delivered
O002712,C01520,2024-12-10,Shipped
O002713,C00252,2023-02-07,Delivered
O002714,C00291,2023-08-24,Delivered
O002715,C01431,2023-08-08,Delivered
O002716,C01566,2023-08-21,Delivered
O002717,C01022,2023-05-04,Returned
O002718,C00554,2024-07-02,Delivered
O002719,C00174,2023-04-19,Delivered
O002720,C01249,2024-03-09,Delivered
O002721,C00788,2023-04-16,Delivered
O002722,C00460,2023-02-02,Delivered
O002723,C00378,2024-11-13,Cancelled
O002724,C01353,2023-05-14,Delivered
O002725,C01110,2024-09-02,Returned
O002726,C00054,2024-01-12,Shipped
O002727,C00538,2023-03-25,Returned
O002728,C01211,2024-12-25,Delivered
O002729,C00057,2023-07-25,Delivered
O002730,C01273,2024-10-24,Delivered
O002731,C00876,2023-05-28,Returned
O002732,C01507,2024-10-24,Returned
O002733,C00224,2023-01-02,Shipped
O002734,C01389,2023-12-13,Delivered
O002735,C01096,2024-06-28,Delivered
O002736,C01173,2024-11-14,Cancelled
O002737,C01575,2024-11-19,Shipped
O002738,C00333,2024-09-09,Delivered
O002739,C01528,2024-11-15,Delivered
O002740,C00032,2023-06-05,Delivered
O002741,C01398,2023-07-26,Delivered
O002742,C00512,2023-07-03,Returned
O002743,C00606,2023-10-18,Delivered
O002744,C00809,2023-10-19,Delivered
O002745,C00562,2024-01-20,Delivered
O002746,C01351,2023-05-09,Delivered
O002747,C01338,2024-05-26,Returned
O002748,C00026,2023-05-25,Delivered
O002749,C01165,2023-08-10,Cancelled
O002750,C00542,2023-12-11,Returned
O002751,C00909,2024-08-06,Delivered
O002752,C00901,2024-06-01,Delivered
O002753,C00984,2024-03-15,Cancelled
O002754,C00163,2023-05-28,Delivered
O002755,C00644,2024-01-20,Delivered
O002756,C00369,2023-03-15,Delivered
O002757,C00566,2023-10-25,Delivered
O002758,C00261,2023-11-28,Delivered
O002759,C00358,2023-02-21,Delivered
O002760,C01266,2023-07-28,Cancelled
O002761,C00477,2024-12-02,Delivered
O002762,C00079,2024-12-21,Delivered
O002763,C01038,2023-09-22,Returned
O002764,C00650,2023-02-15,Delivered
O002765,C01470,2023-05-18,Delivered
O002766,C00034,2023-10-02,Cancelled
O002767,C00724,2024-12-28,Shipped
O002768,C00092,2023-04-23,Shipped
O002769,C00717,2024-06-08,Delivered
O002770,C01039,2023-03-03,Delivered
O002771,C01047,2024-12-04,Delivered
O002772,C00418,2023-10-08,Delivered
O002773,C00761,2024-07-19,Returned
O002774,C01395,2023-09-27,Delivered
O002775,C01315,2024-03-03,Delivered
O002776,C00294,2023-05-10,Delivered
O002777,C01244,2023-04-11,Returned
O002778,C00687,2024-11-12,Delivered
O002779,C00768,2024-11-21,Delivered
O002780,C01274,2024-11-10,Delivered
O002781,C00755,2024-03-06,Delivered
O002782,C00308,2024-08-10,Shipped
O002783,C00218,2023-02-01,Shipped
O002784,C00642,2023-09-07,Shipped
O002785,C01520,2023-08-23,Shipped
O002786,C01191,2024-03-26,Cancelled
O002787,C00441,2023-09-12,Delivered
O002788,C01194,2023-04-27,Delivered
O002789,C01488,2024-02-22,Delivered
O002790,C01562,2024-08-13,Cancelled
O002791,C00460,2023-10-03,Shipped
O002792,C01177,2023-04-17,Cancelled
O002793,C01504,2023-06-18,Delivered
O002794,C00106,2023-06-18,Shipped
O002795,C01351,2023-08-16,Shipped
O002796,C00904,2024-03-17,Delivered
O002797,C00400,2024-02-09,Returned
O002798,C00601,2024-05-19,Delivered
O002799,C00498,2023-09-11,Returned
O002800,C00742,2024-09-25,Delivered
O002801,C00237,2023-06-15,Cancelled
O002802,C00912,2023-11-08,Cancelled
O002803,C00742,2024-08-14,Delivered
O002804,C01036,2023-05-12,Delivered
O002805,C01339,2023-03-12,Delivered
O002806,C00472,2024-11-20,Delivered
O002807,C00858,2023-09-26,Delivered
O002808,C00257,2024-04-19,Shipped
O002809,C01198,2023-01-08,Cancelled
O002810,C01241,2024-05-05,Delivered
O002811,C00588,2023-08-26,Delivered
O002812,C00242,2023-02-11,Delivered
O002813,C00863,2024-03-14,Shipped
O002814,C01296,2023-06-05,Returned
O002815,C00369,2023-10-07,Delivered
O002816,C00342,2023-03-01,Delivered
O002817,C01568,2023-04-14,Shipped
O002818,C00963,2023-08-23,Cancelled
O002819,C01414,2023-03-04,Delivered
O002820,C00272,2024-11-03,Shipped
O002821,C01085,2023-01-28,Delivered
O002822,C00726,2023-12-14,Delivered
O002823,C01428,2023-04-13,Shipped
O002824,C01459,2023-08-08,Delivered
O002825,C00690,2024-11-04,Returned
O002826,C01212,2023-05-11,Shipped
O002827,C00221,2024-12-20,Cancelled
O002828,C00838,2023-06-02,Cancelled
O002829,C01517,2024-06-15,Returned
O002830,C00593,2024-01-14,Returned
O002831,C01434,2024-11-16,Delivered
O002832,C00376,2024-01-24,Cancelled
O002833,C01208,2024-01-25,Returned
O002834,C00312,2023-06-17,Delivered
O002835,C00758,2023-05-19,Cancelled
O002836,C00929,2024-11-21,Delivered
O002837,C00899,2023-08-11,Delivered
O002838,C01480,2023-10-17,Shipped
O002839,C01584,2024-06-09,Delivered
O002840,C01011,2023-09-08,Delivered
O002841,C01156,2024-12-02,Shipped
O002842,C01041,2024-06-17,Returned
O002843,C00662,2024-02-14,Delivered
O002844,C01551,2024-11-11,Delivered
O002845,C00086,2023-02-05,Returned
O002846,C00882,2023-07-24,Shipped
O002847,C00644,2023-11-09,Delivered
O002848,C00584,2023-06-12,Delivered
O002849,C00590,2024-06-04,Delivered
O002850,C00899,2024-11-16,Delivered
O002851,C00591,2023-11-06,Delivered
O002852,C00218,2023-09-20,Delivered
O002853,C00571,2024-12-22,Delivered
O002854,C01131,2023-11-04,Returned
O002855,C01546,2023-12-17,Delivered
O002856,C01226,2023-09-01,Delivered
O002857,C01102,2024-11-18,Returned
O002858,C00014,2024-01-07,Delivered
O002859,C00757,2024-06-27,Delivered
O002860,C01170,2024-08-10,Delivered
O002861,C00912,2023-09-24,Shipped
O002862,C00930,2023-11-05,Delivered
O002863,C01467,2024-10-04,Cancelled
O002864,C00246,2023-09-28,Delivered
O002865,C01011,2024-07-14,Delivered
O002866,C00281,2024-12-03,Delivered
O002867,C01370,2024-03-24,Delivered
O002868,C00162,2024-06-12,Cancelled
O002869,C00456,2024-08-26,Cancelled
O002870,C00670,2024-10-03,Delivered
O002871,C00687,2023-10-17,Delivered
O002872,C01448,2023-02-15,Cancelled
O002873,C00079,2023-10-11,Delivered
O002874,C01445,2024-04-04,Returned
O002875,C00651,2023-11-17,Delivered
O002876,C01283,2024-06-27,Delivered
O002877,C01285,2023-09-21,Delivered
O002878,C00281,2024-03-08,Shipped
O002879,C00451,2023-05-13,Cancelled
O002880,C00544,2024-06-07,Delivered
O002881,C00993,2024-01-05,Returned
O002882,C01503,2023-06-06,Delivered
O002883,C00407,2023-07-10,Cancelled
O002884,C01058,2024-06-03,Returned
O002885,C01535,2023-12-24,Delivered
O002886,C00138,2023-06-01,Delivered
O002887,C01252,2024-12-18,Delivered
O002888,C00365,2024-05-23,Delivered
O002889,C01409,2024-12-14,Delivered
O002890,C00779,2023-11-20,Cancelled
O002891,C00481,2023-12-19,Cancelled
O002892,C00992,2024-11-12,Shipped
O002893,C00369,2023-12-22,Delivered
O002894,C00475,2024-05-27,Delivered
O002895,C00994,2023-07-22,Delivered
O002896,C01291,2023-11-26,Delivered
O002897,C00732,2023-04-20,Shipped
O002898,C00606,2023-06-16,Delivered
O002899,C00667,2023-01-08,Delivered
O002900,C00871,2023-02-22,Delivered
O002901,C00952,2024-12-06,Delivered
O002902,C00233,2023-06-22,Delivered
O002903,C00816,2024-04-23,Cancelled
O002904,C01585,2024-10-05,Delivered
O002905,C01002,2024-01-27,Shipped
O002906,C00481,2023-04-14,Delivered
O002907,C00549,2024-06-10,Shipped
O002908,C00838,2024-02-07,Delivered
O002909,C01581,2024-06-18,Delivered
O002910,C01383,2024-06-09,Delivered
O002911,C00802,2024-12-14,Returned
O002912,C00871,2024-02-15,Delivered
O002913,C00995,2023-09-09,Cancelled
O002914,C00696,2024-04-08,Cancelled
O002915,C00840,2023-02-27,Delivered
O002916,C00342,2024-11-19,Shipped
O002917,C01597,2023-04-07,Cancelled
O002918,C01257,2023-08-04,Shipped
O002919,C00265,2024-08-11,Shipped
O002920,C00041,2024-02-18,Cancelled
O002921,C00777,2023-10-01,Delivered
O002922,C01444,2023-12-25,Delivered
O002923,C01571,2024-10-12,Returned
O002924,C00130,2023-09-18,Cancelled
O002925,C01063,2024-10-02,Delivered
O002926,C01097,2023-03-12,Delivered
O002927,C01098,2024-07-06,Delivered
O002928,C01471,2024-10-28,Delivered
O002929,C00331,2023-05-10,Delivered
O002930,C00847,2023-11-11,Delivered
O002931,C00510,2023-05-18,Delivered
O002932,C01547,2024-05-02,Shipped
O002933,C00815,2024-01-04,Returned
O002934,C00322,2024-03-16,Delivered
O002935,C00472,2023-06-10,Cancelled
O002936,C00507,2023-06-25,Delivered
O002937,C01536,2023-02-09,Delivered
O002938,C00821,2023-08-27,Delivered
O002939,C01517,2024-01-27,Delivered
O002940,C00174,2024-10-28,Delivered
O002941,C01034,2024-04-03,Cancelled
O002942,C01562,2023-11-23,Cancelled
O002943,C00042,2024-12-14,Delivered
O002944,C01110,2024-05-24,Shipped
O002945,C00196,2024-11-05,Cancelled
O002946,C00802,2023-12-19,Delivered
O002947,C00871,2023-07-27,Shipped
O002948,C00048,2023-02-24,Delivered
O002949,C00940,2024-06-09,Delivered
O002950,C00542,2023-04-04,Cancelled
O002951,C00597,2023-08-19,Delivered
O002952,C00456,2024-01-03,Delivered
O002953,C00571,2024-01-18,Delivered
O002954,C01440,2024-02-10,Shipped
O002955,C01491,2023-05-17,Delivered
O002956,C01563,2023-10-12,Shipped
O002957,C00222,2024-03-23,Delivered
O002958,C01184,2024-12-08,Delivered
O002959,C01580,2024-06-13,Delivered
O002960,C00758,2024-11-15,Delivered
O002961,C00224,2024-06-19,Cancelled
O002962,C00681,2024-02-10,Delivered
O002963,C00196,2023-05-26,Shipped
O002964,C00426,2024-04-06,Returned
O002965,C01216,2024-03-16,Delivered
O002966,C00290,2024-02-03,Delivered
O002967,C01072,2023-12-20,Cancelled
O002968,C01161,2023-12-27,Returned
O002969,C00121,2023-09-08,Returned
O002970,C00517,2023-12-16,Delivered
O002971,C01517,2023-06-10,Delivered
O002972,C00309,2024-08-27,Delivered
O002973,C01158,2023-05-11,Shipped
O002974,C01414,2023-03-14,Delivered
O002975,C01152,2023-11-25,Returned
O002976,C01118,2024-04-16,Delivered
O002977,C01336,2023-11-11,Delivered
O002978,C00945,2023-07-11,Cancelled
O002979,C01054,2024-01-16,Shipped
O002980,C01515,2023-09-28,Cancelled
O002981,C00216,2024-11-03,Delivered
O002982,C00159,2024-11-23,Delivered
O002983,C01551,2023-12-05,Delivered
O002984,C01065,2023-08-06,Cancelled
O002985,C00341,2024-06-04,Delivered
O002986,C00233,2023-01-15,Delivered
O002987,C01015,2023-12-14,Delivered
O002988,C01075,2023-09-21,Delivered
O002989,C01534,2024-11-05,Returned
O002990,C00857,2023-01-18,Delivered
O002991,C00608,2024-01-01,Delivered
O002992,C00603,2024-06-14,Cancelled
O002993,C00556,2023-12-22,Shipped
O002994,C00340,2023-03-11,Delivered
O002995,C01072,2024-12-10,Cancelled
O002996,C01064,2023-12-07,Shipped
O002997,C00967,2024-03-09,Delivered
O002998,C00677,2023-06-07,Cancelled
O002999,C00337,2023-12-24,Shipped
O003000,C00971,2023-11-23,Delivered
O003001,C00853,2023-02-11,Delivered
O003002,C00138,2023-03-05,Delivered
O003003,C01437,2024-09-10,Delivered
O003004,C01422,2023-06-07,Delivered
O003005,C00940,2023-06-18,Delivered
O003006,C00126,2023-12-04,Shipped
O003007,C01218,2024-06-15,Delivered
O003008,C00718,2023-02-03,Cancelled
O003009,C00463,2024-02-18,Delivered
O003010,C00029,2023-04-21,Delivered
O003011,C00873,2023-01-09,Shipped
O003012,C00627,2023-02-24,Delivered
O003013,C01571,2024-09-20,Delivered
O003014,C01351,2023-04-09,Delivered
O003015,C01214,2023-02-03,Delivered
O003016,C01497,2023-11-04,Delivered
O003017,C00366,2024-10-09,Delivered
O003018,C00260,2023-07-19,Returned
O003019,C01203,2023-11-17,Cancelled
O003020,C00677,2023-02-25,Shipped
O003021,C01239,2023-11-25,Delivered
O003022,C01262,2024-02-26,Cancelled
O003023,C00429,2024-02-16,Delivered
O003024,C00475,2023-09-01,Delivered
O003025,C00294,2023-08-03,Delivered
O003026,C00001,2023-03-16,Delivered
O003027,C00107,2023-09-03,Delivered
O003028,C00901,2023-03-17,Delivered
O003029,C00967,2024-06-22,Delivered
O003030,C01025,2024-12-10,Returned
O003031,C00494,2024-12-04,Shipped
O003032,C00773,2024-10-13,Returned
O003033,C00972,2024-02-13,Delivered
O003034,C01070,2024-05-10,Delivered
O003035,C00161,2023-07-17,Shipped
O003036,C00439,2024-03-27,Delivered
O003037,C00569,2023-11-21,Cancelled
O003038,C00896,2023-12-05,Shipped
O003039,C01004,2024-06-15,Cancelled
O003040,C00514,2023-07-26,Cancelled
O003041,C01336,2023-08-04,Delivered
O003042,C00052,2024-11-06,Returned
O003043,C00955,2023-02-12,Returned
O003044,C00709,2023-12-22,Cancelled
O003045,C00438,2024-11-14,Shipped
O003046,C00392,2024-03-18,Delivered
O003047,C00367,2024-01-12,Cancelled
O003048,C00906,2023-07-01,Delivered
O003049,C00400,2023-09-17,Delivered
O003050,C00636,2024-10-19,Delivered
O003051,C00756,2024-01-04,Delivered
O003052,C01243,2023-12-17,Delivered
O003053,C00564,2023-03-02,Cancelled
O003054,C00816,2023-01-16,Delivered
O003055,C01443,2024-12-23,Delivered
O003056,C01281,2023-10-09,Delivered
O003057,C00063,2024-02-19,Returned
O003058,C01295,2023-03-23,Delivered
O003059,C00970,2024-04-16,Cancelled
O003060,C01327,2024-11-28,Returned
O003061,C00079,2024-02-18,Delivered
O003062,C00314,2023-04-01,Cancelled
O003063,C00363,2024-02-24,Returned
O003064,C00860,2024-06-28,Returned
O003065,C00245,2023-10-28,Delivered
O003066,C01306,2024-11-15,Cancelled
O003067,C00644,2024-04-02,Delivered
O003068,C01115,2024-11-28,Delivered
O003069,C00398,2024-03-28,Cancelled
O003070,C00649,2023-04-20,Cancelled
O003071,C01202,2023-08-06,Cancelled
O003072,C00826,2023-06-12,Delivered
O003073,C01368,2024-11-27,Cancelled
O003074,C00134,2024-06-02,Delivered
O003075,C01560,2024-04-27,Shipped
O003076,C00092,2023-08-05,Delivered
O003077,C00407,2023-05-20,Cancelled
O003078,C00839,2024-06-17,Delivered
O003079,C01530,2023-12-21,Returned
O003080,C00007,2023-06-27,Delivered
O003081,C00719,2024-03-09,Delivered
O003082,C00955,2023-02-11,Shipped
O003083,C01427,2023-08-27,Delivered
O003084,C00949,2023-11-19,Delivered
O003085,C00186,2023-04-04,Delivered
O003086,C00177,2024-12-24,Delivered
O003087,C01211,2023-06-11,Cancelled
O003088,C01571,2023-04-01,Delivered
O003089,C01307,2023-06-26,Delivered
O003090,C00167,2024-06-15,Cancelled
O003091,C01395,2023-11-08,Cancelled
O003092,C00392,2024-01-28,Cancelled
O003093,C01512,2023-01-25,Delivered
O003094,C00110,2023-01-10,Delivered
O003095,C00588,2023-11-23,Delivered
O003096,C00288,2024-08-09,Shipped
O003097,C00848,2024-11-11,Delivered
O003098,C00386,2023-03-27,Delivered
O003099,C00363,2024-01-07,Delivered
O003100,C01429,2024-11-09,Delivered
O003101,C00190,2023-10-09,Delivered
O003102,C01186,2024-09-12,Delivered
O003103,C01582,2023-04-12,Cancelled
O003104,C00921,2024-11-17,Returned
O003105,C01408,2024-06-21,Returned
O003106,C00076,2024-12-06,Returned
O003107,C00790,2024-04-19,Delivered
O003108,C01165,2023-09-18,Delivered
O003109,C00889,2024-11-23,Delivered
O003110,C00425,2023-07-21,Delivered
O003111,C01032,2023-09-23,Shipped
O003112,C01522,2024-05-27,Returned
O003113,C00186,2024-06-09,Shipped
O003114,C00432,2024-11-25,Delivered
O003115,C00237,2023-06-07,Shipped
O003116,C01293,2024-08-22,Delivered
O003117,C00287,2024-06-16,Delivered
O003118,C01349,2023-02-19,Shipped
O003119,C01437,2023-10-02,Delivered
O003120,C01327,2023-07-21,Delivered
O003121,C00734,2023-08-06,Delivered
O003122,C00957,2024-12-06,Shipped
O003123,C01541,2024-03-06,Delivered
O003124,C01263,2024-05-15,Delivered
O003125,C01180,2024-12-19,Cancelled
O003126,C01497,2023-10-14,Delivered
O003127,C00499,2024-08-16,Delivered
O003128,C00765,2023-11-24,Shipped
O003129,C00989,2024-10-11,Cancelled
O003130,C00615,2023-05-13,Delivered
O003131,C01563,2024-12-08,Shipped
O003132,C00863,2023-06-04,Delivered
O003133,C01183,2023-08-25,Delivered
O003134,C00059,2024-06-19,Delivered
O003135,C00341,2023-10-17,Delivered
O003136,C01429,2024-02-20,Shipped
O003137,C01164,2023-11-07,Returned
O003138,C00267,2024-06-05,Cancelled
O003139,C00186,2023-06-11,Delivered
O003140,C01569,2023-02-26,Delivered
O003141,C00709,2023-08-26,Delivered
O003142,C00944,2023-12-13,Delivered
O003143,C00353,2023-05-22,Delivered
O003144,C00379,2023-09-10,Delivered
O003145,C01403,2023-10-28,Shipped
O003146,C00011,2023-02-28,Delivered
O003147,C00706,2024-02-06,Delivered
O003148,C01127,2024-11-16,Cancelled
O003149,C00968,2023-04-13,Cancelled
O003150,C00950,2024-02-13,Cancelled
O003151,C01563,2024-04-08,Delivered
O003152,C00264,2023-11-13,Delivered
O003153,C00274,2024-05-25,Delivered
O003154,C00670,2023-11-25,Delivered
O003155,C01382,2023-12-27,Cancelled
O003156,C01094,2023-01-28,Delivered
O003157,C01001,2024-05-12,Cancelled
O003158,C01202,2024-04-24,Delivered
O003159,C01573,2023-01-08,Delivered
O003160,C00742,2023-09-12,Delivered
O003161,C00004,2024-12-17,Shipped
O003162,C01540,2023-11-20,Delivered
O003163,C01323,2023-12-03,Delivered
O003164,C01024,2024-11-05,Delivered
O003165,C00433,2024-05-02,Delivered
O003166,C00191,2024-02-14,Delivered
O003167,C01340,2024-08-13,Delivered
O003168,C00309,2024-10-14,Delivered
O003169,C00793,2023-11-10,Cancelled
O003170,C00985,2023-12-27,Delivered
O003171,C00816,2023-10-09,Cancelled
O003172,C00218,2024-12-17,Delivered
O003173,C00710,2024-05-26,Cancelled
O003174,C00829,2023-03-24,Returned
O003175,C00026,2024-10-26,Delivered
O003176,C00264,2023-12-11,Shipped
O003177,C00024,2023-02-17,Delivered
O003178,C01373,2024-01-21,Delivered
O003179,C01580,2023-11-14,Delivered
O003180,C00871,2024-11-10,Delivered
O003181,C01299,2023-06-24,Delivered
O003182,C00923,2024-09-20,Shipped
O003183,C01459,2024-01-12,Delivered
O003184,C01096,2023-02-28,Delivered
O003185,C00367,2024-12-04,Delivered
O003186,C01556,2023-12-18,Delivered
O003187,C01382,2023-07-28,Delivered
O003188,C01450,2023-11-05,Shipped
O003189,C00405,2024-10-09,Shipped
O003190,C01491,2023-08-27,Returned
O003191,C00891,2023-05-15,Delivered
O003192,C00082,2023-04-15,Delivered
O003193,C01003,2023-08-28,Delivered
O003194,C00103,2024-07-12,Shipped
O003195,C00757,2023-12-22,Delivered
O003196,C00692,2023-06-14,Cancelled
O003197,C01571,2023-05-10,Returned
O003198,C01112,2023-09-01,Delivered
O003199,C00601,2024-12-06,Delivered
O003200,C00036,2023-09-14,Delivered
O003201,C00610,2024-12-11,Cancelled
O003202,C01221,2023-12-02,Delivered
O003203,C01089,2023-05-12,Cancelled
O003204,C00510,2024-11-13,Delivered
O003205,C01096,2023-11-03,Delivered
O003206,C01489,2024-05-05,Delivered
O003207,C01011,2024-12-21,Delivered
O003208,C01501,2023-02-09,Returned
O003209,C00939,2023-03-17,Delivered
O003210,C00669,2024-05-03,Delivered
O003211,C01307,2023-07-02,Returned
O003212,C01050,2023-05-04,Cancelled
O003213,C00377,2023-02-03,Cancelled
O003214,C01338,2023-01-09,Cancelled
O003215,C00888,2024-06-03,Delivered
O003216,C00621,2023-04-26,Shipped
O003217,C01105,2023-11-17,Returned
O003218,C01422,2024-02-26,Returned
O003219,C00767,2023-11-02,Shipped
O003220,C01558,2023-01-16,Delivered
O003221,C01530,2024-07-09,Cancelled
O003222,C00567,2023-01-25,Shipped
O003223,C00094,2024-06-22,Shipped
O003224,C00372,2024-11-13,Cancelled
O003225,C00559,2023-11-10,Delivered
O003226,C00425,2024-01-14,Delivered
O003227,C00849,2023-12-26,Cancelled
O003228,C01227,2023-10-05,Returned
O003229,C00652,2024-11-21,Delivered
O003230,C00461,2024-11-08,Delivered
O003231,C00665,2023-09-23,Delivered
O003232,C01253,2024-03-03,Delivered
O003233,C01459,2024-11-24,Shipped
O003234,C00944,2024-12-27,Shipped
O003235,C01301,2023-12-14,Shipped
O003236,C01109,2023-11-11,Delivered
O003237,C00026,2023-07-16,Delivered
O003238,C00655,2024-12-11,Delivered
O003239,C00947,2023-04-27,Returned
O003240,C01022,2024-02-24,Delivered
O003241,C01429,2023-07-18,Delivered
O003242,C00799,2023-07-22,Delivered
O003243,C00067,2023-10-13,Cancelled
O003244,C01171,2024-12-28,Delivered
O003245,C00997,2023-02-21,Shipped
O003246,C00171,2024-02-12,Delivered
O003247,C01085,2023-03-24,Delivered
O003248,C00598,2023-05-10,Returned
O003249,C01382,2023-11-11,Delivered
O003250,C00320,2023-12-01,Shipped
O003251,C00342,2023-07-19,Shipped
O003252,C00851,2023-08-12,Returned
O003253,C01524,2023-03-01,Delivered
O003254,C01101,2023-08-08,Delivered
O003255,C01244,2024-12-13,Returned
O003256,C00199,2024-12-04,Delivered
O003257,C00433,2023-09-07,Delivered
O003258,C00593,2024-02-19,Delivered
O003259,C00326,2024-11-28,Returned
O003260,C01127,2023-01-25,Delivered
O003261,C00446,2024-08-12,Delivered
O003262,C00572,2024-12-20,Delivered
O003263,C00217,2023-03-25,Cancelled
O003264,C01297,2023-05-22,Returned
O003265,C00651,2024-12-21,Shipped
O003266,C01091,2024-01-18,Delivered
O003267,C00828,2023-01-08,Delivered
O003268,C00587,2023-07-25,Returned
O003269,C00322,2023-11-15,Returned
O003270,C00820,2024-05-06,Delivered
O003271,C01091,2024-06-01,Returned
O003272,C01563,2024-12-11,Delivered
O003273,C00353,2023-07-21,Cancelled
O003274,C00786,2024-01-04,Shipped
O003275,C00857,2024-01-21,Delivered
O003276,C00387,2023-10-14,Cancelled
O003277,C01268,2023-05-01,Delivered
O003278,C01249,2024-12-05,Shipped
O003279,C00165,2024-10-17,Shipped
O003280,C00838,2023-12-19,Delivered
O003281,C01249,2024-02-11,Delivered
O003282,C01282,2023-06-06,Delivered
O003283,C00187,2024-01-22,Delivered
O003284,C01522,2024-05-01,Shipped
O003285,C01340,2023-12-26,Delivered
O003286,C01048,2024-12-18,Returned
O003287,C00331,2024-03-07,Delivered
O003288,C00359,2023-10-12,Delivered
O003289,C00410,2024-06-23,Delivered
O003290,C00601,2023-05-05,Delivered
O003291,C01183,2023-10-01,Delivered
O003292,C01401,2023-09-15,Shipped
O003293,C00496,2023-11-15,Returned
O003294,C00945,2024-07-06,Shipped
O003295,C00228,2023-12-21,Returned
O003296,C00679,2024-07-20,Returned
O003297,C00947,2024-02-06,Cancelled
O003298,C00067,2023-09-03,Cancelled
O003299,C00833,2024-08-22,Returned
O003300,C00963,2023-06-17,Returned
O003301,C00145,2023-06-13,Returned
O003302,C00533,2023-12-14,Cancelled
O003303,C00248,2023-07-18,Cancelled
O003304,C01244,2023-01-25,Cancelled
O003305,C00049,2024-04-18,Delivered
O003306,C01487,2023-12-16,Delivered
O003307,C00816,2023-11-10,Returned
O003308,C01486,2024-12-27,Returned
O003309,C00745,2024-02-02,Delivered
O003310,C01048,2024-10-23,Cancelled
O003311,C00878,2023-04-21,Returned
O003312,C00299,2024-01-04,Returned
O003313,C01553,2024-10-09,Returned
O003314,C01544,2024-02-19,Returned
O003315,C01479,2024-05-04,Delivered
O003316,C00846,2023-10-12,Cancelled
O003317,C00498,2023-03-11,Returned
O003318,C00542,2023-11-16,Delivered
O003319,C01315,2023-10-11,Cancelled
O003320,C00939,2024-10-03,Cancelled
O003321,C01542,2023-07-16,Delivered
O003322,C00533,2024-12-25,Delivered
O003323,C01412,2024-12-10,Delivered
O003324,C01433,2023-07-11,Delivered
O003325,C00564,2023-09-19,Shipped
O003326,C01560,2024-11-02,Delivered
O003327,C01069,2024-12-05,Delivered
O003328,C00453,2023-11-01,Delivered
O003329,C01462,2023-08-19,Delivered
O003330,C01467,2023-12-10,Delivered
O003331,C01299,2024-05-19,Delivered
O003332,C00901,2023-07-16,Cancelled
O003333,C00317,2024-06-10,Cancelled
O003334,C01424,2023-02-26,Delivered
O003335,C00599,2023-02-05,Returned
O003336,C00527,2023-10-13,Cancelled
O003337,C00058,2023-09-08,Returned
O003338,C01195,2023-08-07,Delivered
O003339,C01197,2023-12-05,Delivered
O003340,C00746,2023-08-09,Cancelled
O003341,C01527,2023-05-17,Returned
O003342,C00977,2023-08-17,Shipped
O003343,C00705,2024-12-06,Cancelled
O003344,C01203,2023-11-05,Returned
O003345,C00644,2023-11-17,Shipped
O003346,C00775,2024-02-12,Returned
O003347,C01328,2024-12-16,Delivered
O003348,C01076,2023-06-28,Delivered
O003349,C00992,2024-04-06,Delivered
O003350,C01370,2024-05-01,Delivered
O003351,C00461,2024-02-11,Delivered
O003352,C00460,2023-03-07,Delivered
O003353,C01247,2024-04-09,Returned
O003354,C00245,2023-02-24,Cancelled
O003355,C00731,2024-02-07,Delivered
O003356,C01167,2024-06-15,Cancelled
O003357,C00468,2023-06-01,Cancelled
O003358,C00745,2024-10-07,Cancelled
O003359,C01040,2023-01-02,Delivered
O003360,C01134,2024-10-09,Shipped
O003361,C01102,2023-11-28,Returned
O003362,C00115,2023-06-03,Delivered
O003363,C00525,2023-04-19,Returned
O003364,C00375,2024-12-24,Cancelled
O003365,C01470,2023-02-21,Delivered
O003366,C01131,2023-06-06,Delivered
O003367,C01522,2023-09-03,Delivered
O003368,C00131,2024-03-24,Delivered
O003369,C00621,2024-01-17,Delivered
O003370,C00467,2023-04-07,Delivered
O003371,C01560,2023-07-19,Shipped
O003372,C01100,2023-06-16,Returned
O003373,C00654,2023-06-02,Returned
O003374,C00150,2023-11-21,Delivered
O003375,C00239,2024-05-16,Delivered
O003376,C00975,2023-06-03,Delivered
O003377,C00441,2023-09-04,Shipped
O003378,C00615,2023-10-16,Shipped
O003379,C01192,2024-12-01,Delivered
O003380,C00229,2024-12-28,Cancelled
O003381,C01593,2024-08-15,Cancelled
O003382,C01301,2023-06-07,Shipped
O003383,C00516,2023-02-25,Returned
O003384,C01232,2023-08-14,Delivered
O003385,C01039,2023-07-16,Delivered
O003386,C00582,2023-12-17,Cancelled
O003387,C00542,2024-07-10,Returned
O003388,C00510,2024-10-18,Delivered
O003389,C01389,2024-10-09,Shipped
O003390,C01282,2023-09-17,Delivered
O003391,C01550,2024-05-04,Delivered
O003392,C00014,2023-08-16,Delivered
O003393,C00367,2023-02-17,Delivered
O003394,C00885,2024-05-25,Cancelled
O003395,C00702,2023-01-10,Cancelled
O003396,C00375,2023-11-22,Delivered
O003397,C01563,2023-08-25,Delivered
O003398,C00630,2024-05-07,Shipped
O003399,C00656,2024-06-10,Returned
O003400,C00967,2023-08-17,Delivered
O003401,C00615,2024-08-22,Shipped
O003402,C00321,2023-08-07,Delivered
O003403,C00812,2023-11-25,Returned
O003404,C00324,2024-06-06,Shipped
O003405,C00322,2024-05-22,Delivered
O003406,C00971,2024-12-17,Cancelled
O003407,C00854,2023-06-20,Returned
O003408,C00552,2024-04-24,Delivered
O003409,C00967,2024-03-09,Returned
O003410,C00622,2024-11-27,Delivered
O003411,C00628,2023-05-05,Delivered
O003412,C00725,2024-06-24,Returned
O003413,C00646,2024-01-24,Delivered
O003414,C00872,2023-07-10,Shipped
O003415,C01562,2023-12-13,Delivered
O003416,C01562,2023-09-01,Delivered
O003417,C00838,2024-02-02,Delivered
O003418,C00287,2024-11-21,Delivered
O003419,C00562,2024-01-25,Delivered
O003420,C00415,2024-03-27,Delivered
O003421,C01468,2023-12-22,Delivered
O003422,C00049,2023-02-10,Delivered
O003423,C00668,2023-06-14,Shipped
O003424,C01514,2023-12-18,Delivered
O003425,C00441,2023-08-26,Shipped
O003426,C00562,2023-05-17,Delivered
O003427,C00498,2023-12-03,Delivered
O003428,C00983,2023-08-11,Cancelled
O003429,C00963,2023-07-19,Delivered
O003430,C01351,2023-11-25,Delivered
O003431,C00998,2023-04-23,Delivered
O003432,C01243,2024-11-09,Shipped
O003433,C00122,2024-10-13,Delivered
O003434,C00702,2024-05-02,Delivered
O003435,C00898,2023-03-18,Delivered
O003436,C00967,2024-07-04,Delivered
O003437,C00152,2024-08-24,Delivered
O003438,C01501,2024-06-25,Delivered
O003439,C00613,2023-03-27,Shipped
O003440,C01151,2024-03-07,Delivered
O003441,C00503,2024-09-15,Delivered
O003442,C01120,2024-02-19,Returned
O003443,C00534,2024-03-22,Shipped
O003444,C00597,2023-11-17,Cancelled
O003445,C00288,2023-12-01,Returned
O003446,C01433,2023-01-25,Cancelled
O003447,C00643,2024-03-24,Returned
O003448,C00914,2023-03-12,Cancelled
O003449,C00378,2023-11-07,Delivered
O003450,C00467,2023-07-15,Delivered
O003451,C00408,2024-01-12,Cancelled
O003452,C00523,2023-04-23,Shipped
O003453,C00048,2024-05-24,Delivered
O003454,C00842,2024-07-04,Delivered
O003455,C00997,2023-05-13,Returned
O003456,C01083,2023-03-02,Delivered
O003457,C00034,2023-04-17,Shipped
O003458,C00066,2024-11-14,Shipped
O003459,C00670,2023-12-28,Returned
O003460,C01008,2023-11-18,Delivered
O003461,C00684,2023-03-19,Cancelled
O003462,C01158,2024-04-03,Delivered
O003463,C01599,2024-10-18,Delivered
O003464,C00325,2024-09-18,Returned
O003465,C00180,2024-03-17,Shipped
O003466,C01250,2023-02-15,Cancelled
O003467,C00150,2023-03-07,Returned
O003468,C00312,2023-02-22,Cancelled
O003469,C00150,2023-07-11,Delivered
O003470,C01179,2023-04-21,Delivered
O003471,C01515,2023-07-15,Returned
O003472,C00823,2023-10-14,Shipped
O003473,C00014,2024-12-10,Shipped
O003474,C00799,2024-03-27,Delivered
O003475,C00462,2024-09-01,Delivered
O003476,C00309,2024-05-14,Delivered
O003477,C01382,2023-03-28,Returned
O003478,C01091,2024-06-11,Delivered
O003479,C01577,2023-07-21,Returned
O003480,C01182,2024-03-19,Delivered
O003481,C01584,2023-09-07,Delivered
O003482,C00632,2024-12-07,Delivered
O003483,C00054,2023-07-04,Shipped
O003484,C01597,2023-07-20,Delivered
O003485,C00714,2024-11-18,Delivered
O003486,C00472,2023-01-11,Cancelled
O003487,C00414,2024-05-07,Delivered
O003488,C00869,2024-06-06,Delivered
O003489,C00445,2024-09-08,Returned
O003490,C00056,2024-12-12,Delivered
O003491,C00253,2024-12-15,Returned
O003492,C00910,2023-02-13,Returned
O003493,C01516,2024-09-24,Delivered
O003494,C00101,2024-03-13,Delivered
O003495,C00818,2024-03-15,Delivered
O003496,C00780,2023-04-07,Shipped
O003497,C00256,2024-04-27,Delivered
O003498,C01038,2024-12-06,Shipped
O003499,C01058,2024-11-24,Delivered
O003500,C01550,2023-11-06,Delivered
O003501,C01002,2023-02-04,Cancelled
O003502,C00734,2023-09-20,Cancelled
O003503,C00851,2024-09-11,Delivered
O003504,C00186,2024-05-07,Returned
O003505,C00737,2023-11-17,Delivered
O003506,C00230,2023-02-09,Delivered
O003507,C00779,2023-11-01,Returned
O003508,C00820,2023-11-14,Returned
O003509,C00727,2024-11-04,Delivered
O003510,C00134,2024-03-10,Delivered
O003511,C01336,2023-08-28,Delivered
O003512,C01437,2023-12-08,Delivered
O003513,C00799,2023-02-21,Delivered
O003514,C00563,2024-12-01,Cancelled
O003515,C00093,2023-09-21,Delivered
O003516,C00510,2023-12-28,Delivered
O003517,C00019,2023-09-19,Delivered
O003518,C00319,2024-04-17,Delivered
O003519,C00963,2024-04-23,Returned
O003520,C00126,2024-05-02,Shipped
O003521,C00430,2023-07-26,Returned
O003522,C00601,2023-08-24,Delivered
O003523,C00859,2023-04-20,Delivered
O003524,C01063,2024-04-06,Delivered
O003525,C00372,2023-02-24,Delivered
O003526,C00333,2024-02-04,Delivered
O003527,C00418,2024-10-16,Delivered
O003528,C01281,2024-11-13,Delivered
O003529,C01274,2023-11-27,Delivered
O003530,C00680,2023-11-01,Delivered
O003531,C00071,2023-02-16,Cancelled
O003532,C00296,2024-04-28,Delivered
O003533,C01105,2024-09-02,Delivered
O003534,C01226,2023-07-25,Cancelled
O003535,C00324,2023-11-17,Delivered
O003536,C00715,2024-10-01,Delivered
O003537,C00860,2024-11-03,Delivered
O003538,C00975,2023-07-04,Delivered
O003539,C01100,2024-01-14,Delivered
O003540,C00527,2023-05-05,Delivered
O003541,C01106,2023-03-11,Delivered
O003542,C01369,2024-11-20,Cancelled
O003543,C00979,2024-09-04,Delivered
O003544,C01170,2024-06-24,Delivered
O003545,C00450,2023-02-05,Shipped
O003546,C00293,2024-10-05,Delivered
O003547,C00169,2023-11-22,Cancelled
O003548,C00828,2023-09-04,Delivered
O003549,C00216,2024-01-20,Delivered
O003550,C00379,2023-03-08,Cancelled
O003551,C00617,2024-06-22,Delivered
O003552,C00947,2024-02-23,Cancelled
O003553,C01065,2023-05-19,Shipped
O003554,C01557,2023-05-19,Delivered
O003555,C00865,2023-05-11,Delivered
O003556,C00298,2023-02-22,Shipped
O003557,C00071,2024-02-24,Cancelled
O003558,C00789,2024-10-26,Cancelled
O003559,C00406,2023-01-02,Delivered
O003560,C00332,2023-02-01,Delivered
O003561,C00024,2024-02-11,Shipped
O003562,C00991,2024-09-16,Returned
O003563,C00385,2023-08-12,Cancelled
O003564,C01183,2023-09-28,Delivered
O003565,C00440,2024-02-15,Delivered
O003566,C01118,2023-07-20,Delivered
O003567,C00573,2023-01-04,Cancelled
O003568,C01054,2024-06-25,Delivered
O003569,C00382,2024-03-11,Delivered
O003570,C00999,2024-02-11,Returned
O003571,C00702,2024-06-18,Returned
O003572,C00130,2024-04-17,Returned
O003573,C00937,2023-06-12,Returned
O003574,C00247,2023-09-04,Shipped
O003575,C00606,2023-04-23,Delivered
O003576,C00927,2023-04-28,Delivered
O003577,C01034,2024-04-18,Delivered
O003578,C01047,2024-10-13,Delivered
O003579,C01394,2024-12-05,Delivered
O003580,C00035,2024-03-25,Delivered
O003581,C00725,2023-05-24,Shipped
O003582,C01087,2023-03-20,Shipped
O003583,C01092,2024-08-02,Delivered
O003584,C00472,2024-02-18,Cancelled
O003585,C00342,2024-03-17,Delivered
O003586,C00206,2024-07-06,Cancelled
O003587,C01301,2024-05-06,Cancelled
O003588,C01267,2024-09-28,Delivered
O003589,C00312,2023-02-27,Shipped
O003590,C00869,2024-06-20,Returned
O003591,C00571,2024-10-07,Delivered
O003592,C00608,2023-07-13,Delivered
O003593,C00863,2024-03-17,Delivered
O003594,C00615,2023-08-15,Delivered
O003595,C00515,2024-12-03,Cancelled
O003596,C00639,2023-01-18,Delivered
O003597,C01217,2024-02-24,Delivered
O003598,C01547,2023-05-02,Delivered
O003599,C00295,2024-05-05,Delivered
O003600,C01566,2023-05-27,Returned
O003601,C00327,2023-06-08,Cancelled
O003602,C00801,2023-12-14,Shipped
O003603,C00510,2024-11-07,Returned
O003604,C00145,2023-06-12,Delivered
O003605,C00823,2023-04-09,Delivered
O003606,C01515,2024-06-24,Shipped
O003607,C00422,2023-12-22,Delivered
O003608,C01377,2024-11-05,Delivered
O003609,C00023,2023-04-25,Cancelled
O003610,C01067,2024-03-04,Delivered
O003611,C00211,2023-06-17,Returned
O003612,C01226,2023-05-21,Delivered
O003613,C01353,2024-04-08,Delivered
O003614,C00256,2024-02-10,Shipped
O003615,C01250,2024-06-24,Delivered
O003616,C00145,2023-08-05,Returned
O003617,C00084,2023-11-24,Delivered
O003618,C00232,2023-10-27,Cancelled
O003619,C00873,2024-12-15,Shipped
O003620,C01454,2023-07-06,Cancelled
O003621,C00998,2023-08-28,Returned
O003622,C00461,2023-09-10,Shipped
O003623,C01499,2024-01-04,Shipped
O003624,C01362,2023-07-20,Delivered
O003625,C01437,2024-11-27,Delivered
O003626,C01307,2023-07-14,Delivered
O003627,C01577,2024-11-28,Delivered
O003628,C01501,2023-03-27,Delivered
O003629,C01312,2024-04-09,Shipped
O003630,C00860,2024-11-11,Cancelled
O003631,C00515,2023-05-27,Delivered
O003632,C00027,2024-12-03,Delivered
O003633,C00995,2023-11-23,Delivered
O003634,C01014,2024-12-19,Delivered
O003635,C00889,2024-04-19,Cancelled
O003636,C01452,2023-08-09,Delivered
O003637,C01233,2023-05-18,Delivered
O003638,C01317,2023-08-19,Delivered
O003639,C00241,2023-03-19,Returned
O003640,C00739,2023-04-08,Shipped
O003641,C01472,2023-03-22,Cancelled
O003642,C00077,2023-11-02,Delivered
O003643,C01287,2024-07-27,Cancelled
O003644,C00885,2023-04-25,Cancelled
O003645,C00443,2023-04-01,Shipped
O003646,C01292,2024-03-06,Delivered
O003647,C00599,2023-06-04,Delivered
O003648,C01494,2023-03-26,Delivered
O003649,C00520,2023-05-28,Delivered
O003650,C01399,2024-11-27,Delivered
O003651,C00510,2024-09-12,Delivered
O003652,C00665,2023-09-15,Delivered
O003653,C01301,2024-04-23,Delivered
O003654,C00329,2024-01-25,Delivered
O003655,C01121,2024-04-18,Cancelled
O003656,C01517,2024-04-11,Delivered
O003657,C00714,2024-03-25,Returned
O003658,C00353,2023-07-27,Returned
O003659,C00684,2023-02-16,Delivered
O003660,C01103,2023-11-20,Cancelled
O003661,C00467,2024-11-26,Delivered
O003662,C00627,2024-01-27,Delivered
O003663,C00186,2024-09-24,Cancelled
O003664,C00641,2024-12-13,Shipped
O003665,C01550,2023-05-16,Delivered
O003666,C00543,2024-05-07,Returned
O003667,C00995,2024-04-23,Delivered
O003668,C00897,2024-12-11,Delivered
O003669,C00327,2024-12-25,Delivered
O003670,C00033,2024-05-11,Delivered
O003671,C00636,2023-07-07,Shipped
O003672,C01316,2024-08-23,Shipped
O003673,C01550,2023-03-10,Shipped
O003674,C00365,2024-07-18,Delivered
O003675,C01425,2024-11-20,Delivered
O003676,C00186,2023-10-07,Cancelled
O003677,C00829,2024-03-20,Returned
O003678,C00299,2023-11-09,Cancelled
O003679,C01092,2023-11-11,Delivered
O003680,C01257,2023-08-13,Shipped
O003681,C00664,2024-06-03,Delivered
O003682,C00084,2024-11-15,Delivered
O003683,C00318,2024-12-18,Cancelled
O003684,C00460,2023-05-09,Returned
O003685,C00449,2024-10-23,Delivered
O003686,C00902,2024-06-08,Cancelled
O003687,C00443,2023-07-26,Delivered
O003688,C01164,2023-02-01,Delivered
O003689,C01285,2023-07-14,Shipped
O003690,C01530,2024-11-13,Delivered
O003691,C00746,2024-03-23,Returned
O003692,C00540,2024-05-26,Delivered
O003693,C00747,2023-07-12,Delivered
O003694,C01107,2024-05-11,Delivered
O003695,C01420,2023-01-03,Delivered
O003696,C01439,2023-10-11,Delivered
O003697,C01103,2024-03-26,Shipped
O003698,C01040,2023-04-05,Cancelled
O003699,C01097,2024-09-16,Delivered
O003700,C00467,2023-06-04,Cancelled
O003701,C01470,2024-04-12,Cancelled
O003702,C01135,2023-10-21,Returned
O003703,C00953,2024-02-08,Delivered
O003704,C00109,2023-03-19,Delivered
O003705,C00897,2023-01-20,Delivered
O003706,C00894,2024-11-19,Delivered
O003707,C01145,2023-07-06,Cancelled
O003708,C00712,2024-09-02,Delivered
O003709,C01447,2024-12-28,Delivered
O003710,C00726,2023-06-03,Delivered
O003711,C00566,2023-07-24,Shipped
O003712,C01491,2024-04-09,Delivered
O003713,C01225,2024-12-23,Delivered
O003714,C01443,2024-11-14,Returned
O003715,C00812,2023-12-05,Delivered
O003716,C00926,2024-07-22,Delivered
O003717,C01428,2023-04-18,Cancelled
O003718,C00677,2024-12-10,Delivered
O003719,C01041,2024-12-19,Delivered
O003720,C01106,2023-05-05,Cancelled
O003721,C00014,2023-08-19,Shipped
O003722,C01546,2023-03-02,Delivered
O003723,C01587,2023-07-19,Delivered
O003724,C00131,2024-08-20,Shipped
O003725,C00331,2023-10-14,Cancelled
O003726,C00510,2023-03-07,Shipped
O003727,C01555,2023-09-25,Delivered
O003728,C00372,2024-12-27,Delivered
O003729,C01493,2024-03-21,Delivered
O003730,C00827,2023-11-11,Shipped
O003731,C00835,2023-05-23,Delivered
O003732,C00972,2024-12-23,Delivered
O003733,C00704,2024-09-28,Delivered
O003734,C00882,2023-07-04,Delivered
O003735,C00186,2023-02-16,Delivered
O003736,C00823,2023-02-09,Delivered
O003737,C00720,2023-04-08,Cancelled
O003738,C00168,2024-02-21,Delivered
O003739,C01540,2024-11-15,Delivered
O003740,C01242,2023-12-17,Delivered
O003741,C00122,2024-10-18,Cancelled
O003742,C00196,2023-11-12,Delivered
O003743,C01084,2024-05-01,Delivered
O003744,C00670,2024-06-01,Delivered
O003745,C00057,2023-05-10,Returned
O003746,C00143,2023-09-19,Delivered
O003747,C01304,2024-03-07,Shipped
O003748,C00373,2023-02-16,Shipped
O003749,C00708,2023-09-07,Delivered
O003750,C01400,2024-01-28,Delivered
O003751,C00767,2024-12-20,Shipped
O003752,C01582,2023-12-06,Delivered
O003753,C00912,2024-08-17,Delivered
O003754,C00080,2023-11-20,Shipped
O003755,C00247,2024-08-26,Returned
O003756,C00597,2024-02-10,Delivered
O003757,C01399,2024-11-12,Delivered
O003758,C01062,2023-11-19,Delivered
O003759,C00396,2024-02-04,Shipped
O003760,C00691,2024-03-05,Delivered
O003761,C01123,2023-11-22,Returned
O003762,C00239,2023-04-13,Cancelled
O003763,C00505,2023-03-18,Delivered
O003764,C00386,2023-01-05,Returned
O003765,C00086,2024-10-13,Delivered
O003766,C01351,2023-06-02,Cancelled
O003767,C01211,2023-06-25,Delivered
O003768,C01065,2024-06-28,Delivered
O003769,C01342,2023-08-22,Delivered
O003770,C01439,2023-12-17,Shipped
O003771,C00808,2023-05-17,Returned
O003772,C01318,2024-12-18,Delivered
O003773,C00657,2024-10-10,Delivered
O003774,C01564,2024-10-15,Delivered
O003775,C00828,2023-10-10,Delivered
O003776,C00169,2024-06-13,Delivered
O003777,C01007,2023-04-01,Delivered
O003778,C00992,2023-01-11,Shipped
O003779,C00627,2023-01-13,Delivered
O003780,C00589,2024-02-26,Returned
O003781,C01432,2023-11-22,Delivered
O003782,C00086,2023-12-17,Delivered
O003783,C01532,2023-01-03,Shipped
O003784,C00643,2023-11-18,Cancelled
O003785,C01095,2024-05-02,Delivered
O003786,C00621,2023-11-02,Delivered
O003787,C00721,2024-06-07,Shipped
O003788,C01402,2023-06-02,Returned
O003789,C01513,2024-08-14,Shipped
O003790,C00366,2024-02-17,Shipped
O003791,C01432,2023-06-12,Delivered
O003792,C00937,2023-06-07,Delivered
O003793,C01460,2024-03-08,Delivered
O003794,C01463,2024-09-03,Delivered
O003795,C00424,2023-11-16,Shipped
O003796,C00032,2023-07-21,Delivered
O003797,C00422,2024-10-13,Cancelled
O003798,C00595,2024-04-04,Delivered
O003799,C01351,2023-11-08,Returned
O003800,C00678,2023-12-27,Delivered
O003801,C00468,2023-06-13,Delivered
O003802,C00824,2024-03-27,Delivered
O003803,C00291,2023-09-05,Shipped
O003804,C01274,2024-12-08,Cancelled
O003805,C01394,2023-12-09,Shipped
O003806,C01339,2023-12-23,Cancelled
O003807,C01414,2024-01-09,Delivered
O003808,C00848,2024-11-14,Delivered
O003809,C00389,2024-08-09,Returned
O003810,C00520,2023-11-25,Shipped
O003811,C01284,2024-05-01,Cancelled
O003812,C00086,2024-02-13,Cancelled
O003813,C00920,2023-12-25,Delivered
O003814,C00145,2023-05-22,Cancelled
O003815,C00237,2023-11-04,Delivered
O003816,C01001,2023-07-26,Delivered
O003817,C01100,2024-11-06,Delivered
O003818,C01516,2023-09-06,Delivered
O003819,C01465,2024-12-22,Cancelled
O003820,C00584,2024-01-13,Shipped
O003821,C00584,2024-03-10,Returned
O003822,C00536,2024-01-19,Delivered
O003823,C00245,2023-04-25,Delivered
O003824,C00414,2023-10-27,Delivered
O003825,C01062,2023-03-18,Delivered
O003826,C00224,2024-03-16,Delivered
O003827,C00078,2023-11-08,Returned
O003828,C00378,2024-07-13,Delivered
O003829,C00496,2023-06-25,Delivered
O003830,C00898,2023-05-20,Cancelled
O003831,C00906,2023-10-05,Shipped
O003832,C00085,2024-11-25,Cancelled
O003833,C01571,2024-05-17,Delivered
O003834,C01485,2023-11-25,Delivered
O003835,C01165,2023-12-02,Delivered
O003836,C00718,2023-03-05,Delivered
O003837,C01320,2024-12-07,Delivered
O003838,C00779,2024-04-13,Delivered
O003839,C01036,2023-07-10,Delivered
O003840,C00377,2024-02-08,Cancelled
O003841,C00688,2023-03-07,Cancelled
O003842,C00899,2024-12-24,Delivered
O003843,C00143,2023-05-28,Returned
O003844,C01233,2024-04-08,Shipped
O003845,C01141,2023-07-10,Delivered
O003846,C01121,2024-05-05,Delivered
O003847,C00229,2024-07-02,Cancelled
O003848,C00840,2024-04-03,Shipped
O003849,C00036,2024-03-18,Shipped
O003850,C00348,2024-11-24,Cancelled
O003851,C00759,2023-03-11,Delivered
O003852,C01402,2023-08-05,Delivered
O003853,C01575,2023-07-01,Shipped
O003854,C00460,2024-12-04,Returned
O003855,C00073,2023-10-21,Shipped
O003856,C00152,2024-06-18,Delivered
O003857,C00976,2024-04-21,Shipped
O003858,C00791,2023-06-21,Delivered
O003859,C01262,2023-06-22,Delivered
O003860,C00487,2023-07-15,Cancelled
O003861,C00513,2023-11-16,Delivered
O003862,C00314,2023-06-21,Delivered
O003863,C00459,2023-01-18,Delivered
O003864,C01305,2024-11-10,Cancelled
O003865,C00796,2024-12-06,Delivered
O003866,C00754,2023-09-06,Cancelled
O003867,C00885,2023-09-01,Returned
O003868,C00295,2023-01-10,Delivered
O003869,C00841,2024-04-15,Cancelled
O003870,C00465,2024-09-18,Delivered
O003871,C01284,2023-04-05,Delivered
O003872,C00863,2023-05-07,Delivered
O003873,C01503,2024-07-15,Delivered
O003874,C00796,2024-03-15,Delivered
O003875,C00422,2023-02-12,Delivered
O003876,C01460,2024-03-07,Delivered
O003877,C00399,2023-08-19,Returned
O003878,C01351,2023-09-24,Returned
O003879,C00745,2024-06-20,Delivered
O003880,C01565,2024-08-18,Returned
O003881,C01319,2023-10-14,Delivered
O003882,C00805,2024-12-07,Delivered
O003883,C01112,2023-10-16,Cancelled
O003884,C00616,2024-06-15,Returned
O003885,C01278,2023-12-25,Delivered
O003886,C00409,2024-11-02,Delivered
O003887,C01130,2024-11-11,Delivered
O003888,C00788,2023-03-22,Shipped
O003889,C00370,2024-11-14,Delivered
O003890,C01422,2024-09-01,Delivered
O003891,C01163,2024-07-13,Cancelled
O003892,C01394,2023-06-06,Shipped
O003893,C00320,2024-08-25,Cancelled
O003894,C01178,2024-10-13,Returned
O003895,C00406,2023-07-26,Delivered
O003896,C00649,2024-12-14,Delivered
O003897,C00997,2023-02-08,Delivered
O003898,C01564,2023-04-20,Shipped
O003899,C01287,2024-01-17,Delivered
O003900,C00199,2024-02-22,Returned
O003901,C00176,2024-03-03,Delivered
O003902,C00109,2023-01-01,Delivered
O003903,C00185,2024-12-28,Delivered
O003904,C01523,2023-02-12,Delivered
O003905,C01277,2023-04-07,Delivered
O003906,C00973,2023-01-19,Delivered
O003907,C00359,2024-01-23,Delivered
O003908,C00208,2024-11-10,Returned
O003909,C00328,2024-04-18,Delivered
O003910,C00851,2024-09-06,Delivered
O003911,C01267,2023-01-18,Delivered
O003912,C01151,2024-01-06,Shipped
O003913,C00962,2023-11-21,Cancelled
O003914,C01414,2023-12-09,Returned
O003915,C00233,2023-02-08,Cancelled
O003916,C00912,2024-04-05,Delivered
O003917,C00081,2023-12-25,Delivered
O003918,C00969,2024-06-13,Delivered
O003919,C00350,2023-12-16,Returned
O003920,C00904,2023-04-01,Shipped
O003921,C00373,2024-04-19,Delivered
O003922,C01008,2023-05-01,Cancelled
O003923,C00705,2024-10-19,Delivered
O003924,C00758,2024-03-03,Delivered
O003925,C00277,2023-05-06,Shipped
O003926,C01388,2024-12-10,Delivered
O003927,C00228,2023-12-05,Returned
O003928,C01299,2023-02-22,Delivered
O003929,C01457,2024-03-10,Returned
O003930,C00171,2023-07-26,Delivered
O003931,C01014,2024-08-20,Delivered
O003932,C01209,2024-09-20,Delivered
O003933,C00748,2024-12-06,Returned
O003934,C00394,2023-12-09,Shipped
O003935,C01066,2023-11-09,Delivered
O003936,C00653,2024-06-16,Delivered
O003937,C01435,2023-04-02,Delivered
O003938,C00920,2024-01-09,Delivered
O003939,C00559,2024-01-11,Cancelled
O003940,C00939,2023-03-25,Cancelled
O003941,C00065,2023-11-03,Delivered
O003942,C01279,2024-10-28,Delivered
O003943,C01175,2024-10-24,Delivered
O003944,C00780,2023-03-10,Delivered
O003945,C00779,2023-03-16,Delivered
O003946,C01424,2023-07-02,Cancelled
O003947,C01428,2024-10-09,Delivered
O003948,C00752,2023-04-11,Returned
O003949,C00870,2024-05-17,Delivered
O003950,C00272,2023-03-23,Delivered
O003951,C00536,2024-03-24,Shipped
O003952,C01002,2023-09-07,Delivered
O003953,C00171,2024-07-09,Delivered
O003954,C00174,2023-06-22,Returned
O003955,C00653,2024-03-22,Returned
O003956,C00233,2023-06-17,Delivered
O003957,C00264,2024-05-26,Returned
O003958,C00220,2024-10-25,Delivered
O003959,C00134,2023-04-03,Delivered
O003960,C00486,2024-10-19,Returned
O003961,C00020,2024-02-03,Cancelled
O003962,C00145,2023-04-01,Delivered
O003963,C00678,2023-11-19,Returned
O003964,C00217,2023-05-22,Shipped
O003965,C00409,2024-05-04,Cancelled
O003966,C00381,2024-06-03,Delivered
O003967,C01405,2023-03-23,Delivered
O003968,C00103,2023-12-07,Cancelled
O003969,C00793,2024-08-03,Delivered
O003970,C01085,2024-11-21,Delivered
O003971,C01451,2023-12-16,Delivered
O003972,C01447,2024-12-20,Delivered
O003973,C00590,2024-01-16,Cancelled
O003974,C00126,2023-10-22,Delivered
O003975,C01040,2024-10-06,Delivered
O003976,C00361,2023-12-03,Delivered
O003977,C00295,2023-12-09,Shipped
O003978,C00388,2023-12-19,Cancelled
O003979,C01440,2024-10-04,Returned
O003980,C00386,2024-09-03,Delivered
O003981,C00659,2023-10-28,Returned
O003982,C00333,2023-09-08,Delivered
O003983,C01214,2023-12-21,Delivered
O003984,C01038,2024-02-20,Cancelled
O003985,C00707,2023-06-10,Cancelled
O003986,C01087,2024-07-08,Delivered
O003987,C01400,2023-12-21,Delivered
O003988,C01545,2023-09-10,Delivered
O003989,C00127,2023-03-03,Delivered
O003990,C00124,2023-06-16,Shipped
O003991,C00881,2024-12-25,Delivered
O003992,C01566,2023-08-22,Cancelled
O003993,C00025,2023-05-15,Cancelled
O003994,C00181,2023-11-22,Delivered
O003995,C01580,2023-08-19,Delivered
O003996,C00538,2023-01-23,Cancelled
O003997,C00654,2023-08-27,Delivered
O003998,C00759,2024-01-12,Delivered
O003999,C01564,2024-01-10,Delivered
O004000,C00468,2023-09-11,Shipped
O004001,C00088,2023-11-06,Cancelled
O004002,C00840,2024-12-12,Delivered
O004003,C00665,2023-10-15,Returned
O004004,C00826,2023-07-28,Delivered
O004005,C00927,2023-07-28,Delivered
O004006,C01512,2023-11-05,Returned
O004007,C00860,2024-06-13,Delivered
O004008,C00286,2023-06-28,Returned
O004009,C00782,2024-05-11,Returned
O004010,C00749,2023-01-21,Delivered
O004011,C01356,2023-11-14,Delivered
O004012,C00377,2024-07-05,Delivered
O004013,C00034,2023-09-04,Delivered
O004014,C00555,2024-01-16,Delivered
O004015,C00045,2023-06-07,Delivered
O004016,C00325,2024-06-13,Delivered
O004017,C00569,2023-02-27,Delivered
O004018,C00997,2024-10-07,Shipped
O004019,C01023,2023-06-24,Delivered
O004020,C00328,2024-10-14,Delivered
O004021,C00123,2023-09-22,Delivered
O004022,C00138,2024-05-04,Delivered
O004023,C00977,2023-08-23,Shipped
O004024,C00290,2024-11-10,Delivered
O004025,C00444,2023-04-17,Delivered
O004026,C01294,2023-05-16,Delivered
O004027,C01401,2023-12-11,Shipped
O004028,C01253,2023-03-14,Delivered
O004029,C01085,2023-06-20,Delivered
O004030,C01485,2024-12-11,Delivered
O004031,C01411,2024-12-26,Returned
O004032,C00757,2023-10-05,Shipped
O004033,C00130,2024-11-16,Delivered
O004034,C00758,2024-01-15,Delivered
O004035,C00429,2023-07-08,Delivered
O004036,C00479,2024-05-23,Returned
O004037,C01299,2024-04-11,Delivered
O004038,C00575,2024-12-26,Shipped
O004039,C01183,2023-07-11,Returned
O004040,C01431,2024-04-11,Delivered
O004041,C00469,2023-02-05,Cancelled
O004042,C01001,2023-03-19,Shipped
O004043,C00040,2023-01-16,Delivered
O004044,C00196,2024-12-17,Delivered
O004045,C00304,2024-08-25,Shipped
O004046,C00167,2024-07-11,Shipped
O004047,C00948,2023-12-16,Shipped
O004048,C00138,2023-08-24,Delivered
O004049,C00396,2023-04-13,Returned
O004050,C00566,2023-07-25,Cancelled
O004051,C00746,2023-10-05,Returned
O004052,C00121,2024-06-25,Delivered
O004053,C00458,2024-01-08,Cancelled
O004054,C00989,2023-03-01,Shipped
O004055,C01099,2023-01-05,Delivered
O004056,C01323,2023-03-27,Delivered
O004057,C00247,2023-11-20,Delivered
O004058,C00125,2024-11-24,Cancelled
O004059,C01033,2024-03-07,Delivered
O004060,C00771,2024-08-08,Delivered
O004061,C00023,2023-11-23,Delivered
O004062,C00419,2023-09-09,Delivered
O004063,C00060,2023-03-10,Cancelled
O004064,C01562,2024-10-21,Delivered
O004065,C00755,2024-07-03,Delivered
O004066,C01282,2023-05-25,Delivered
O004067,C00322,2023-12-18,Shipped
O004068,C01554,2023-12-15,Delivered
O004069,C00561,2024-03-04,Delivered
O004070,C00406,2024-12-09,Cancelled
O004071,C00929,2024-02-20,Delivered
O004072,C01202,2024-01-06,Delivered
O004073,C01127,2023-02-11,Delivered
O004074,C01324,2023-02-21,Delivered
O004075,C00365,2023-05-13,Delivered
O004076,C01558,2023-01-20,Delivered
O004077,C00580,2024-06-21,Delivered
O004078,C01550,2024-05-19,Shipped
O004079,C00115,2023-04-02,Cancelled
O004080,C01462,2024-09-23,Delivered
O004081,C00131,2023-05-16,Delivered
O004082,C01462,2023-08-05,Delivered
O004083,C01546,2023-07-03,Delivered
O004084,C00846,2023-10-12,Delivered
O004085,C00143,2023-07-25,Delivered
O004086,C01117,2023-12-13,Delivered
O004087,C00853,2023-10-17,Cancelled
O004088,C00811,2024-12-26,Cancelled
O004089,C00184,2023-02-05,Returned
O004090,C00237,2023-04-07,Returned
O004091,C01321,2023-02-28,Cancelled
O004092,C01317,2024-03-18,Returned
O004093,C00449,2023-02-23,Returned
O004094,C00313,2024-09-08,Returned
O004095,C01026,2023-12-05,Delivered
O004096,C01549,2023-12-11,Cancelled
O004097,C00811,2024-01-22,Delivered
O004098,C01568,2023-05-17,Delivered
O004099,C00049,2023-06-16,Cancelled
O004100,C01428,2023-08-23,Delivered
O004101,C00140,2024-02-18,Delivered
O004102,C00074,2023-06-07,Delivered
O004103,C01194,2023-04-08,Delivered
O004104,C00716,2024-12-01,Cancelled
O004105,C00754,2023-01-03,Shipped
O004106,C00337,2024-08-27,Delivered
O004107,C00312,2024-07-07,Shipped
O004108,C01047,2023-08-01,Delivered
O004109,C00525,2023-04-06,Delivered
O004110,C00534,2023-04-07,Delivered
O004111,C01333,2024-05-04,Delivered
O004112,C00060,2024-03-15,Delivered
O004113,C01376,2024-07-20,Shipped
O004114,C00831,2024-11-25,Delivered
O004115,C00231,2024-05-06,Delivered
O004116,C01522,2023-05-13,Returned
O004117,C01556,2023-07-07,Shipped
O004118,C01531,2024-10-24,Delivered
O004119,C01413,2023-06-27,Cancelled
O004120,C00622,2023-02-07,Delivered
O004121,C01327,2024-05-15,Cancelled
O004122,C00517,2023-10-08,Delivered
O004123,C00049,2024-11-17,Delivered
O004124,C00444,2024-04-01,Returned
O004125,C00684,2023-03-06,Delivered
O004126,C01475,2024-12-16,Delivered
O004127,C00801,2023-07-24,Shipped
O004128,C01007,2023-09-25,Delivered
O004129,C01367,2023-10-18,Returned
O004130,C00001,2023-02-08,Returned
O004131,C00103,2023-12-01,Returned
O004132,C00562,2023-04-01,Delivered
O004133,C00912,2023-10-10,Delivered
O004134,C01164,2023-09-24,Delivered
O004135,C00110,2024-06-04,Delivered
O004136,C01323,2024-08-07,Delivered
O004137,C00574,2023-04-14,Delivered
O004138,C00046,2023-09-21,Delivered
O004139,C00072,2023-10-25,Delivered
O004140,C00936,2023-04-10,Returned
O004141,C00247,2024-08-07,Cancelled
O004142,C00063,2024-05-24,Delivered
O004143,C00177,2023-05-06,Cancelled
O004144,C01424,2023-09-08,Shipped
O004145,C00554,2023-03-09,Delivered
O004146,C00983,2024-03-23,Delivered
O004147,C00314,2023-04-24,Delivered
O004148,C00815,2024-12-03,Cancelled
O004149,C00062,2024-07-13,Delivered
O004150,C00886,2023-10-16,Returned
O004151,C00359,2024-02-15,Delivered
O004152,C00091,2024-11-19,Cancelled
O004153,C01577,2024-01-03,Delivered
O004154,C00386,2023-05-23,Delivered
O004155,C00004,2023-10-23,Cancelled
O004156,C01154,2024-10-02,Returned
O004157,C00892,2024-03-28,Shipped
O004158,C01001,2024-04-23,Returned
O004159,C01466,2024-10-08,Returned
O004160,C00097,2024-11-24,Delivered
O004161,C00182,2024-11-12,Shipped
O004162,C00968,2023-03-12,Shipped
O004163,C00765,2024-01-06,Cancelled
O004164,C01488,2024-06-12,Shipped
O004165,C00299,2024-06-18,Delivered
O004166,C00711,2024-02-24,Delivered
O004167,C00823,2023-05-06,Delivered
O004168,C00712,2024-08-15,Returned
O004169,C00303,2024-05-10,Returned
O004170,C01384,2023-03-22,Shipped
O004171,C00738,2023-11-14,Delivered
O004172,C01234,2023-05-03,Delivered
O004173,C01322,2023-09-05,Delivered
O004174,C01105,2023-01-15,Returned
O004175,C00337,2023-10-22,Delivered
O004176,C01038,2024-01-11,Returned
O004177,C00298,2024-03-21,Shipped
O004178,C01107,2024-04-11,Cancelled
O004179,C01526,2024-09-27,Delivered
O004180,C00286,2023-06-28,Returned
O004181,C00422,2023-04-26,Returned
O004182,C00812,2024-10-23,Delivered
O004183,C00859,2023-05-27,Delivered
O004184,C01115,2024-12-17,Delivered
O004185,C00213,2024-10-17,Shipped
O004186,C00522,2023-12-01,Shipped
O004187,C00338,2024-12-22,Cancelled
O004188,C01454,2023-03-08,Returned
O004189,C01002,2023-08-11,Delivered
O004190,C01499,2024-03-11,Returned
O004191,C00765,2023-09-26,Shipped
O004192,C01072,2024-11-13,Cancelled
O004193,C00805,2023-02-27,Delivered
O004194,C00720,2024-01-19,Cancelled
O004195,C01409,2024-02-14,Returned
O004196,C00463,2024-04-04,Cancelled
O004197,C00319,2023-07-21,Returned
O004198,C01543,2023-09-23,Delivered
O004199,C00002,2024-10-23,Returned
O004200,C01015,2023-06-17,Delivered
