review_id,order_id,review_score,review_comment,estimated_delivery_date,actual_delivery_date,review_date
R000001,O000001,3,Delivery took longer than expected.,2023-01-07,2023-01-10,2023-01-13
R000002,O000003,4,Decent but packaging could improve.,2023-11-21,2023-11-22,2023-11-26
R000003,O000005,3,"Product is okay, average quality.",2024-01-22,2024-01-23,2024-01-26
R000004,O000006,4,"Works fine, nothing special.",2023-12-08,2023-12-11,2023-12-14
R000005,O000007,4,Loved it!,2023-03-25,2023-03-24,2023-03-26
R000006,O000009,3,Product quality not as expected.,2024-09-05,2024-09-15,2024-09-17
R000007,O000010,5,"Great product, fast delivery!",2023-10-12,2023-10-10,2023-10-11
R000008,O000011,3,"Very late delivery, disappointed.",2024-07-12,2024-07-21,2024-07-25
R000009,O000012,4,"Great product, fast delivery!",2024-12-17,2024-12-16,2024-12-17
R000010,O000013,5,Exactly as described. Very happy.,2023-06-22,2023-06-22,2023-06-25
R000011,O000014,3,"Works fine, nothing special.",2023-12-09,2023-12-12,2023-12-15
R000012,O000015,4,"Works fine, nothing special.",2023-08-02,2023-08-03,2023-08-06
R000013,O000016,1,"Poor packaging, item was scratched.",2024-07-08,2024-07-16,2024-07-19
R000014,O000017,5,Exactly as described. Very happy.,2024-02-17,2024-02-16,2024-02-20
R000015,O000018,5,"Great product, fast delivery!",2024-03-14,2024-03-14,2024-03-15
R000016,O000019,2,Not worth the price.,2024-08-17,2024-08-26,2024-08-30
R000017,O000020,4,"Works fine, nothing special.",2023-10-31,2023-11-02,2023-11-04
R000018,O000021,3,"Product is okay, average quality.",2024-12-01,2024-12-04,2024-12-07
R000019,O000022,3,"Works fine, nothing special.",2024-01-28,2024-01-29,2024-02-01
R000020,O000023,4,"Great product, fast delivery!",2023-05-21,2023-05-21,2023-05-23
R000021,O000024,4,Exactly as described. Very happy.,2024-05-18,2024-05-18,2024-05-21
R000022,O000026,4,"Works fine, nothing special.",2023-08-28,2023-08-30,2023-09-02
R000023,O000028,5,"Excellent quality, will buy again.",2024-11-14,2024-11-13,2024-11-15
R000024,O000029,4,"Works fine, nothing special.",2023-07-09,2023-07-11,2023-07-12
R000025,O000030,4,Good value for money.,2024-12-26,2024-12-26,2024-12-27
R000026,O000031,3,"Product is okay, average quality.",2023-04-05,2023-04-06,2023-04-08
R000027,O000032,5,"Great product, fast delivery!",2023-06-20,2023-06-19,2023-06-22
R000028,O000033,5,"Excellent quality, will buy again.",2023-05-08,2023-05-07,2023-05-11
R000029,O000034,3,"Product is okay, average quality.",2024-11-29,2024-11-28,2024-12-01
R000030,O000035,4,Delivery took longer than expected.,2024-04-10,2024-04-12,2024-04-13
R000031,O000036,3,"Product is okay, average quality.",2023-04-28,2023-05-01,2023-05-03
R000032,O000037,3,"Product is okay, average quality.",2023-12-01,2023-12-04,2023-12-08
R000033,O000039,4,"Works fine, nothing special.",2023-03-09,2023-03-11,2023-03-15
R000034,O000040,5,Exactly as described. Very happy.,2024-11-11,2024-11-10,2024-11-13
R000035,O000042,4,Decent but packaging could improve.,2023-12-31,2024-01-02,2024-01-03
R000036,O000045,3,"Works fine, nothing special.",2024-12-10,2024-12-10,2024-12-13
R000037,O000046,4,Exactly as described. Very happy.,2024-04-20,2024-04-20,2024-04-21
R000038,O000048,4,Exactly as described. Very happy.,2023-05-30,2023-05-29,2023-06-02
R000039,O000051,5,Loved it!,2023-05-22,2023-05-22,2023-05-23
R000040,O000052,3,Delivery took longer than expected.,2023-02-02,2023-02-03,2023-02-06
R000041,O000053,5,Loved it!,2024-01-22,2024-01-22,2024-01-23
R000042,O000054,4,"Works fine, nothing special.",2023-12-22,2023-12-25,2023-12-26
R000043,O000056,4,Decent but packaging could improve.,2024-11-17,2024-11-20,2024-11-23
R000044,O000058,2,"Product is okay, average quality.",2024-06-18,2024-06-21,2024-06-23
R000045,O000059,3,Delivery took longer than expected.,2023-05-05,2023-05-05,2023-05-08
R000046,O000060,4,"Product is okay, average quality.",2024-10-17,2024-10-19,2024-10-23
R000047,O000061,3,Product quality not as expected.,2024-09-27,2024-10-04,2024-10-05
R000048,O000063,5,Loved it!,2024-05-27,2024-05-25,2024-05-29
R000049,O000064,3,Decent but packaging could improve.,2023-08-25,2023-08-26,2023-08-30
R000050,O000065,5,Loved it!,2023-12-21,2023-12-21,2023-12-24
R000051,O000066,2,"Very late delivery, disappointed.",2024-09-21,2024-09-28,2024-10-02
R000052,O000067,3,Delivery took longer than expected.,2023-11-08,2023-11-11,2023-11-13
R000053,O000068,4,Delivery took longer than expected.,2023-10-02,2023-10-04,2023-10-07
R000054,O000069,3,Decent but packaging could improve.,2023-12-11,2023-12-14,2023-12-15
R000055,O000073,4,"Excellent quality, will buy again.",2024-05-26,2024-05-25,2024-05-27
R000056,O000075,3,"Product is okay, average quality.",2023-03-28,2023-03-29,2023-04-01
R000057,O000076,3,Decent but packaging could improve.,2023-06-14,2023-06-17,2023-06-19
R000058,O000077,3,"Works fine, nothing special.",2023-04-10,2023-04-11,2023-04-14
R000059,O000078,4,Good value for money.,2023-09-17,2023-09-15,2023-09-17
R000060,O000079,3,"Works fine, nothing special.",2023-12-01,2023-12-02,2023-12-04
R000061,O000080,4,"Product is okay, average quality.",2024-07-02,2024-07-05,2024-07-08
R000062,O000082,4,"Product is okay, average quality.",2024-03-07,2024-03-09,2024-03-13
R000063,O000083,5,"Excellent quality, will buy again.",2023-09-12,2023-09-12,2023-09-16
R000064,O000084,4,Loved it!,2024-10-10,2024-10-10,2024-10-13
R000065,O000085,2,"Product is okay, average quality.",2023-12-25,2023-12-27,2023-12-31
R000066,O000088,5,"Excellent quality, will buy again.",2023-04-11,2023-04-10,2023-04-14
R000067,O000089,4,Good value for money.,2024-04-26,2024-04-25,2024-04-26
R000068,O000091,3,"Product is okay, average quality.",2024-05-29,2024-05-31,2024-06-02
R000069,O000092,4,Good value for money.,2023-02-11,2023-02-10,2023-02-11
R000070,O000095,3,"Works fine, nothing special.",2023-06-19,2023-06-22,2023-06-25
R000071,O000096,3,"Very late delivery, disappointed.",2024-10-04,2024-10-14,2024-10-17
R000072,O000097,4,Decent but packaging could improve.,2023-08-01,2023-08-02,2023-08-05
R000073,O000098,4,"Works fine, nothing special.",2024-03-31,2024-04-03,2024-04-07
R000074,O000099,5,Exactly as described. Very happy.,2024-05-27,2024-05-27,2024-05-29
R000075,O000101,4,"Product is okay, average quality.",2023-08-28,2023-08-30,2023-09-03
R000076,O000103,3,"Product is okay, average quality.",2023-01-07,2023-01-08,2023-01-11
R000077,O000104,3,"Works fine, nothing special.",2023-08-21,2023-08-21,2023-08-22
R000078,O000105,5,Loved it!,2024-04-07,2024-04-07,2024-04-11
R000079,O000106,3,Delivery took longer than expected.,2024-11-12,2024-11-13,2024-11-16
R000080,O000107,4,Delivery took longer than expected.,2024-11-01,2024-11-02,2024-11-03
R000081,O000110,5,Good value for money.,2024-04-10,2024-04-08,2024-04-12
R000082,O000111,5,"Excellent quality, will buy again.",2023-07-19,2023-07-18,2023-07-22
R000083,O000112,5,"Great product, fast delivery!",2024-11-09,2024-11-08,2024-11-09
R000084,O000113,3,"Product is okay, average quality.",2024-04-25,2024-04-28,2024-04-29
R000085,O000114,4,"Works fine, nothing special.",2024-01-14,2024-01-16,2024-01-17
R000086,O000115,5,Good value for money.,2023-03-24,2023-03-22,2023-03-23
R000087,O000116,4,"Product is okay, average quality.",2023-12-01,2023-12-02,2023-12-03
R000088,O000117,4,Delivery took longer than expected.,2023-11-20,2023-11-21,2023-11-23
R000089,O000120,4,Loved it!,2023-10-28,2023-10-27,2023-10-29
R000090,O000121,4,Delivery took longer than expected.,2024-12-31,2025-01-02,2025-01-04
R000091,O000122,3,"Works fine, nothing special.",2023-03-09,2023-03-12,2023-03-15
R000092,O000123,5,"Excellent quality, will buy again.",2023-11-18,2023-11-16,2023-11-19
R000093,O000124,4,"Works fine, nothing special.",2023-02-18,2023-02-19,2023-02-22
R000094,O000125,2,"Works fine, nothing special.",2024-06-11,2024-06-13,2024-06-15
R000095,O000126,5,Exactly as described. Very happy.,2024-11-29,2024-11-29,2024-12-03
R000096,O000128,4,"Works fine, nothing special.",2024-10-29,2024-10-30,2024-11-01
R000097,O000132,2,Product quality not as expected.,2024-08-27,2024-09-01,2024-09-02
R000098,O000134,5,Exactly as described. Very happy.,2024-12-19,2024-12-19,2024-12-20
R000099,O000136,4,"Product is okay, average quality.",2023-08-09,2023-08-10,2023-08-13
R000100,O000137,1,Not worth the price.,2024-09-15,2024-09-19,2024-09-23
R000101,O000138,4,Decent but packaging could improve.,2023-07-10,2023-07-12,2023-07-15
R000102,O000140,5,Exactly as described. Very happy.,2023-03-08,2023-03-06,2023-03-09
R000103,O000143,5,"Great product, fast delivery!",2023-03-10,2023-03-08,2023-03-11
R000104,O000144,5,Good value for money.,2023-06-22,2023-06-22,2023-06-23
R000105,O000145,5,"Excellent quality, will buy again.",2023-01-17,2023-01-16,2023-01-19
R000106,O000147,5,Good value for money.,2023-08-21,2023-08-20,2023-08-24
R000107,O000148,5,Good value for money.,2024-02-07,2024-02-07,2024-02-08
R000108,O000149,3,"Works fine, nothing special.",2023-08-18,2023-08-20,2023-08-24
R000109,O000150,4,"Product is okay, average quality.",2023-08-11,2023-08-13,2023-08-15
R000110,O000151,3,Decent but packaging could improve.,2024-06-19,2024-06-22,2024-06-25
R000111,O000152,3,Decent but packaging could improve.,2023-02-13,2023-02-14,2023-02-17
R000112,O000155,2,Decent but packaging could improve.,2024-04-12,2024-04-13,2024-04-14
R000113,O000156,3,"Works fine, nothing special.",2024-03-03,2024-03-04,2024-03-07
R000114,O000157,4,Good value for money.,2024-11-26,2024-11-24,2024-11-26
R000115,O000158,3,Decent but packaging could improve.,2023-05-30,2023-06-01,2023-06-05
R000116,O000160,3,Delivery took longer than expected.,2023-06-10,2023-06-11,2023-06-12
R000117,O000161,2,Received a damaged item.,2024-07-29,2024-08-08,2024-08-12
R000118,O000162,3,Delivery took longer than expected.,2023-01-20,2023-01-22,2023-01-26
R000119,O000163,3,"Works fine, nothing special.",2024-02-29,2024-02-27,2024-02-29
R000120,O000168,2,Not worth the price.,2024-09-21,2024-09-26,2024-09-27
R000121,O000169,3,Decent but packaging could improve.,2024-02-12,2024-02-14,2024-02-17
R000122,O000171,4,"Excellent quality, will buy again.",2023-03-14,2023-03-13,2023-03-15
R000123,O000172,4,Good value for money.,2024-11-27,2024-11-25,2024-11-28
R000124,O000173,3,Decent but packaging could improve.,2024-04-17,2024-04-19,2024-04-22
R000125,O000174,3,"Poor packaging, item was scratched.",2024-09-27,2024-10-06,2024-10-07
R000126,O000175,5,Exactly as described. Very happy.,2024-12-05,2024-12-04,2024-12-07
R000127,O000176,2,Decent but packaging could improve.,2024-02-17,2024-02-18,2024-02-22
R000128,O000178,3,"Product is okay, average quality.",2023-11-28,2023-12-01,2023-12-04
R000129,O000179,4,Decent but packaging could improve.,2023-08-22,2023-08-24,2023-08-25
R000130,O000181,5,Loved it!,2024-06-22,2024-06-22,2024-06-23
R000131,O000183,4,Good value for money.,2024-11-17,2024-11-15,2024-11-16
R000132,O000184,5,"Excellent quality, will buy again.",2023-11-19,2023-11-17,2023-11-19
R000133,O000187,3,"Product is okay, average quality.",2024-02-14,2024-02-16,2024-02-20
R000134,O000188,4,Decent but packaging could improve.,2024-05-06,2024-05-09,2024-05-10
R000135,O000190,4,Exactly as described. Very happy.,2023-12-14,2023-12-14,2023-12-18
R000136,O000195,2,"Product is okay, average quality.",2024-12-15,2024-12-18,2024-12-21
R000137,O000196,3,"Works fine, nothing special.",2024-02-24,2024-02-27,2024-03-02
R000138,O000197,4,"Excellent quality, will buy again.",2024-06-26,2024-06-24,2024-06-26
R000139,O000200,3,Delivery took longer than expected.,2023-03-05,2023-03-05,2023-03-07
R000140,O000202,5,Good value for money.,2023-09-21,2023-09-20,2023-09-23
R000141,O000204,2,"Works fine, nothing special.",2023-02-23,2023-02-25,2023-02-27
R000142,O000206,4,Delivery took longer than expected.,2023-07-08,2023-07-10,2023-07-14
R000143,O000208,3,"Works fine, nothing special.",2023-08-08,2023-08-09,2023-08-10
R000144,O000209,4,"Works fine, nothing special.",2023-12-21,2023-12-22,2023-12-26
R000145,O000211,5,"Excellent quality, will buy again.",2024-03-13,2024-03-11,2024-03-14
R000146,O000212,4,Exactly as described. Very happy.,2023-07-14,2023-07-13,2023-07-15
R000147,O000213,5,"Excellent quality, will buy again.",2023-06-29,2023-06-28,2023-06-30
R000148,O000215,5,Loved it!,2023-01-13,2023-01-13,2023-01-14
R000149,O000216,4,Good value for money.,2023-01-27,2023-01-26,2023-01-30
R000150,O000218,4,"Works fine, nothing special.",2023-01-26,2023-01-27,2023-01-30
R000151,O000219,5,Good value for money.,2023-04-01,2023-03-30,2023-04-03
R000152,O000220,4,"Excellent quality, will buy again.",2023-09-09,2023-09-09,2023-09-12
R000153,O000221,3,"Very late delivery, disappointed.",2024-08-08,2024-08-17,2024-08-20
R000154,O000222,4,Loved it!,2024-02-15,2024-02-13,2024-02-15
R000155,O000223,5,Exactly as described. Very happy.,2023-12-29,2023-12-28,2023-12-29
R000156,O000224,4,Good value for money.,2023-08-14,2023-08-14,2023-08-17
R000157,O000226,5,"Excellent quality, will buy again.",2023-10-18,2023-10-18,2023-10-22
R000158,O000232,4,Loved it!,2024-10-08,2024-10-06,2024-10-10
R000159,O000233,3,Delivery took longer than expected.,2024-01-01,2024-01-02,2024-01-06
R000160,O000235,5,Loved it!,2024-12-18,2024-12-16,2024-12-19
R000161,O000236,3,Decent but packaging could improve.,2023-04-28,2023-04-30,2023-05-03
R000162,O000237,3,Delivery took longer than expected.,2023-07-20,2023-07-23,2023-07-27
R000163,O000238,3,Decent but packaging could improve.,2023-11-01,2023-11-02,2023-11-03
R000164,O000240,3,"Product is okay, average quality.",2023-11-11,2023-11-13,2023-11-14
R000165,O000241,4,Decent but packaging could improve.,2024-11-26,2024-11-28,2024-11-29
R000166,O000242,2,Decent but packaging could improve.,2024-05-29,2024-06-01,2024-06-04
R000167,O000244,4,Delivery took longer than expected.,2023-08-27,2023-08-30,2023-09-02
R000168,O000245,2,Not worth the price.,2024-09-19,2024-09-26,2024-09-30
R000169,O000246,5,"Excellent quality, will buy again.",2024-12-22,2024-12-21,2024-12-23
R000170,O000248,4,Good value for money.,2023-01-11,2023-01-11,2023-01-13
R000171,O000250,5,Exactly as described. Very happy.,2023-03-03,2023-03-01,2023-03-04
R000172,O000253,3,"Product is okay, average quality.",2024-02-29,2024-03-01,2024-03-04
R000173,O000254,3,Delivery took longer than expected.,2024-05-24,2024-05-24,2024-05-26
R000174,O000255,5,"Great product, fast delivery!",2023-03-19,2023-03-17,2023-03-20
R000175,O000256,4,"Works fine, nothing special.",2023-10-09,2023-10-11,2023-10-14
R000176,O000257,4,"Excellent quality, will buy again.",2023-11-16,2023-11-14,2023-11-15
R000177,O000258,5,Loved it!,2023-09-11,2023-09-09,2023-09-12
R000178,O000259,5,Good value for money.,2023-04-11,2023-04-10,2023-04-14
R000179,O000260,3,"Product is okay, average quality.",2023-11-30,2023-12-01,2023-12-03
R000180,O000262,3,Decent but packaging could improve.,2023-03-01,2023-03-04,2023-03-05
R000181,O000263,4,Loved it!,2023-03-25,2023-03-23,2023-03-27
R000182,O000264,4,Exactly as described. Very happy.,2023-09-10,2023-09-08,2023-09-10
R000183,O000265,4,"Great product, fast delivery!",2024-12-24,2024-12-24,2024-12-25
R000184,O000266,4,Good value for money.,2024-04-07,2024-04-06,2024-04-10
R000185,O000268,3,"Product is okay, average quality.",2023-10-03,2023-10-02,2023-10-03
R000186,O000270,3,"Product is okay, average quality.",2023-01-23,2023-01-25,2023-01-29
R000187,O000274,4,Loved it!,2024-10-22,2024-10-20,2024-10-24
R000188,O000275,3,Decent but packaging could improve.,2024-05-12,2024-05-13,2024-05-15
R000189,O000276,2,"Product is okay, average quality.",2023-04-27,2023-04-28,2023-05-02
R000190,O000278,5,Good value for money.,2023-03-03,2023-03-02,2023-03-04
R000191,O000279,3,"Product is okay, average quality.",2024-01-09,2024-01-12,2024-01-15
R000192,O000282,5,"Excellent quality, will buy again.",2023-12-02,2023-12-01,2023-12-02
R000193,O000283,5,"Great product, fast delivery!",2023-08-22,2023-08-20,2023-08-22
R000194,O000284,4,"Excellent quality, will buy again.",2023-12-30,2023-12-28,2024-01-01
R000195,O000285,3,Decent but packaging could improve.,2024-02-18,2024-02-21,2024-02-22
R000196,O000286,5,"Excellent quality, will buy again.",2023-02-09,2023-02-08,2023-02-11
R000197,O000287,4,Exactly as described. Very happy.,2023-05-01,2023-04-29,2023-05-01
R000198,O000288,2,"Works fine, nothing special.",2024-01-14,2024-01-15,2024-01-19
R000199,O000289,4,Exactly as described. Very happy.,2023-09-08,2023-09-06,2023-09-07
R000200,O000294,4,Loved it!,2023-11-29,2023-11-29,2023-12-01
R000201,O000295,4,Good value for money.,2024-04-27,2024-04-25,2024-04-29
R000202,O000296,5,Loved it!,2023-07-25,2023-07-24,2023-07-26
R000203,O000297,5,"Excellent quality, will buy again.",2023-08-22,2023-08-21,2023-08-24
R000204,O000300,4,Decent but packaging could improve.,2024-08-25,2024-08-28,2024-08-30
R000205,O000302,5,"Excellent quality, will buy again.",2024-10-13,2024-10-12,2024-10-13
R000206,O000303,3,Delivery took longer than expected.,2024-11-13,2024-11-14,2024-11-15
R000207,O000306,2,"Product is okay, average quality.",2024-03-03,2024-03-06,2024-03-07
R000208,O000307,5,Exactly as described. Very happy.,2023-10-24,2023-10-23,2023-10-26
R000209,O000308,4,Loved it!,2024-02-07,2024-02-06,2024-02-07
R000210,O000309,3,Delivery took longer than expected.,2024-05-23,2024-05-22,2024-05-25
R000211,O000310,3,"Works fine, nothing special.",2024-05-06,2024-05-08,2024-05-09
R000212,O000311,3,Delivery took longer than expected.,2023-10-28,2023-10-27,2023-10-30
R000213,O000313,2,Decent but packaging could improve.,2023-11-24,2023-11-25,2023-11-28
R000214,O000315,5,Exactly as described. Very happy.,2024-11-16,2024-11-15,2024-11-17
R000215,O000317,4,Exactly as described. Very happy.,2023-05-08,2023-05-08,2023-05-12
R000216,O000318,4,"Excellent quality, will buy again.",2023-01-18,2023-01-16,2023-01-19
R000217,O000319,4,Delivery took longer than expected.,2024-03-09,2024-03-10,2024-03-13
R000218,O000321,4,"Product is okay, average quality.",2023-09-20,2023-09-23,2023-09-26
R000219,O000322,3,"Works fine, nothing special.",2023-02-20,2023-02-21,2023-02-25
R000220,O000325,5,Loved it!,2024-04-23,2024-04-23,2024-04-26
R000221,O000326,2,"Works fine, nothing special.",2024-02-24,2024-02-26,2024-02-28
R000222,O000327,4,"Product is okay, average quality.",2023-10-02,2023-10-03,2023-10-06
R000223,O000328,3,"Works fine, nothing special.",2023-06-10,2023-06-11,2023-06-14
R000224,O000329,3,"Product is okay, average quality.",2024-12-07,2024-12-09,2024-12-12
R000225,O000331,4,Delivery took longer than expected.,2024-05-27,2024-05-28,2024-05-31
R000226,O000332,3,"Product is okay, average quality.",2023-04-25,2023-04-28,2023-05-02
R000227,O000333,5,"Great product, fast delivery!",2023-12-18,2023-12-18,2023-12-21
R000228,O000334,5,"Excellent quality, will buy again.",2023-01-16,2023-01-16,2023-01-18
R000229,O000335,3,Decent but packaging could improve.,2023-12-22,2023-12-24,2023-12-26
R000230,O000336,4,Decent but packaging could improve.,2024-12-23,2024-12-24,2024-12-28
R000231,O000337,3,Decent but packaging could improve.,2023-10-11,2023-10-14,2023-10-16
R000232,O000338,3,"Works fine, nothing special.",2023-02-08,2023-02-07,2023-02-09
R000233,O000339,4,Delivery took longer than expected.,2023-01-21,2023-01-24,2023-01-26
R000234,O000341,5,Good value for money.,2023-05-11,2023-05-10,2023-05-14
R000235,O000342,4,"Great product, fast delivery!",2023-01-29,2023-01-29,2023-02-01
R000236,O000343,5,"Excellent quality, will buy again.",2024-06-18,2024-06-16,2024-06-20
R000237,O000344,5,Loved it!,2023-12-05,2023-12-04,2023-12-06
R000238,O000345,5,"Excellent quality, will buy again.",2023-07-13,2023-07-13,2023-07-16
R000239,O000346,4,Decent but packaging could improve.,2024-11-30,2024-12-02,2024-12-06
R000240,O000347,4,"Product is okay, average quality.",2023-04-06,2023-04-09,2023-04-13
R000241,O000348,4,Delivery took longer than expected.,2024-12-07,2024-12-08,2024-12-11
R000242,O000353,2,Delivery took longer than expected.,2024-12-14,2024-12-16,2024-12-17
R000243,O000354,4,Exactly as described. Very happy.,2023-07-14,2023-07-12,2023-07-14
R000244,O000355,4,Good value for money.,2024-12-22,2024-12-20,2024-12-22
R000245,O000356,5,"Great product, fast delivery!",2023-10-22,2023-10-20,2023-10-22
R000246,O000357,4,Delivery took longer than expected.,2023-10-09,2023-10-10,2023-10-14
R000247,O000359,2,"Product is okay, average quality.",2024-01-23,2024-01-24,2024-01-28
R000248,O000360,4,"Great product, fast delivery!",2023-05-12,2023-05-10,2023-05-13
R000249,O000361,4,"Product is okay, average quality.",2024-01-25,2024-01-26,2024-01-28
R000250,O000363,3,Decent but packaging could improve.,2024-06-15,2024-06-18,2024-06-20
R000251,O000364,2,"Very late delivery, disappointed.",2024-09-14,2024-09-19,2024-09-22
R000252,O000365,5,Loved it!,2023-11-25,2023-11-24,2023-11-27
R000253,O000366,3,Delivery took longer than expected.,2023-08-12,2023-08-13,2023-08-16
R000254,O000367,4,Loved it!,2023-07-28,2023-07-27,2023-07-29
R000255,O000368,4,Decent but packaging could improve.,2023-06-09,2023-06-12,2023-06-15
R000256,O000372,4,"Excellent quality, will buy again.",2024-12-22,2024-12-21,2024-12-22
R000257,O000374,3,Decent but packaging could improve.,2023-10-02,2023-10-01,2023-10-02
R000258,O000375,3,Decent but packaging could improve.,2024-02-23,2024-02-24,2024-02-25
R000259,O000376,4,Good value for money.,2023-04-29,2023-04-28,2023-05-02
R000260,O000377,3,"Works fine, nothing special.",2023-12-02,2023-12-04,2023-12-05
R000261,O000378,4,"Product is okay, average quality.",2024-03-11,2024-03-12,2024-03-16
R000262,O000379,5,Exactly as described. Very happy.,2023-12-27,2023-12-26,2023-12-28
R000263,O000380,4,"Great product, fast delivery!",2023-10-19,2023-10-17,2023-10-21
R000264,O000381,5,Exactly as described. Very happy.,2024-12-09,2024-12-08,2024-12-09
R000265,O000382,2,Delivery took longer than expected.,2024-11-16,2024-11-17,2024-11-20
R000266,O000383,4,"Excellent quality, will buy again.",2024-03-27,2024-03-25,2024-03-27
R000267,O000384,5,Exactly as described. Very happy.,2024-02-02,2024-02-02,2024-02-04
R000268,O000385,4,"Works fine, nothing special.",2024-03-23,2024-03-26,2024-03-30
R000269,O000386,4,Decent but packaging could improve.,2023-06-09,2023-06-12,2023-06-13
R000270,O000387,4,Loved it!,2023-10-21,2023-10-19,2023-10-22
R000271,O000390,3,"Product is okay, average quality.",2024-01-08,2024-01-11,2024-01-12
R000272,O000392,4,Delivery took longer than expected.,2024-12-28,2024-12-29,2024-12-30
R000273,O000393,4,Loved it!,2024-11-14,2024-11-14,2024-11-15
R000274,O000394,4,"Product is okay, average quality.",2024-05-17,2024-05-18,2024-05-21
R000275,O000395,3,"Product is okay, average quality.",2024-01-12,2024-01-10,2024-01-13
R000276,O000396,5,"Excellent quality, will buy again.",2024-10-23,2024-10-21,2024-10-25
R000277,O000397,5,Good value for money.,2023-04-20,2023-04-18,2023-04-19
R000278,O000398,3,Delivery took longer than expected.,2024-07-27,2024-07-30,2024-08-02
R000279,O000402,5,"Excellent quality, will buy again.",2024-11-24,2024-11-22,2024-11-25
R000280,O000403,3,Decent but packaging could improve.,2024-12-25,2024-12-25,2024-12-27
R000281,O000404,4,Exactly as described. Very happy.,2023-04-15,2023-04-14,2023-04-16
R000282,O000405,3,"Product is okay, average quality.",2023-11-19,2023-11-20,2023-11-24
R000283,O000407,2,"Product is okay, average quality.",2023-12-08,2023-12-09,2023-12-11
R000284,O000408,3,"Product is okay, average quality.",2024-11-03,2024-11-01,2024-11-04
R000285,O000410,4,"Great product, fast delivery!",2023-10-09,2023-10-07,2023-10-11
R000286,O000412,4,"Excellent quality, will buy again.",2023-06-30,2023-06-29,2023-06-30
R000287,O000416,5,"Excellent quality, will buy again.",2023-12-17,2023-12-15,2023-12-18
R000288,O000417,3,"Product is okay, average quality.",2024-02-29,2024-03-03,2024-03-05
R000289,O000418,5,"Great product, fast delivery!",2024-10-27,2024-10-27,2024-10-28
R000290,O000420,4,"Works fine, nothing special.",2023-10-22,2023-10-24,2023-10-27
R000291,O000421,2,"Poor packaging, item was scratched.",2024-09-11,2024-09-16,2024-09-17
R000292,O000422,3,"Works fine, nothing special.",2024-06-17,2024-06-18,2024-06-21
R000293,O000423,3,Decent but packaging could improve.,2024-03-01,2024-03-02,2024-03-06
R000294,O000424,3,"Product is okay, average quality.",2025-01-02,2025-01-04,2025-01-06
R000295,O000427,3,"Works fine, nothing special.",2024-10-15,2024-10-13,2024-10-16
R000296,O000428,4,"Works fine, nothing special.",2023-11-17,2023-11-20,2023-11-21
R000297,O000430,5,"Excellent quality, will buy again.",2024-11-12,2024-11-11,2024-11-13
R000298,O000431,5,Exactly as described. Very happy.,2023-02-11,2023-02-11,2023-02-12
R000299,O000432,3,Delivery took longer than expected.,2024-11-16,2024-11-19,2024-11-20
R000300,O000433,5,Exactly as described. Very happy.,2023-11-16,2023-11-15,2023-11-16
R000301,O000434,3,"Works fine, nothing special.",2023-12-12,2023-12-14,2023-12-16
R000302,O000435,4,Good value for money.,2024-03-28,2024-03-26,2024-03-29
R000303,O000437,4,"Excellent quality, will buy again.",2023-01-20,2023-01-20,2023-01-23
R000304,O000439,4,"Works fine, nothing special.",2024-05-11,2024-05-14,2024-05-17
R000305,O000440,5,"Excellent quality, will buy again.",2024-05-22,2024-05-20,2024-05-23
R000306,O000441,2,"Product is okay, average quality.",2024-05-18,2024-05-19,2024-05-23
R000307,O000442,3,Decent but packaging could improve.,2023-04-20,2023-04-22,2023-04-26
R000308,O000445,1,Not worth the price.,2024-08-26,2024-09-02,2024-09-04
R000309,O000446,5,Exactly as described. Very happy.,2023-07-06,2023-07-04,2023-07-05
R000310,O000448,4,"Works fine, nothing special.",2024-12-22,2024-12-23,2024-12-26
R000311,O000449,5,Exactly as described. Very happy.,2023-01-12,2023-01-11,2023-01-14
R000312,O000452,3,Product quality not as expected.,2024-09-09,2024-09-14,2024-09-18
R000313,O000457,4,Delivery took longer than expected.,2024-06-29,2024-06-30,2024-07-04
R000314,O000458,5,Exactly as described. Very happy.,2023-04-22,2023-04-21,2023-04-25
R000315,O000459,4,Exactly as described. Very happy.,2024-06-25,2024-06-23,2024-06-27
R000316,O000460,3,"Product is okay, average quality.",2024-06-18,2024-06-19,2024-06-20
R000317,O000461,4,Exactly as described. Very happy.,2024-04-14,2024-04-14,2024-04-15
R000318,O000464,4,Good value for money.,2024-03-31,2024-03-29,2024-04-02
R000319,O000465,5,"Great product, fast delivery!",2023-03-07,2023-03-07,2023-03-11
R000320,O000466,4,"Great product, fast delivery!",2023-12-26,2023-12-24,2023-12-28
R000321,O000467,4,"Product is okay, average quality.",2023-03-31,2023-04-02,2023-04-05
R000322,O000468,3,Delivery took longer than expected.,2023-10-20,2023-10-21,2023-10-23
R000323,O000469,3,"Works fine, nothing special.",2023-10-21,2023-10-22,2023-10-24
R000324,O000470,3,"Product is okay, average quality.",2023-02-25,2023-02-27,2023-02-28
R000325,O000471,2,Delivery took longer than expected.,2023-10-04,2023-10-07,2023-10-09
R000326,O000474,4,Loved it!,2024-12-10,2024-12-09,2024-12-11
R000327,O000475,5,Loved it!,2023-02-17,2023-02-16,2023-02-18
R000328,O000476,5,Loved it!,2024-12-23,2024-12-21,2024-12-24
R000329,O000478,4,"Excellent quality, will buy again.",2023-09-03,2023-09-03,2023-09-05
R000330,O000479,4,Decent but packaging could improve.,2023-02-20,2023-02-22,2023-02-23
R000331,O000482,3,"Product is okay, average quality.",2024-05-28,2024-05-28,2024-05-29
R000332,O000483,3,"Product is okay, average quality.",2023-02-27,2023-02-28,2023-03-02
R000333,O000485,3,"Product is okay, average quality.",2023-10-19,2023-10-17,2023-10-19
R000334,O000486,2,"Product is okay, average quality.",2023-08-11,2023-08-14,2023-08-17
R000335,O000487,4,Good value for money.,2023-06-19,2023-06-19,2023-06-21
R000336,O000489,3,"Very late delivery, disappointed.",2024-08-26,2024-08-31,2024-09-04
R000337,O000491,5,Exactly as described. Very happy.,2023-11-03,2023-11-01,2023-11-05
R000338,O000492,4,"Works fine, nothing special.",2024-11-13,2024-11-15,2024-11-17
R000339,O000494,5,Loved it!,2023-12-23,2023-12-22,2023-12-23
R000340,O000497,5,Exactly as described. Very happy.,2024-12-23,2024-12-21,2024-12-22
R000341,O000499,3,Decent but packaging could improve.,2023-09-29,2023-10-02,2023-10-04
R000342,O000501,4,Loved it!,2023-04-07,2023-04-05,2023-04-08
R000343,O000502,4,"Product is okay, average quality.",2024-11-09,2024-11-11,2024-11-14
R000344,O000503,4,"Works fine, nothing special.",2023-12-28,2023-12-29,2024-01-02
R000345,O000504,2,Delivery took longer than expected.,2023-11-14,2023-11-17,2023-11-18
R000346,O000505,4,Loved it!,2024-02-14,2024-02-12,2024-02-14
R000347,O000506,3,Delivery took longer than expected.,2024-03-05,2024-03-06,2024-03-09
R000348,O000508,3,"Product is okay, average quality.",2024-04-11,2024-04-13,2024-04-15
R000349,O000509,4,"Product is okay, average quality.",2023-06-10,2023-06-12,2023-06-14
R000350,O000511,2,Not worth the price.,2024-09-23,2024-09-29,2024-10-03
R000351,O000512,1,"Poor packaging, item was scratched.",2024-08-29,2024-09-04,2024-09-05
R000352,O000514,4,Loved it!,2023-12-09,2023-12-09,2023-12-12
R000353,O000515,4,Decent but packaging could improve.,2023-04-15,2023-04-16,2023-04-19
R000354,O000516,2,Product quality not as expected.,2024-07-27,2024-08-03,2024-08-04
R000355,O000517,4,"Works fine, nothing special.",2023-08-01,2023-08-03,2023-08-04
R000356,O000518,4,"Excellent quality, will buy again.",2023-12-09,2023-12-09,2023-12-13
R000357,O000519,2,"Product is okay, average quality.",2023-07-17,2023-07-18,2023-07-19
R000358,O000520,4,Good value for money.,2023-04-09,2023-04-09,2023-04-13
R000359,O000521,4,Good value for money.,2024-03-20,2024-03-19,2024-03-22
R000360,O000522,3,"Product is okay, average quality.",2023-02-13,2023-02-14,2023-02-15
R000361,O000523,4,"Excellent quality, will buy again.",2024-06-13,2024-06-13,2024-06-17
R000362,O000525,5,"Excellent quality, will buy again.",2023-02-01,2023-01-30,2023-02-03
R000363,O000526,4,Loved it!,2023-12-27,2023-12-27,2023-12-28
R000364,O000528,5,"Excellent quality, will buy again.",2023-07-29,2023-07-29,2023-07-30
R000365,O000529,4,Good value for money.,2024-05-21,2024-05-20,2024-05-24
R000366,O000532,2,"Works fine, nothing special.",2023-01-18,2023-01-21,2023-01-24
R000367,O000533,4,Good value for money.,2023-07-29,2023-07-29,2023-08-02
R000368,O000534,5,"Great product, fast delivery!",2024-06-22,2024-06-22,2024-06-25
R000369,O000535,5,"Excellent quality, will buy again.",2023-08-21,2023-08-20,2023-08-23
R000370,O000536,4,Exactly as described. Very happy.,2023-04-02,2023-04-01,2023-04-02
R000371,O000537,3,"Product is okay, average quality.",2023-09-30,2023-09-30,2023-10-04
R000372,O000539,5,"Great product, fast delivery!",2024-11-01,2024-11-01,2024-11-04
R000373,O000540,5,Good value for money.,2023-08-10,2023-08-09,2023-08-10
R000374,O000541,1,Received a damaged item.,2024-07-17,2024-07-25,2024-07-29
R000375,O000544,4,"Product is okay, average quality.",2024-12-04,2024-12-06,2024-12-10
R000376,O000545,3,"Works fine, nothing special.",2023-11-01,2023-11-02,2023-11-03
R000377,O000549,3,Delivery took longer than expected.,2023-12-28,2023-12-28,2023-12-31
R000378,O000550,5,"Excellent quality, will buy again.",2023-10-10,2023-10-08,2023-10-10
R000379,O000551,4,Delivery took longer than expected.,2024-03-29,2024-04-01,2024-04-04
R000380,O000552,5,"Excellent quality, will buy again.",2024-05-08,2024-05-08,2024-05-10
R000381,O000553,4,Loved it!,2023-01-28,2023-01-28,2023-01-30
R000382,O000554,4,"Great product, fast delivery!",2023-05-20,2023-05-19,2023-05-22
R000383,O000555,5,Loved it!,2024-05-22,2024-05-21,2024-05-25
R000384,O000556,4,Loved it!,2024-04-23,2024-04-22,2024-04-23
R000385,O000557,5,"Great product, fast delivery!",2025-01-02,2025-01-01,2025-01-05
R000386,O000558,5,Loved it!,2024-06-08,2024-06-07,2024-06-09
R000387,O000559,5,Exactly as described. Very happy.,2024-12-16,2024-12-14,2024-12-15
R000388,O000560,2,Delivery took longer than expected.,2024-05-20,2024-05-21,2024-05-22
R000389,O000563,1,Not worth the price.,2024-08-03,2024-08-09,2024-08-11
R000390,O000564,3,Delivery took longer than expected.,2024-03-31,2024-04-01,2024-04-05
R000391,O000566,4,Delivery took longer than expected.,2023-09-05,2023-09-06,2023-09-08
R000392,O000568,4,"Excellent quality, will buy again.",2023-12-11,2023-12-09,2023-12-10
R000393,O000569,3,Delivery took longer than expected.,2023-11-26,2023-11-28,2023-11-29
R000394,O000570,4,Decent but packaging could improve.,2023-12-03,2023-12-05,2023-12-06
R000395,O000571,5,"Great product, fast delivery!",2023-06-25,2023-06-24,2023-06-28
R000396,O000572,3,"Product is okay, average quality.",2023-09-23,2023-09-26,2023-09-27
R000397,O000573,4,Delivery took longer than expected.,2023-10-02,2023-10-05,2023-10-07
R000398,O000574,4,Delivery took longer than expected.,2023-02-22,2023-02-24,2023-02-28
R000399,O000575,4,Loved it!,2024-06-27,2024-06-25,2024-06-26
R000400,O000576,5,"Great product, fast delivery!",2023-11-30,2023-11-28,2023-11-30
R000401,O000578,3,"Product is okay, average quality.",2024-10-19,2024-10-20,2024-10-24
R000402,O000579,5,Exactly as described. Very happy.,2023-06-27,2023-06-26,2023-06-30
R000403,O000580,2,"Works fine, nothing special.",2024-04-17,2024-04-20,2024-04-21
R000404,O000581,5,Loved it!,2023-12-25,2023-12-25,2023-12-28
R000405,O000582,2,"Works fine, nothing special.",2024-11-08,2024-11-11,2024-11-13
R000406,O000584,4,Exactly as described. Very happy.,2024-04-17,2024-04-15,2024-04-18
R000407,O000586,3,Delivery took longer than expected.,2023-08-07,2023-08-06,2023-08-07
R000408,O000588,4,"Works fine, nothing special.",2024-04-20,2024-04-23,2024-04-27
R000409,O000589,5,Exactly as described. Very happy.,2024-06-05,2024-06-05,2024-06-09
R000410,O000591,4,Decent but packaging could improve.,2024-03-25,2024-03-26,2024-03-28
R000411,O000592,5,"Great product, fast delivery!",2023-10-30,2023-10-28,2023-10-31
R000412,O000593,5,Loved it!,2024-05-29,2024-05-28,2024-05-29
R000413,O000595,4,"Works fine, nothing special.",2024-11-19,2024-11-22,2024-11-26
R000414,O000598,3,"Works fine, nothing special.",2023-02-10,2023-02-11,2023-02-14
R000415,O000599,4,"Excellent quality, will buy again.",2023-03-30,2023-03-30,2023-04-03
R000416,O000601,5,"Excellent quality, will buy again.",2023-07-15,2023-07-13,2023-07-14
R000417,O000603,2,"Product is okay, average quality.",2023-01-17,2023-01-19,2023-01-22
R000418,O000605,4,"Product is okay, average quality.",2023-09-29,2023-10-01,2023-10-05
R000419,O000606,3,"Product is okay, average quality.",2023-01-06,2023-01-09,2023-01-11
R000420,O000607,5,"Great product, fast delivery!",2023-05-01,2023-04-30,2023-05-01
R000421,O000610,4,"Works fine, nothing special.",2023-10-19,2023-10-20,2023-10-21
R000422,O000611,3,"Works fine, nothing special.",2023-12-21,2023-12-24,2023-12-28
R000423,O000612,4,"Excellent quality, will buy again.",2024-02-25,2024-02-25,2024-02-27
R000424,O000614,4,Good value for money.,2023-11-07,2023-11-06,2023-11-07
R000425,O000615,3,Delivery took longer than expected.,2024-12-12,2024-12-14,2024-12-15
R000426,O000616,2,Decent but packaging could improve.,2023-12-22,2023-12-23,2023-12-26
R000427,O000617,5,Good value for money.,2024-04-15,2024-04-14,2024-04-15
R000428,O000618,5,"Excellent quality, will buy again.",2023-08-23,2023-08-23,2023-08-26
R000429,O000620,5,"Great product, fast delivery!",2024-06-16,2024-06-14,2024-06-15
R000430,O000621,3,Decent but packaging could improve.,2023-12-09,2023-12-10,2023-12-12
R000431,O000623,4,"Great product, fast delivery!",2023-04-19,2023-04-18,2023-04-20
R000432,O000625,5,Good value for money.,2024-06-20,2024-06-20,2024-06-23
R000433,O000626,1,Not worth the price.,2024-08-19,2024-08-28,2024-08-30
R000434,O000628,4,Decent but packaging could improve.,2023-07-17,2023-07-18,2023-07-19
R000435,O000629,3,Delivery took longer than expected.,2023-01-12,2023-01-15,2023-01-19
R000436,O000630,5,Loved it!,2023-08-12,2023-08-12,2023-08-13
R000437,O000631,5,Loved it!,2024-06-21,2024-06-20,2024-06-22
R000438,O000632,5,"Great product, fast delivery!",2023-12-10,2023-12-08,2023-12-11
R000439,O000635,4,Decent but packaging could improve.,2023-01-10,2023-01-11,2023-01-13
R000440,O000636,3,Decent but packaging could improve.,2023-08-14,2023-08-15,2023-08-17
R000441,O000637,4,Delivery took longer than expected.,2024-04-03,2024-04-04,2024-04-07
R000442,O000638,4,Good value for money.,2024-12-05,2024-12-04,2024-12-06
R000443,O000639,4,Exactly as described. Very happy.,2024-10-30,2024-10-30,2024-11-01
R000444,O000640,2,Decent but packaging could improve.,2023-01-16,2023-01-17,2023-01-21
R000445,O000641,4,"Works fine, nothing special.",2024-11-08,2024-11-09,2024-11-13
R000446,O000644,4,"Works fine, nothing special.",2023-11-19,2023-11-21,2023-11-24
R000447,O000645,5,"Excellent quality, will buy again.",2023-10-11,2023-10-10,2023-10-13
R000448,O000648,4,Decent but packaging could improve.,2023-06-30,2023-07-03,2023-07-04
R000449,O000649,5,Good value for money.,2023-07-09,2023-07-09,2023-07-11
R000450,O000650,5,Good value for money.,2023-12-27,2023-12-25,2023-12-27
R000451,O000651,4,Good value for money.,2024-06-23,2024-06-23,2024-06-26
R000452,O000652,4,"Great product, fast delivery!",2023-12-10,2023-12-09,2023-12-13
R000453,O000654,3,"Works fine, nothing special.",2024-12-24,2024-12-25,2024-12-29
R000454,O000655,3,Delivery took longer than expected.,2024-12-20,2024-12-22,2024-12-25
R000455,O000656,1,Not worth the price.,2024-08-01,2024-08-11,2024-08-13
R000456,O000659,3,Decent but packaging could improve.,2024-12-07,2024-12-10,2024-12-12
R000457,O000660,5,Loved it!,2023-02-17,2023-02-16,2023-02-17
R000458,O000661,4,Decent but packaging could improve.,2023-09-20,2023-09-21,2023-09-22
R000459,O000662,5,"Excellent quality, will buy again.",2023-06-28,2023-06-27,2023-06-30
R000460,O000663,4,"Product is okay, average quality.",2023-06-14,2023-06-15,2023-06-18
R000461,O000665,4,"Works fine, nothing special.",2024-03-18,2024-03-19,2024-03-21
R000462,O000666,1,Not worth the price.,2024-07-19,2024-07-23,2024-07-26
R000463,O000667,4,"Product is okay, average quality.",2024-02-24,2024-02-25,2024-02-27
R000464,O000669,1,"Very late delivery, disappointed.",2024-08-23,2024-08-28,2024-08-31
R000465,O000670,2,Delivery took longer than expected.,2024-03-25,2024-03-27,2024-03-29
R000466,O000672,2,Delivery took longer than expected.,2024-04-09,2024-04-10,2024-04-11
R000467,O000673,4,"Great product, fast delivery!",2023-07-30,2023-07-30,2023-08-03
R000468,O000674,4,"Works fine, nothing special.",2023-10-02,2023-10-03,2023-10-04
R000469,O000675,5,Good value for money.,2024-11-18,2024-11-17,2024-11-19
R000470,O000676,3,"Works fine, nothing special.",2023-07-22,2023-07-24,2023-07-26
R000471,O000677,4,"Great product, fast delivery!",2023-11-13,2023-11-11,2023-11-13
R000472,O000678,4,"Great product, fast delivery!",2024-11-17,2024-11-15,2024-11-18
R000473,O000679,5,Good value for money.,2024-05-23,2024-05-22,2024-05-25
R000474,O000681,4,"Excellent quality, will buy again.",2023-04-23,2023-04-22,2023-04-26
R000475,O000682,4,"Works fine, nothing special.",2023-01-22,2023-01-25,2023-01-26
R000476,O000683,2,"Works fine, nothing special.",2024-03-27,2024-03-30,2024-04-03
R000477,O000684,4,Delivery took longer than expected.,2023-11-07,2023-11-10,2023-11-14
R000478,O000685,3,Decent but packaging could improve.,2023-04-07,2023-04-07,2023-04-10
R000479,O000686,3,Delivery took longer than expected.,2024-12-17,2024-12-19,2024-12-20
R000480,O000687,3,Decent but packaging could improve.,2023-12-12,2023-12-13,2023-12-14
R000481,O000688,5,"Excellent quality, will buy again.",2023-06-27,2023-06-26,2023-06-29
R000482,O000690,3,Delivery took longer than expected.,2024-04-27,2024-04-25,2024-04-28
R000483,O000692,4,"Product is okay, average quality.",2023-07-09,2023-07-12,2023-07-13
R000484,O000694,4,Exactly as described. Very happy.,2023-11-25,2023-11-25,2023-11-29
R000485,O000695,3,Decent but packaging could improve.,2024-01-07,2024-01-08,2024-01-09
R000486,O000696,3,"Product is okay, average quality.",2023-11-30,2023-11-29,2023-12-02
R000487,O000697,3,"Product is okay, average quality.",2023-02-23,2023-02-26,2023-02-27
R000488,O000698,4,Exactly as described. Very happy.,2023-05-20,2023-05-18,2023-05-20
R000489,O000701,5,Good value for money.,2023-03-03,2023-03-03,2023-03-07
R000490,O000702,3,Delivery took longer than expected.,2024-11-01,2024-10-30,2024-11-02
R000491,O000703,3,"Product is okay, average quality.",2024-12-21,2024-12-23,2024-12-26
R000492,O000704,1,Received a damaged item.,2024-07-30,2024-08-09,2024-08-13
R000493,O000705,5,Loved it!,2024-10-18,2024-10-18,2024-10-19
R000494,O000706,3,"Product is okay, average quality.",2023-06-11,2023-06-09,2023-06-10
R000495,O000707,4,Decent but packaging could improve.,2024-12-30,2025-01-01,2025-01-05
R000496,O000708,3,"Product is okay, average quality.",2023-06-12,2023-06-13,2023-06-17
R000497,O000710,3,Decent but packaging could improve.,2025-01-02,2025-01-04,2025-01-05
R000498,O000711,3,"Product is okay, average quality.",2024-05-12,2024-05-14,2024-05-16
R000499,O000712,3,"Product is okay, average quality.",2024-12-18,2024-12-21,2024-12-25
R000500,O000713,3,"Product is okay, average quality.",2024-01-20,2024-01-21,2024-01-25
R000501,O000715,4,Exactly as described. Very happy.,2023-11-06,2023-11-04,2023-11-08
R000502,O000716,2,"Works fine, nothing special.",2024-02-12,2024-02-14,2024-02-15
R000503,O000718,4,"Works fine, nothing special.",2024-03-14,2024-03-16,2024-03-20
R000504,O000719,4,Loved it!,2024-12-20,2024-12-20,2024-12-22
R000505,O000720,4,Good value for money.,2023-05-10,2023-05-09,2023-05-10
R000506,O000722,5,Exactly as described. Very happy.,2024-11-25,2024-11-23,2024-11-24
R000507,O000723,3,Delivery took longer than expected.,2024-12-27,2024-12-29,2025-01-01
R000508,O000724,5,Exactly as described. Very happy.,2024-12-21,2024-12-21,2024-12-22
R000509,O000725,3,Decent but packaging could improve.,2023-12-25,2023-12-26,2023-12-30
R000510,O000726,3,Decent but packaging could improve.,2024-12-24,2024-12-26,2024-12-28
R000511,O000727,4,"Excellent quality, will buy again.",2024-06-17,2024-06-16,2024-06-18
R000512,O000729,4,Good value for money.,2023-12-24,2023-12-23,2023-12-27
R000513,O000731,5,Good value for money.,2023-08-01,2023-07-30,2023-08-03
R000514,O000732,4,"Product is okay, average quality.",2024-03-09,2024-03-11,2024-03-12
R000515,O000733,3,Decent but packaging could improve.,2024-04-26,2024-04-28,2024-05-02
R000516,O000734,4,"Works fine, nothing special.",2023-05-26,2023-05-28,2023-05-30
R000517,O000735,5,"Great product, fast delivery!",2024-01-29,2024-01-28,2024-01-30
R000518,O000738,5,"Excellent quality, will buy again.",2023-01-28,2023-01-27,2023-01-31
R000519,O000740,4,"Works fine, nothing special.",2023-09-25,2023-09-26,2023-09-30
R000520,O000741,3,Decent but packaging could improve.,2024-11-27,2024-11-27,2024-11-28
R000521,O000742,3,"Product is okay, average quality.",2023-06-11,2023-06-14,2023-06-16
R000522,O000743,5,Loved it!,2024-03-19,2024-03-18,2024-03-21
R000523,O000744,3,"Product is okay, average quality.",2023-06-16,2023-06-17,2023-06-19
R000524,O000745,2,"Works fine, nothing special.",2023-08-14,2023-08-16,2023-08-18
R000525,O000746,3,"Works fine, nothing special.",2024-10-22,2024-10-24,2024-10-26
R000526,O000748,3,"Works fine, nothing special.",2023-03-18,2023-03-21,2023-03-23
R000527,O000749,4,"Works fine, nothing special.",2023-11-29,2023-11-30,2023-12-04
R000528,O000750,3,"Product is okay, average quality.",2023-02-03,2023-02-06,2023-02-07
R000529,O000751,5,Exactly as described. Very happy.,2023-12-11,2023-12-10,2023-12-12
R000530,O000752,3,"Works fine, nothing special.",2024-05-05,2024-05-08,2024-05-10
R000531,O000753,2,"Product is okay, average quality.",2023-04-07,2023-04-09,2023-04-10
R000532,O000756,3,Delivery took longer than expected.,2024-12-02,2024-11-30,2024-12-01
R000533,O000757,4,Exactly as described. Very happy.,2024-12-10,2024-12-09,2024-12-11
R000534,O000758,4,Exactly as described. Very happy.,2023-02-23,2023-02-23,2023-02-27
R000535,O000759,2,"Product is okay, average quality.",2024-06-21,2024-06-24,2024-06-27
R000536,O000760,3,"Works fine, nothing special.",2023-10-15,2023-10-18,2023-10-22
R000537,O000762,4,"Works fine, nothing special.",2024-07-01,2024-07-03,2024-07-04
R000538,O000764,3,"Works fine, nothing special.",2024-12-17,2024-12-15,2024-12-18
R000539,O000766,4,Good value for money.,2023-09-15,2023-09-15,2023-09-19
R000540,O000767,3,Received a damaged item.,2024-08-01,2024-08-10,2024-08-11
R000541,O000769,3,Delivery took longer than expected.,2024-01-19,2024-01-21,2024-01-23
R000542,O000770,4,"Great product, fast delivery!",2023-09-25,2023-09-25,2023-09-26
R000543,O000772,5,"Excellent quality, will buy again.",2023-06-22,2023-06-21,2023-06-24
R000544,O000774,4,"Works fine, nothing special.",2024-11-24,2024-11-27,2024-11-30
R000545,O000776,4,Delivery took longer than expected.,2023-12-10,2023-12-11,2023-12-13
R000546,O000777,4,Loved it!,2023-06-07,2023-06-05,2023-06-06
R000547,O000779,5,Loved it!,2023-01-27,2023-01-26,2023-01-27
R000548,O000780,4,Exactly as described. Very happy.,2023-05-28,2023-05-26,2023-05-29
R000549,O000781,4,Delivery took longer than expected.,2024-10-11,2024-10-14,2024-10-18
R000550,O000782,5,Exactly as described. Very happy.,2023-07-10,2023-07-08,2023-07-12
R000551,O000783,5,Exactly as described. Very happy.,2025-01-01,2024-12-30,2024-12-31
R000552,O000784,5,"Great product, fast delivery!",2024-03-03,2024-03-01,2024-03-05
R000553,O000786,4,"Product is okay, average quality.",2024-02-28,2024-02-29,2024-03-01
R000554,O000787,4,Good value for money.,2023-12-08,2023-12-07,2023-12-10
R000555,O000789,3,Decent but packaging could improve.,2023-07-15,2023-07-18,2023-07-22
R000556,O000790,4,"Works fine, nothing special.",2023-09-20,2023-09-22,2023-09-24
R000557,O000791,3,Decent but packaging could improve.,2024-11-09,2024-11-09,2024-11-11
R000558,O000792,4,"Product is okay, average quality.",2024-12-23,2024-12-24,2024-12-26
R000559,O000795,2,Not worth the price.,2024-07-22,2024-07-29,2024-08-02
R000560,O000796,4,"Product is okay, average quality.",2024-01-02,2024-01-04,2024-01-07
R000561,O000797,3,"Works fine, nothing special.",2023-12-22,2023-12-21,2023-12-25
R000562,O000798,2,Delivery took longer than expected.,2023-07-03,2023-07-06,2023-07-08
R000563,O000799,5,"Great product, fast delivery!",2024-02-20,2024-02-19,2024-02-23
R000564,O000801,2,"Works fine, nothing special.",2023-09-22,2023-09-25,2023-09-29
R000565,O000802,5,Loved it!,2024-10-12,2024-10-11,2024-10-13
R000566,O000803,4,Decent but packaging could improve.,2023-06-07,2023-06-08,2023-06-11
R000567,O000804,3,"Works fine, nothing special.",2023-02-10,2023-02-13,2023-02-15
R000568,O000805,5,"Great product, fast delivery!",2023-03-01,2023-02-27,2023-02-28
R000569,O000807,3,"Works fine, nothing special.",2023-12-30,2023-12-28,2023-12-29
R000570,O000808,5,Good value for money.,2023-11-05,2023-11-05,2023-11-06
R000571,O000809,1,Not worth the price.,2024-08-31,2024-09-04,2024-09-05
R000572,O000810,2,Product quality not as expected.,2024-09-13,2024-09-20,2024-09-22
R000573,O000812,5,Good value for money.,2024-05-26,2024-05-24,2024-05-26
R000574,O000813,2,Delivery took longer than expected.,2024-06-08,2024-06-11,2024-06-13
R000575,O000814,3,Delivery took longer than expected.,2024-04-09,2024-04-10,2024-04-14
R000576,O000816,4,"Great product, fast delivery!",2024-10-17,2024-10-15,2024-10-16
R000577,O000818,3,"Product is okay, average quality.",2023-07-16,2023-07-19,2023-07-20
R000578,O000820,5,Loved it!,2023-01-24,2023-01-22,2023-01-26
R000579,O000821,4,"Product is okay, average quality.",2023-04-21,2023-04-24,2023-04-27
R000580,O000822,5,Loved it!,2024-06-14,2024-06-13,2024-06-15
R000581,O000825,2,Decent but packaging could improve.,2024-01-03,2024-01-06,2024-01-07
R000582,O000826,4,Delivery took longer than expected.,2023-02-18,2023-02-20,2023-02-21
R000583,O000827,5,Exactly as described. Very happy.,2024-12-27,2024-12-25,2024-12-27
R000584,O000828,4,"Works fine, nothing special.",2023-07-04,2023-07-05,2023-07-06
R000585,O000829,2,"Works fine, nothing special.",2023-08-19,2023-08-20,2023-08-22
R000586,O000830,4,"Product is okay, average quality.",2023-08-15,2023-08-17,2023-08-19
R000587,O000831,4,"Works fine, nothing special.",2023-06-09,2023-06-12,2023-06-13
R000588,O000833,4,Decent but packaging could improve.,2024-06-30,2024-07-02,2024-07-06
R000589,O000834,3,"Product is okay, average quality.",2024-12-17,2024-12-18,2024-12-21
R000590,O000837,4,"Great product, fast delivery!",2024-07-02,2024-06-30,2024-07-01
R000591,O000838,4,Delivery took longer than expected.,2024-10-24,2024-10-27,2024-10-29
R000592,O000839,3,"Works fine, nothing special.",2023-12-02,2023-12-04,2023-12-08
R000593,O000840,3,"Works fine, nothing special.",2023-09-02,2023-09-04,2023-09-07
R000594,O000843,1,Not worth the price.,2024-08-09,2024-08-13,2024-08-14
R000595,O000845,4,Good value for money.,2023-10-09,2023-10-08,2023-10-10
R000596,O000848,3,Decent but packaging could improve.,2024-12-13,2024-12-14,2024-12-15
R000597,O000849,2,"Works fine, nothing special.",2024-06-11,2024-06-12,2024-06-16
R000598,O000850,3,"Product is okay, average quality.",2023-10-27,2023-10-30,2023-11-03
R000599,O000852,3,Delivery took longer than expected.,2024-04-23,2024-04-24,2024-04-26
R000600,O000854,4,Good value for money.,2024-01-26,2024-01-25,2024-01-28
R000601,O000855,5,Good value for money.,2024-05-30,2024-05-28,2024-05-30
R000602,O000857,2,Product quality not as expected.,2024-07-27,2024-08-05,2024-08-07
R000603,O000858,4,"Works fine, nothing special.",2024-02-22,2024-02-23,2024-02-27
R000604,O000859,2,"Product is okay, average quality.",2024-12-22,2024-12-24,2024-12-26
R000605,O000860,4,"Works fine, nothing special.",2023-02-16,2023-02-19,2023-02-20
R000606,O000861,5,"Excellent quality, will buy again.",2023-07-28,2023-07-28,2023-07-30
R000607,O000862,3,Decent but packaging could improve.,2024-02-08,2024-02-09,2024-02-11
R000608,O000864,3,"Product is okay, average quality.",2024-05-07,2024-05-09,2024-05-11
R000609,O000865,5,Loved it!,2024-06-26,2024-06-26,2024-06-30
R000610,O000867,4,Delivery took longer than expected.,2023-12-27,2023-12-28,2024-01-01
R000611,O000869,2,"Works fine, nothing special.",2023-10-01,2023-10-03,2023-10-07
R000612,O000870,5,Loved it!,2024-11-16,2024-11-14,2024-11-16
R000613,O000871,3,Decent but packaging could improve.,2024-09-22,2024-09-25,2024-09-26
R000614,O000872,4,Decent but packaging could improve.,2024-05-22,2024-05-25,2024-05-26
R000615,O000874,4,Good value for money.,2023-11-08,2023-11-06,2023-11-09
R000616,O000875,3,Delivery took longer than expected.,2024-11-11,2024-11-13,2024-11-14
R000617,O000876,2,Decent but packaging could improve.,2024-05-16,2024-05-18,2024-05-22
R000618,O000877,4,Loved it!,2024-06-21,2024-06-19,2024-06-23
R000619,O000879,4,"Product is okay, average quality.",2023-08-01,2023-08-04,2023-08-07
R000620,O000880,4,"Product is okay, average quality.",2024-08-30,2024-09-02,2024-09-05
R000621,O000881,5,Loved it!,2023-06-18,2023-06-16,2023-06-18
R000622,O000882,5,Loved it!,2023-09-29,2023-09-29,2023-10-01
R000623,O000888,2,"Works fine, nothing special.",2024-01-09,2024-01-11,2024-01-14
R000624,O000889,4,"Excellent quality, will buy again.",2024-12-23,2024-12-21,2024-12-22
R000625,O000890,4,Delivery took longer than expected.,2023-12-25,2023-12-27,2023-12-28
R000626,O000891,5,"Excellent quality, will buy again.",2023-10-29,2023-10-27,2023-10-30
R000627,O000892,5,Loved it!,2023-05-23,2023-05-21,2023-05-25
R000628,O000893,1,Received a damaged item.,2024-07-31,2024-08-10,2024-08-12
R000629,O000896,4,Decent but packaging could improve.,2023-01-15,2023-01-16,2023-01-18
R000630,O000899,5,"Excellent quality, will buy again.",2024-05-15,2024-05-14,2024-05-16
R000631,O000900,4,Delivery took longer than expected.,2024-12-30,2025-01-01,2025-01-02
R000632,O000901,4,Delivery took longer than expected.,2023-11-14,2023-11-15,2023-11-16
R000633,O000903,4,Delivery took longer than expected.,2024-05-15,2024-05-16,2024-05-17
R000634,O000905,5,"Excellent quality, will buy again.",2024-01-22,2024-01-22,2024-01-26
R000635,O000906,4,Exactly as described. Very happy.,2024-12-08,2024-12-07,2024-12-11
R000636,O000907,4,Good value for money.,2023-02-25,2023-02-24,2023-02-27
R000637,O000908,4,Decent but packaging could improve.,2023-12-15,2023-12-18,2023-12-22
R000638,O000909,2,Decent but packaging could improve.,2024-05-30,2024-06-02,2024-06-05
R000639,O000910,4,Decent but packaging could improve.,2024-10-30,2024-11-02,2024-11-06
R000640,O000911,5,"Great product, fast delivery!",2023-05-18,2023-05-18,2023-05-22
R000641,O000912,3,Received a damaged item.,2024-09-01,2024-09-07,2024-09-10
R000642,O000913,4,"Excellent quality, will buy again.",2024-01-12,2024-01-12,2024-01-15
R000643,O000914,4,"Product is okay, average quality.",2023-10-18,2023-10-21,2023-10-24
R000644,O000915,4,"Works fine, nothing special.",2023-04-28,2023-05-01,2023-05-05
R000645,O000916,4,Delivery took longer than expected.,2024-10-16,2024-10-18,2024-10-21
R000646,O000918,4,Loved it!,2023-08-08,2023-08-08,2023-08-10
R000647,O000920,3,"Works fine, nothing special.",2024-10-17,2024-10-20,2024-10-22
R000648,O000921,3,Delivery took longer than expected.,2024-04-26,2024-04-27,2024-05-01
R000649,O000923,4,Loved it!,2023-08-03,2023-08-03,2023-08-06
R000650,O000925,4,"Great product, fast delivery!",2024-02-23,2024-02-22,2024-02-26
R000651,O000926,3,Not worth the price.,2024-09-21,2024-09-29,2024-10-03
R000652,O000927,2,Decent but packaging could improve.,2024-11-24,2024-11-26,2024-11-28
R000653,O000932,2,"Works fine, nothing special.",2023-07-23,2023-07-26,2023-07-28
R000654,O000934,4,"Excellent quality, will buy again.",2023-09-08,2023-09-08,2023-09-12
R000655,O000935,4,"Product is okay, average quality.",2024-03-18,2024-03-20,2024-03-23
R000656,O000936,3,Decent but packaging could improve.,2023-09-12,2023-09-15,2023-09-18
R000657,O000937,4,"Great product, fast delivery!",2024-07-02,2024-07-02,2024-07-04
R000658,O000938,3,"Works fine, nothing special.",2023-10-17,2023-10-18,2023-10-20
R000659,O000941,5,Good value for money.,2023-07-24,2023-07-22,2023-07-24
R000660,O000942,3,Delivery took longer than expected.,2023-11-11,2023-11-10,2023-11-11
R000661,O000943,2,Delivery took longer than expected.,2024-04-15,2024-04-16,2024-04-20
R000662,O000944,2,Decent but packaging could improve.,2023-09-21,2023-09-23,2023-09-26
R000663,O000945,3,"Product is okay, average quality.",2023-02-27,2023-03-02,2023-03-04
R000664,O000946,5,Good value for money.,2023-10-13,2023-10-11,2023-10-13
R000665,O000949,4,Decent but packaging could improve.,2024-05-04,2024-05-06,2024-05-07
R000666,O000950,5,"Excellent quality, will buy again.",2024-04-01,2024-03-30,2024-03-31
R000667,O000952,4,"Great product, fast delivery!",2023-11-16,2023-11-16,2023-11-18
R000668,O000954,4,"Excellent quality, will buy again.",2023-03-07,2023-03-07,2023-03-10
R000669,O000955,4,"Excellent quality, will buy again.",2023-07-29,2023-07-27,2023-07-31
R000670,O000956,2,Delivery took longer than expected.,2023-07-10,2023-07-13,2023-07-15
R000671,O000957,3,Decent but packaging could improve.,2023-11-24,2023-11-26,2023-11-28
R000672,O000959,4,"Product is okay, average quality.",2023-02-13,2023-02-16,2023-02-17
R000673,O000960,4,Exactly as described. Very happy.,2023-12-31,2023-12-30,2023-12-31
R000674,O000961,5,Good value for money.,2023-06-02,2023-06-01,2023-06-04
R000675,O000962,3,Decent but packaging could improve.,2024-12-29,2024-12-30,2025-01-01
R000676,O000963,3,"Works fine, nothing special.",2023-03-21,2023-03-24,2023-03-26
R000677,O000964,5,"Great product, fast delivery!",2023-10-15,2023-10-13,2023-10-16
R000678,O000965,5,Loved it!,2024-06-16,2024-06-15,2024-06-17
R000679,O000966,5,Exactly as described. Very happy.,2024-05-22,2024-05-22,2024-05-25
R000680,O000967,5,Good value for money.,2023-11-27,2023-11-27,2023-11-28
R000681,O000968,3,Delivery took longer than expected.,2023-09-22,2023-09-24,2023-09-27
R000682,O000969,5,Good value for money.,2023-10-26,2023-10-24,2023-10-27
R000683,O000970,4,Exactly as described. Very happy.,2023-08-01,2023-08-01,2023-08-03
R000684,O000971,4,"Product is okay, average quality.",2023-06-23,2023-06-26,2023-06-30
R000685,O000974,4,Delivery took longer than expected.,2023-07-31,2023-08-01,2023-08-02
R000686,O000975,4,Delivery took longer than expected.,2024-04-16,2024-04-17,2024-04-19
R000687,O000977,4,Good value for money.,2024-02-19,2024-02-19,2024-02-20
R000688,O000978,5,Exactly as described. Very happy.,2023-02-13,2023-02-11,2023-02-15
R000689,O000979,4,Delivery took longer than expected.,2023-02-16,2023-02-17,2023-02-21
R000690,O000980,4,"Excellent quality, will buy again.",2024-12-16,2024-12-14,2024-12-18
R000691,O000983,3,Decent but packaging could improve.,2024-02-18,2024-02-20,2024-02-21
R000692,O000984,3,Delivery took longer than expected.,2024-04-04,2024-04-05,2024-04-06
R000693,O000985,3,Delivery took longer than expected.,2024-04-29,2024-04-30,2024-05-01
R000694,O000986,4,"Great product, fast delivery!",2023-07-31,2023-07-30,2023-08-01
R000695,O000987,4,Good value for money.,2023-01-17,2023-01-15,2023-01-19
R000696,O000988,4,Exactly as described. Very happy.,2024-12-31,2024-12-31,2025-01-01
R000697,O000989,3,Delivery took longer than expected.,2023-07-12,2023-07-15,2023-07-17
R000698,O000990,4,Delivery took longer than expected.,2024-04-24,2024-04-25,2024-04-26
R000699,O000996,3,Decent but packaging could improve.,2024-10-20,2024-10-19,2024-10-21
R000700,O000997,5,Loved it!,2024-12-05,2024-12-05,2024-12-08
R000701,O000998,3,Decent but packaging could improve.,2023-03-25,2023-03-28,2023-03-30
R000702,O001000,5,Exactly as described. Very happy.,2024-12-27,2024-12-26,2024-12-28
R000703,O001001,4,Exactly as described. Very happy.,2024-06-28,2024-06-28,2024-06-29
R000704,O001003,3,Delivery took longer than expected.,2023-06-19,2023-06-21,2023-06-23
R000705,O001004,5,Exactly as described. Very happy.,2024-02-10,2024-02-09,2024-02-11
R000706,O001005,5,Exactly as described. Very happy.,2024-05-17,2024-05-17,2024-05-21
R000707,O001006,4,Delivery took longer than expected.,2024-04-21,2024-04-22,2024-04-23
R000708,O001007,4,Decent but packaging could improve.,2023-10-17,2023-10-20,2023-10-23
R000709,O001008,3,Decent but packaging could improve.,2023-01-23,2023-01-26,2023-01-29
R000710,O001010,3,Delivery took longer than expected.,2023-07-26,2023-07-24,2023-07-27
R000711,O001011,3,Decent but packaging could improve.,2023-11-20,2023-11-21,2023-11-23
R000712,O001012,5,"Excellent quality, will buy again.",2024-12-27,2024-12-25,2024-12-29
R000713,O001013,4,"Great product, fast delivery!",2023-10-20,2023-10-18,2023-10-21
R000714,O001014,2,Delivery took longer than expected.,2024-10-24,2024-10-25,2024-10-26
R000715,O001015,3,Delivery took longer than expected.,2023-05-10,2023-05-12,2023-05-16
R000716,O001016,4,Good value for money.,2024-04-25,2024-04-23,2024-04-25
R000717,O001017,3,"Product is okay, average quality.",2024-12-28,2024-12-30,2025-01-03
R000718,O001018,4,"Product is okay, average quality.",2023-03-30,2023-04-02,2023-04-03
R000719,O001020,4,Loved it!,2023-11-14,2023-11-13,2023-11-15
R000720,O001021,5,Loved it!,2023-04-01,2023-03-30,2023-04-01
R000721,O001022,3,"Product is okay, average quality.",2024-07-01,2024-07-03,2024-07-06
R000722,O001023,4,Good value for money.,2024-11-12,2024-11-11,2024-11-15
R000723,O001024,5,"Great product, fast delivery!",2023-11-14,2023-11-12,2023-11-15
R000724,O001026,4,"Works fine, nothing special.",2023-11-27,2023-11-29,2023-12-03
R000725,O001027,4,Decent but packaging could improve.,2024-05-10,2024-05-11,2024-05-14
R000726,O001030,5,"Excellent quality, will buy again.",2024-03-26,2024-03-26,2024-03-27
R000727,O001031,5,Exactly as described. Very happy.,2024-03-09,2024-03-09,2024-03-10
R000728,O001032,5,"Great product, fast delivery!",2023-06-09,2023-06-08,2023-06-10
R000729,O001034,4,Delivery took longer than expected.,2023-03-20,2023-03-23,2023-03-27
R000730,O001035,5,Exactly as described. Very happy.,2023-06-28,2023-06-27,2023-06-30
R000731,O001037,3,Decent but packaging could improve.,2024-06-06,2024-06-05,2024-06-09
R000732,O001040,4,"Product is okay, average quality.",2023-07-01,2023-07-02,2023-07-04
R000733,O001041,4,"Great product, fast delivery!",2023-07-13,2023-07-13,2023-07-15
R000734,O001043,4,"Works fine, nothing special.",2023-02-18,2023-02-19,2023-02-22
R000735,O001044,3,"Product is okay, average quality.",2023-11-23,2023-11-26,2023-11-28
R000736,O001045,3,"Product is okay, average quality.",2024-06-10,2024-06-11,2024-06-12
R000737,O001046,5,Loved it!,2024-02-27,2024-02-26,2024-02-28
R000738,O001047,4,"Great product, fast delivery!",2024-04-12,2024-04-11,2024-04-12
R000739,O001048,5,"Excellent quality, will buy again.",2023-03-17,2023-03-15,2023-03-17
R000740,O001050,3,"Product is okay, average quality.",2024-10-18,2024-10-19,2024-10-20
R000741,O001051,1,Product quality not as expected.,2024-08-15,2024-08-20,2024-08-21
R000742,O001053,5,Loved it!,2024-11-15,2024-11-14,2024-11-16
R000743,O001054,4,"Excellent quality, will buy again.",2024-01-17,2024-01-16,2024-01-17
R000744,O001056,4,"Product is okay, average quality.",2024-03-31,2024-04-03,2024-04-07
R000745,O001057,3,"Works fine, nothing special.",2024-06-09,2024-06-12,2024-06-14
R000746,O001058,5,"Excellent quality, will buy again.",2024-06-09,2024-06-07,2024-06-08
R000747,O001059,5,Good value for money.,2023-12-13,2023-12-12,2023-12-13
R000748,O001060,4,Decent but packaging could improve.,2023-02-21,2023-02-24,2023-02-28
R000749,O001061,4,Delivery took longer than expected.,2023-10-19,2023-10-20,2023-10-21
R000750,O001062,3,Decent but packaging could improve.,2024-11-20,2024-11-18,2024-11-20
R000751,O001063,5,"Great product, fast delivery!",2024-02-28,2024-02-28,2024-02-29
R000752,O001064,5,Good value for money.,2024-01-19,2024-01-17,2024-01-18
R000753,O001067,4,Exactly as described. Very happy.,2024-11-29,2024-11-28,2024-12-01
R000754,O001069,2,"Very late delivery, disappointed.",2024-07-29,2024-08-06,2024-08-08
R000755,O001070,4,"Product is okay, average quality.",2023-11-19,2023-11-20,2023-11-23
R000756,O001071,5,Loved it!,2024-03-20,2024-03-18,2024-03-19
R000757,O001072,2,Decent but packaging could improve.,2023-07-17,2023-07-20,2023-07-23
R000758,O001073,4,Good value for money.,2024-05-28,2024-05-28,2024-06-01
R000759,O001075,2,"Works fine, nothing special.",2023-11-09,2023-11-11,2023-11-14
R000760,O001076,3,"Product is okay, average quality.",2024-04-07,2024-04-08,2024-04-10
R000761,O001079,1,"Poor packaging, item was scratched.",2024-09-27,2024-10-06,2024-10-07
R000762,O001080,3,"Works fine, nothing special.",2023-07-29,2023-07-30,2023-07-31
R000763,O001081,4,Good value for money.,2023-11-26,2023-11-25,2023-11-27
R000764,O001082,4,"Product is okay, average quality.",2023-02-03,2023-02-04,2023-02-06
R000765,O001084,4,"Works fine, nothing special.",2023-12-10,2023-12-11,2023-12-13
R000766,O001085,4,Exactly as described. Very happy.,2023-02-07,2023-02-07,2023-02-11
R000767,O001086,2,"Product is okay, average quality.",2023-12-13,2023-12-14,2023-12-16
R000768,O001087,4,Decent but packaging could improve.,2024-11-14,2024-11-17,2024-11-18
R000769,O001089,4,Delivery took longer than expected.,2024-06-30,2024-07-03,2024-07-05
R000770,O001092,4,"Works fine, nothing special.",2023-07-26,2023-07-29,2023-07-30
R000771,O001093,5,Good value for money.,2023-05-28,2023-05-28,2023-06-01
R000772,O001094,3,"Works fine, nothing special.",2023-05-17,2023-05-18,2023-05-20
R000773,O001095,5,Exactly as described. Very happy.,2023-02-21,2023-02-19,2023-02-20
R000774,O001096,4,"Works fine, nothing special.",2023-05-20,2023-05-21,2023-05-22
R000775,O001097,4,"Great product, fast delivery!",2024-05-01,2024-04-30,2024-05-03
R000776,O001098,5,Loved it!,2024-11-17,2024-11-17,2024-11-19
R000777,O001099,1,Not worth the price.,2024-08-18,2024-08-27,2024-08-31
R000778,O001100,3,Decent but packaging could improve.,2024-04-08,2024-04-09,2024-04-13
R000779,O001101,5,Good value for money.,2023-03-19,2023-03-19,2023-03-22
R000780,O001102,3,"Works fine, nothing special.",2023-07-28,2023-07-30,2023-08-03
R000781,O001104,5,Good value for money.,2023-07-21,2023-07-20,2023-07-22
R000782,O001105,5,Exactly as described. Very happy.,2023-12-18,2023-12-16,2023-12-18
R000783,O001106,4,Delivery took longer than expected.,2024-01-23,2024-01-26,2024-01-30
R000784,O001107,4,"Product is okay, average quality.",2023-09-10,2023-09-13,2023-09-16
R000785,O001110,2,Not worth the price.,2024-07-07,2024-07-12,2024-07-13
R000786,O001111,2,"Product is okay, average quality.",2023-08-07,2023-08-08,2023-08-12
R000787,O001112,3,Delivery took longer than expected.,2024-11-20,2024-11-22,2024-11-25
R000788,O001114,3,Decent but packaging could improve.,2023-08-31,2023-08-29,2023-08-30
R000789,O001115,2,Delivery took longer than expected.,2023-09-16,2023-09-19,2023-09-20
R000790,O001116,3,"Works fine, nothing special.",2023-12-29,2023-12-31,2024-01-02
R000791,O001118,3,Delivery took longer than expected.,2024-10-20,2024-10-22,2024-10-25
R000792,O001119,5,Loved it!,2023-03-13,2023-03-11,2023-03-13
R000793,O001122,5,Loved it!,2023-12-28,2023-12-26,2023-12-27
R000794,O001124,4,"Works fine, nothing special.",2024-11-02,2024-11-05,2024-11-06
R000795,O001125,4,Good value for money.,2024-05-05,2024-05-05,2024-05-08
R000796,O001127,5,Loved it!,2024-10-16,2024-10-16,2024-10-20
R000797,O001128,5,"Excellent quality, will buy again.",2024-06-18,2024-06-18,2024-06-20
R000798,O001129,4,"Product is okay, average quality.",2023-11-05,2023-11-06,2023-11-07
R000799,O001133,3,"Works fine, nothing special.",2023-06-02,2023-06-04,2023-06-07
R000800,O001135,3,"Product is okay, average quality.",2023-06-29,2023-06-29,2023-06-30
R000801,O001136,4,"Product is okay, average quality.",2023-04-14,2023-04-15,2023-04-19
R000802,O001137,3,Decent but packaging could improve.,2023-05-10,2023-05-13,2023-05-17
R000803,O001138,5,Good value for money.,2023-01-09,2023-01-07,2023-01-09
R000804,O001139,4,Loved it!,2024-05-05,2024-05-04,2024-05-08
R000805,O001141,5,Good value for money.,2023-12-14,2023-12-14,2023-12-16
R000806,O001142,5,Good value for money.,2023-05-17,2023-05-15,2023-05-18
R000807,O001143,4,Good value for money.,2023-03-12,2023-03-11,2023-03-12
R000808,O001144,4,Delivery took longer than expected.,2023-01-05,2023-01-07,2023-01-08
R000809,O001146,4,Delivery took longer than expected.,2024-11-22,2024-11-24,2024-11-25
R000810,O001149,5,"Great product, fast delivery!",2023-03-31,2023-03-30,2023-04-03
R000811,O001151,2,"Works fine, nothing special.",2024-01-01,2024-01-02,2024-01-05
R000812,O001154,3,Delivery took longer than expected.,2023-02-23,2023-02-26,2023-02-27
R000813,O001156,3,Delivery took longer than expected.,2023-06-27,2023-06-26,2023-06-30
R000814,O001158,4,"Great product, fast delivery!",2024-12-15,2024-12-14,2024-12-18
R000815,O001159,5,Loved it!,2024-03-15,2024-03-15,2024-03-16
R000816,O001160,5,Loved it!,2024-01-20,2024-01-20,2024-01-21
R000817,O001161,4,Delivery took longer than expected.,2023-11-25,2023-11-26,2023-11-29
R000818,O001162,5,Loved it!,2023-11-21,2023-11-21,2023-11-24
R000819,O001163,5,Good value for money.,2024-01-06,2024-01-06,2024-01-08
R000820,O001164,5,Good value for money.,2024-05-28,2024-05-27,2024-05-30
R000821,O001165,3,Delivery took longer than expected.,2024-05-17,2024-05-19,2024-05-21
R000822,O001168,4,"Great product, fast delivery!",2023-12-04,2023-12-04,2023-12-08
R000823,O001170,4,Loved it!,2024-03-29,2024-03-27,2024-03-29
R000824,O001172,4,"Product is okay, average quality.",2023-03-18,2023-03-20,2023-03-23
R000825,O001176,4,Delivery took longer than expected.,2023-04-23,2023-04-24,2023-04-25
R000826,O001178,4,Delivery took longer than expected.,2023-06-21,2023-06-24,2023-06-28
R000827,O001180,5,Loved it!,2024-11-06,2024-11-04,2024-11-08
R000828,O001182,3,Decent but packaging could improve.,2023-12-11,2023-12-13,2023-12-16
R000829,O001183,5,"Excellent quality, will buy again.",2023-12-04,2023-12-02,2023-12-05
R000830,O001184,4,"Great product, fast delivery!",2023-02-01,2023-01-31,2023-02-03
R000831,O001187,4,"Great product, fast delivery!",2023-12-15,2023-12-14,2023-12-16
R000832,O001188,4,"Works fine, nothing special.",2024-01-15,2024-01-16,2024-01-19
R000833,O001190,2,"Works fine, nothing special.",2024-05-13,2024-05-16,2024-05-19
R000834,O001191,3,"Works fine, nothing special.",2023-07-29,2023-07-31,2023-08-02
R000835,O001192,4,"Product is okay, average quality.",2023-01-29,2023-02-01,2023-02-03
R000836,O001193,3,"Works fine, nothing special.",2024-05-19,2024-05-20,2024-05-22
R000837,O001194,4,"Product is okay, average quality.",2024-01-10,2024-01-13,2024-01-17
R000838,O001195,3,"Very late delivery, disappointed.",2024-10-05,2024-10-09,2024-10-11
R000839,O001198,3,"Works fine, nothing special.",2023-12-09,2023-12-11,2023-12-13
R000840,O001199,4,"Product is okay, average quality.",2023-09-13,2023-09-14,2023-09-18
R000841,O001200,1,"Poor packaging, item was scratched.",2024-07-28,2024-08-01,2024-08-03
R000842,O001202,5,"Excellent quality, will buy again.",2023-06-03,2023-06-01,2023-06-04
R000843,O001203,2,Delivery took longer than expected.,2024-10-26,2024-10-29,2024-10-31
R000844,O001204,4,Loved it!,2024-12-03,2024-12-01,2024-12-03
R000845,O001205,4,Delivery took longer than expected.,2023-12-02,2023-12-03,2023-12-05
R000846,O001206,3,Decent but packaging could improve.,2023-02-19,2023-02-20,2023-02-23
R000847,O001207,5,Loved it!,2023-10-05,2023-10-03,2023-10-04
R000848,O001208,1,Received a damaged item.,2024-09-01,2024-09-08,2024-09-10
R000849,O001209,4,Decent but packaging could improve.,2024-11-16,2024-11-18,2024-11-20
R000850,O001212,4,Exactly as described. Very happy.,2024-11-26,2024-11-25,2024-11-27
R000851,O001213,5,Loved it!,2023-10-31,2023-10-29,2023-11-01
R000852,O001214,3,Decent but packaging could improve.,2024-02-02,2024-02-03,2024-02-04
R000853,O001215,3,"Works fine, nothing special.",2024-12-30,2025-01-02,2025-01-03
R000854,O001216,4,Decent but packaging could improve.,2023-02-20,2023-02-21,2023-02-22
R000855,O001217,5,Exactly as described. Very happy.,2024-04-23,2024-04-21,2024-04-25
R000856,O001218,5,Loved it!,2023-02-07,2023-02-06,2023-02-07
R000857,O001219,3,"Product is okay, average quality.",2023-10-06,2023-10-07,2023-10-10
R000858,O001220,2,Received a damaged item.,2024-08-23,2024-08-28,2024-08-31
R000859,O001221,3,"Product is okay, average quality.",2023-11-15,2023-11-18,2023-11-20
R000860,O001222,5,"Great product, fast delivery!",2024-12-13,2024-12-11,2024-12-12
R000861,O001223,5,Good value for money.,2024-01-18,2024-01-18,2024-01-21
R000862,O001224,5,Loved it!,2023-08-28,2023-08-27,2023-08-29
R000863,O001226,4,Delivery took longer than expected.,2023-09-14,2023-09-17,2023-09-19
R000864,O001228,4,"Works fine, nothing special.",2023-03-07,2023-03-08,2023-03-12
R000865,O001234,4,Delivery took longer than expected.,2023-01-22,2023-01-24,2023-01-26
R000866,O001235,5,"Excellent quality, will buy again.",2023-07-02,2023-07-01,2023-07-05
R000867,O001236,4,Decent but packaging could improve.,2024-04-11,2024-04-13,2024-04-14
R000868,O001237,2,Delivery took longer than expected.,2023-12-22,2023-12-25,2023-12-26
R000869,O001238,5,"Excellent quality, will buy again.",2023-01-29,2023-01-29,2023-02-01
R000870,O001239,2,"Very late delivery, disappointed.",2024-08-22,2024-08-29,2024-09-02
R000871,O001243,3,Delivery took longer than expected.,2024-06-13,2024-06-16,2024-06-18
R000872,O001245,3,Product quality not as expected.,2024-07-15,2024-07-24,2024-07-26
R000873,O001247,3,Product quality not as expected.,2024-08-20,2024-08-26,2024-08-29
R000874,O001248,4,Decent but packaging could improve.,2023-12-29,2023-12-30,2023-12-31
R000875,O001250,3,Decent but packaging could improve.,2024-04-19,2024-04-20,2024-04-21
R000876,O001251,5,Exactly as described. Very happy.,2024-04-01,2024-04-01,2024-04-03
R000877,O001253,5,Loved it!,2023-05-07,2023-05-06,2023-05-08
R000878,O001254,3,Delivery took longer than expected.,2023-06-15,2023-06-17,2023-06-20
R000879,O001255,5,Good value for money.,2024-11-26,2024-11-24,2024-11-27
R000880,O001260,5,"Great product, fast delivery!",2024-04-13,2024-04-13,2024-04-16
R000881,O001261,4,Decent but packaging could improve.,2024-11-22,2024-11-24,2024-11-27
R000882,O001262,4,"Product is okay, average quality.",2024-03-05,2024-03-08,2024-03-10
R000883,O001263,3,"Works fine, nothing special.",2024-03-22,2024-03-24,2024-03-27
R000884,O001264,4,Exactly as described. Very happy.,2023-05-29,2023-05-28,2023-05-29
R000885,O001265,2,Decent but packaging could improve.,2023-12-21,2023-12-22,2023-12-23
R000886,O001266,4,"Product is okay, average quality.",2024-05-08,2024-05-09,2024-05-11
R000887,O001267,3,Decent but packaging could improve.,2023-07-20,2023-07-18,2023-07-21
R000888,O001268,4,"Works fine, nothing special.",2023-06-17,2023-06-19,2023-06-21
R000889,O001270,4,Loved it!,2023-07-01,2023-07-01,2023-07-05
R000890,O001273,4,"Works fine, nothing special.",2024-11-21,2024-11-23,2024-11-27
R000891,O001274,2,Decent but packaging could improve.,2023-12-24,2023-12-26,2023-12-30
R000892,O001276,3,"Product is okay, average quality.",2023-02-21,2023-02-22,2023-02-26
R000893,O001277,4,"Product is okay, average quality.",2024-05-27,2024-05-28,2024-05-29
R000894,O001279,3,"Very late delivery, disappointed.",2024-09-12,2024-09-22,2024-09-23
R000895,O001280,5,Loved it!,2024-04-08,2024-04-07,2024-04-10
R000896,O001281,3,Received a damaged item.,2024-08-21,2024-08-25,2024-08-29
R000897,O001282,5,Good value for money.,2023-07-19,2023-07-19,2023-07-23
R000898,O001283,4,Exactly as described. Very happy.,2024-05-08,2024-05-06,2024-05-07
R000899,O001284,5,"Great product, fast delivery!",2023-07-19,2023-07-17,2023-07-21
R000900,O001285,4,Decent but packaging could improve.,2024-12-17,2024-12-20,2024-12-23
R000901,O001286,5,Exactly as described. Very happy.,2024-03-06,2024-03-05,2024-03-07
R000902,O001287,4,"Works fine, nothing special.",2023-08-25,2023-08-27,2023-08-30
R000903,O001288,4,Exactly as described. Very happy.,2023-07-11,2023-07-11,2023-07-12
R000904,O001289,2,"Works fine, nothing special.",2023-05-30,2023-05-31,2023-06-02
R000905,O001290,4,Exactly as described. Very happy.,2024-05-11,2024-05-11,2024-05-12
R000906,O001291,4,Decent but packaging could improve.,2023-06-08,2023-06-11,2023-06-13
R000907,O001292,5,Good value for money.,2024-02-23,2024-02-21,2024-02-23
R000908,O001293,2,"Product is okay, average quality.",2023-07-25,2023-07-26,2023-07-29
R000909,O001294,3,Decent but packaging could improve.,2024-04-30,2024-04-29,2024-04-30
R000910,O001295,1,"Poor packaging, item was scratched.",2024-09-01,2024-09-09,2024-09-13
R000911,O001296,3,Received a damaged item.,2024-07-25,2024-08-03,2024-08-04
R000912,O001298,4,Loved it!,2023-05-22,2023-05-21,2023-05-24
R000913,O001299,3,"Works fine, nothing special.",2023-03-27,2023-03-30,2023-03-31
R000914,O001302,4,Exactly as described. Very happy.,2023-11-09,2023-11-08,2023-11-11
R000915,O001306,5,"Great product, fast delivery!",2024-11-24,2024-11-22,2024-11-23
R000916,O001307,3,"Works fine, nothing special.",2023-07-23,2023-07-22,2023-07-26
R000917,O001310,4,Loved it!,2024-04-24,2024-04-22,2024-04-24
R000918,O001311,5,Loved it!,2023-08-13,2023-08-13,2023-08-16
R000919,O001312,3,"Works fine, nothing special.",2024-12-02,2024-12-05,2024-12-09
R000920,O001313,4,"Works fine, nothing special.",2024-11-25,2024-11-27,2024-12-01
R000921,O001316,4,Good value for money.,2024-12-06,2024-12-05,2024-12-08
R000922,O001317,2,"Very late delivery, disappointed.",2024-09-08,2024-09-13,2024-09-15
R000923,O001318,4,Exactly as described. Very happy.,2024-10-13,2024-10-12,2024-10-15
R000924,O001319,5,Loved it!,2023-08-03,2023-08-02,2023-08-05
R000925,O001320,2,"Works fine, nothing special.",2024-02-16,2024-02-18,2024-02-20
R000926,O001321,4,Loved it!,2023-02-09,2023-02-07,2023-02-08
R000927,O001322,4,"Excellent quality, will buy again.",2023-03-15,2023-03-14,2023-03-17
R000928,O001323,3,"Works fine, nothing special.",2024-12-16,2024-12-19,2024-12-20
R000929,O001326,3,"Works fine, nothing special.",2024-08-18,2024-08-21,2024-08-23
R000930,O001327,3,Decent but packaging could improve.,2024-10-27,2024-10-28,2024-10-31
R000931,O001328,3,"Works fine, nothing special.",2024-12-19,2024-12-20,2024-12-24
R000932,O001329,2,"Works fine, nothing special.",2023-06-10,2023-06-13,2023-06-15
R000933,O001330,4,Good value for money.,2023-02-16,2023-02-15,2023-02-19
R000934,O001331,2,"Product is okay, average quality.",2023-11-13,2023-11-16,2023-11-20
R000935,O001332,4,Good value for money.,2023-04-11,2023-04-11,2023-04-14
R000936,O001333,2,Decent but packaging could improve.,2023-01-21,2023-01-24,2023-01-26
R000937,O001334,2,Decent but packaging could improve.,2023-09-22,2023-09-24,2023-09-26
R000938,O001335,3,"Poor packaging, item was scratched.",2024-07-27,2024-08-02,2024-08-06
R000939,O001337,5,"Excellent quality, will buy again.",2023-08-28,2023-08-26,2023-08-30
R000940,O001338,3,"Works fine, nothing special.",2024-04-25,2024-04-26,2024-04-30
R000941,O001339,5,Exactly as described. Very happy.,2023-06-25,2023-06-23,2023-06-25
R000942,O001341,4,"Works fine, nothing special.",2024-06-11,2024-06-12,2024-06-16
R000943,O001342,4,Exactly as described. Very happy.,2024-03-24,2024-03-22,2024-03-26
R000944,O001343,4,Exactly as described. Very happy.,2024-06-14,2024-06-13,2024-06-14
R000945,O001344,5,Good value for money.,2023-02-22,2023-02-22,2023-02-24
R000946,O001345,4,"Product is okay, average quality.",2024-10-02,2024-10-05,2024-10-06
R000947,O001347,4,Decent but packaging could improve.,2024-01-10,2024-01-12,2024-01-13
R000948,O001349,5,Good value for money.,2024-10-16,2024-10-16,2024-10-19
R000949,O001350,5,Exactly as described. Very happy.,2024-02-17,2024-02-16,2024-02-19
R000950,O001351,5,Loved it!,2024-02-25,2024-02-24,2024-02-27
R000951,O001353,5,"Excellent quality, will buy again.",2024-06-25,2024-06-25,2024-06-28
R000952,O001354,4,"Excellent quality, will buy again.",2023-11-15,2023-11-14,2023-11-18
R000953,O001355,5,"Great product, fast delivery!",2024-05-30,2024-05-28,2024-05-29
R000954,O001357,4,"Product is okay, average quality.",2023-06-15,2023-06-16,2023-06-17
R000955,O001358,5,"Excellent quality, will buy again.",2024-02-24,2024-02-22,2024-02-25
R000956,O001359,3,"Product is okay, average quality.",2024-11-17,2024-11-18,2024-11-19
R000957,O001360,5,"Great product, fast delivery!",2024-11-28,2024-11-28,2024-11-29
R000958,O001361,2,Decent but packaging could improve.,2023-09-27,2023-09-30,2023-10-02
R000959,O001362,5,Good value for money.,2023-12-15,2023-12-15,2023-12-19
R000960,O001365,5,Exactly as described. Very happy.,2024-12-09,2024-12-09,2024-12-13
R000961,O001366,2,"Product is okay, average quality.",2024-04-27,2024-04-28,2024-05-02
R000962,O001367,3,Decent but packaging could improve.,2024-08-08,2024-08-11,2024-08-15
R000963,O001369,4,"Works fine, nothing special.",2024-02-23,2024-02-24,2024-02-26
R000964,O001370,3,Decent but packaging could improve.,2023-02-22,2023-02-25,2023-02-27
R000965,O001371,2,Decent but packaging could improve.,2023-12-03,2023-12-04,2023-12-07
R000966,O001372,3,"Product is okay, average quality.",2024-04-26,2024-04-28,2024-05-01
R000967,O001373,4,Delivery took longer than expected.,2024-05-02,2024-05-05,2024-05-07
R000968,O001374,3,Delivery took longer than expected.,2023-10-24,2023-10-27,2023-10-29
R000969,O001375,4,Decent but packaging could improve.,2024-12-13,2024-12-14,2024-12-15
R000970,O001376,4,Good value for money.,2023-05-29,2023-05-29,2023-05-31
R000971,O001377,3,Delivery took longer than expected.,2023-12-19,2023-12-18,2023-12-19
R000972,O001379,4,Exactly as described. Very happy.,2024-05-07,2024-05-05,2024-05-06
R000973,O001380,4,Loved it!,2024-04-27,2024-04-25,2024-04-29
R000974,O001382,5,Exactly as described. Very happy.,2023-05-17,2023-05-15,2023-05-19
R000975,O001383,4,Delivery took longer than expected.,2024-03-14,2024-03-15,2024-03-17
R000976,O001384,4,Good value for money.,2024-02-06,2024-02-06,2024-02-09
R000977,O001386,4,Good value for money.,2024-05-12,2024-05-12,2024-05-15
R000978,O001387,5,"Great product, fast delivery!",2023-11-27,2023-11-26,2023-11-28
R000979,O001389,1,Received a damaged item.,2024-09-23,2024-09-30,2024-10-01
R000980,O001392,1,Product quality not as expected.,2024-07-23,2024-07-28,2024-08-01
R000981,O001393,4,"Great product, fast delivery!",2024-03-24,2024-03-24,2024-03-28
R000982,O001394,5,Good value for money.,2024-05-16,2024-05-16,2024-05-20
R000983,O001396,1,Product quality not as expected.,2024-09-01,2024-09-05,2024-09-06
R000984,O001397,5,"Great product, fast delivery!",2025-01-02,2025-01-02,2025-01-04
R000985,O001400,5,Exactly as described. Very happy.,2023-10-22,2023-10-21,2023-10-24
R000986,O001401,4,Good value for money.,2023-04-19,2023-04-19,2023-04-22
R000987,O001402,4,"Excellent quality, will buy again.",2024-02-15,2024-02-15,2024-02-18
R000988,O001403,4,"Product is okay, average quality.",2023-07-19,2023-07-22,2023-07-26
R000989,O001404,5,Loved it!,2024-11-28,2024-11-28,2024-11-29
R000990,O001407,4,"Product is okay, average quality.",2023-09-14,2023-09-17,2023-09-19
R000991,O001408,3,Decent but packaging could improve.,2023-02-21,2023-02-21,2023-02-22
R000992,O001411,3,Decent but packaging could improve.,2023-03-21,2023-03-22,2023-03-24
R000993,O001412,3,Delivery took longer than expected.,2024-02-12,2024-02-14,2024-02-15
R000994,O001414,4,Loved it!,2024-11-26,2024-11-26,2024-11-27
R000995,O001415,4,"Product is okay, average quality.",2024-04-20,2024-04-23,2024-04-25
R000996,O001416,3,"Works fine, nothing special.",2023-06-05,2023-06-05,2023-06-07
R000997,O001417,5,Loved it!,2024-10-27,2024-10-26,2024-10-28
R000998,O001418,4,"Great product, fast delivery!",2024-11-15,2024-11-14,2024-11-17
R000999,O001419,3,Delivery took longer than expected.,2023-06-23,2023-06-26,2023-06-27
R001000,O001421,5,"Great product, fast delivery!",2023-07-30,2023-07-29,2023-08-01
R001001,O001422,1,Product quality not as expected.,2024-08-25,2024-09-04,2024-09-07
R001002,O001424,4,Exactly as described. Very happy.,2023-01-19,2023-01-17,2023-01-21
R001003,O001425,5,"Excellent quality, will buy again.",2024-11-06,2024-11-05,2024-11-06
R001004,O001426,4,Decent but packaging could improve.,2024-03-17,2024-03-20,2024-03-23
R001005,O001427,5,"Great product, fast delivery!",2024-12-31,2024-12-29,2025-01-01
R001006,O001428,4,"Excellent quality, will buy again.",2023-12-01,2023-11-29,2023-11-30
R001007,O001430,5,"Great product, fast delivery!",2023-02-20,2023-02-20,2023-02-24
R001008,O001431,3,"Product is okay, average quality.",2023-09-25,2023-09-27,2023-09-28
R001009,O001432,3,"Works fine, nothing special.",2023-03-04,2023-03-06,2023-03-09
R001010,O001433,3,Decent but packaging could improve.,2024-12-10,2024-12-13,2024-12-16
R001011,O001434,1,"Poor packaging, item was scratched.",2024-09-21,2024-09-30,2024-10-02
R001012,O001436,4,Exactly as described. Very happy.,2024-11-07,2024-11-07,2024-11-08
R001013,O001441,4,"Product is okay, average quality.",2023-06-10,2023-06-12,2023-06-14
R001014,O001443,3,Decent but packaging could improve.,2023-07-22,2023-07-24,2023-07-27
R001015,O001444,5,Good value for money.,2023-03-31,2023-03-29,2023-04-01
R001016,O001445,2,"Product is okay, average quality.",2023-05-14,2023-05-16,2023-05-17
R001017,O001446,5,Good value for money.,2023-04-24,2023-04-22,2023-04-26
R001018,O001447,4,"Great product, fast delivery!",2024-12-23,2024-12-21,2024-12-23
R001019,O001448,3,Decent but packaging could improve.,2024-06-10,2024-06-13,2024-06-15
R001020,O001449,3,Delivery took longer than expected.,2024-12-14,2024-12-15,2024-12-19
R001021,O001451,3,"Product is okay, average quality.",2023-07-27,2023-07-26,2023-07-30
R001022,O001452,1,Product quality not as expected.,2024-08-14,2024-08-23,2024-08-27
R001023,O001453,5,"Great product, fast delivery!",2023-09-03,2023-09-02,2023-09-04
R001024,O001455,3,"Product is okay, average quality.",2023-06-22,2023-06-23,2023-06-24
R001025,O001456,4,Loved it!,2023-04-24,2023-04-24,2023-04-26
R001026,O001457,3,Decent but packaging could improve.,2023-07-20,2023-07-23,2023-07-27
R001027,O001461,5,Loved it!,2023-06-30,2023-06-29,2023-07-03
R001028,O001462,2,Product quality not as expected.,2024-08-11,2024-08-17,2024-08-19
R001029,O001463,5,Good value for money.,2023-05-01,2023-04-29,2023-05-02
R001030,O001464,4,"Works fine, nothing special.",2023-09-07,2023-09-09,2023-09-11
R001031,O001465,5,Loved it!,2024-10-24,2024-10-23,2024-10-27
R001032,O001467,3,Decent but packaging could improve.,2023-03-23,2023-03-22,2023-03-23
R001033,O001468,4,"Excellent quality, will buy again.",2023-12-08,2023-12-08,2023-12-09
R001034,O001469,4,"Product is okay, average quality.",2023-08-13,2023-08-16,2023-08-18
R001035,O001471,2,"Works fine, nothing special.",2024-08-13,2024-08-16,2024-08-17
R001036,O001472,3,"Product is okay, average quality.",2023-04-24,2023-04-26,2023-04-28
R001037,O001473,5,"Great product, fast delivery!",2024-02-06,2024-02-06,2024-02-10
R001038,O001474,5,Good value for money.,2023-12-15,2023-12-15,2023-12-18
R001039,O001475,2,Decent but packaging could improve.,2023-04-29,2023-04-30,2023-05-01
R001040,O001476,5,"Great product, fast delivery!",2024-03-11,2024-03-11,2024-03-14
R001041,O001477,3,Decent but packaging could improve.,2023-07-15,2023-07-16,2023-07-18
R001042,O001479,5,Good value for money.,2023-03-30,2023-03-28,2023-03-31
R001043,O001480,3,Delivery took longer than expected.,2023-11-29,2023-11-30,2023-12-02
R001044,O001481,3,"Works fine, nothing special.",2023-08-12,2023-08-14,2023-08-18
R001045,O001484,4,Delivery took longer than expected.,2023-11-20,2023-11-21,2023-11-22
R001046,O001486,3,"Product is okay, average quality.",2024-06-24,2024-06-25,2024-06-29
R001047,O001487,4,Loved it!,2024-02-23,2024-02-22,2024-02-23
R001048,O001488,3,Delivery took longer than expected.,2024-04-09,2024-04-07,2024-04-11
R001049,O001489,2,"Poor packaging, item was scratched.",2024-07-25,2024-08-01,2024-08-04
R001050,O001492,5,Loved it!,2024-01-10,2024-01-08,2024-01-09
R001051,O001493,3,"Product is okay, average quality.",2024-10-11,2024-10-13,2024-10-15
R001052,O001494,3,Decent but packaging could improve.,2024-12-31,2024-12-29,2025-01-01
R001053,O001495,4,Delivery took longer than expected.,2024-11-22,2024-11-24,2024-11-27
R001054,O001496,3,"Product is okay, average quality.",2023-10-23,2023-10-21,2023-10-24
R001055,O001499,3,"Product is okay, average quality.",2024-06-23,2024-06-25,2024-06-28
R001056,O001500,4,Good value for money.,2023-12-24,2023-12-24,2023-12-26
R001057,O001501,3,Decent but packaging could improve.,2023-12-24,2023-12-26,2023-12-27
R001058,O001502,2,Delivery took longer than expected.,2024-10-15,2024-10-16,2024-10-17
R001059,O001503,2,Delivery took longer than expected.,2023-10-04,2023-10-07,2023-10-09
R001060,O001504,4,"Product is okay, average quality.",2024-10-14,2024-10-15,2024-10-18
R001061,O001505,3,"Works fine, nothing special.",2023-10-20,2023-10-23,2023-10-26
R001062,O001506,4,Delivery took longer than expected.,2023-09-03,2023-09-06,2023-09-08
R001063,O001507,4,Delivery took longer than expected.,2023-11-24,2023-11-27,2023-11-29
R001064,O001508,2,"Product is okay, average quality.",2024-06-30,2024-07-03,2024-07-04
R001065,O001511,5,"Excellent quality, will buy again.",2024-12-25,2024-12-24,2024-12-27
R001066,O001512,4,Good value for money.,2023-05-20,2023-05-18,2023-05-21
R001067,O001513,4,Decent but packaging could improve.,2024-01-19,2024-01-21,2024-01-25
R001068,O001514,3,"Works fine, nothing special.",2024-02-16,2024-02-17,2024-02-18
R001069,O001515,4,Exactly as described. Very happy.,2023-12-13,2023-12-13,2023-12-15
R001070,O001516,5,Exactly as described. Very happy.,2024-03-16,2024-03-16,2024-03-19
R001071,O001517,5,"Excellent quality, will buy again.",2023-06-19,2023-06-19,2023-06-20
R001072,O001519,5,"Excellent quality, will buy again.",2023-10-26,2023-10-26,2023-10-27
R001073,O001520,5,Exactly as described. Very happy.,2024-04-16,2024-04-16,2024-04-19
R001074,O001522,4,"Works fine, nothing special.",2024-02-12,2024-02-14,2024-02-17
R001075,O001523,5,"Great product, fast delivery!",2023-05-29,2023-05-29,2023-05-30
R001076,O001527,1,Product quality not as expected.,2024-09-15,2024-09-24,2024-09-28
R001077,O001528,4,"Great product, fast delivery!",2023-07-17,2023-07-17,2023-07-18
R001078,O001529,4,Decent but packaging could improve.,2024-11-19,2024-11-20,2024-11-23
R001079,O001530,5,Loved it!,2025-01-01,2025-01-01,2025-01-05
R001080,O001531,5,"Great product, fast delivery!",2024-02-27,2024-02-27,2024-03-01
R001081,O001532,4,"Great product, fast delivery!",2023-04-28,2023-04-28,2023-05-02
R001082,O001533,4,"Works fine, nothing special.",2023-10-12,2023-10-14,2023-10-16
R001083,O001535,3,Delivery took longer than expected.,2023-09-11,2023-09-09,2023-09-12
R001084,O001536,5,"Great product, fast delivery!",2023-03-22,2023-03-20,2023-03-24
R001085,O001537,5,"Great product, fast delivery!",2024-01-29,2024-01-27,2024-01-30
R001086,O001538,3,Delivery took longer than expected.,2024-11-02,2024-11-05,2024-11-07
R001087,O001539,2,Product quality not as expected.,2024-09-03,2024-09-08,2024-09-11
R001088,O001540,4,Loved it!,2023-05-30,2023-05-30,2023-06-01
R001089,O001541,3,"Works fine, nothing special.",2024-04-22,2024-04-23,2024-04-24
R001090,O001542,3,"Product is okay, average quality.",2023-06-24,2023-06-25,2023-06-26
R001091,O001543,5,"Great product, fast delivery!",2023-06-09,2023-06-09,2023-06-11
R001092,O001544,4,Loved it!,2024-10-21,2024-10-21,2024-10-22
R001093,O001545,3,Delivery took longer than expected.,2023-07-16,2023-07-16,2023-07-20
R001094,O001547,4,Loved it!,2023-01-30,2023-01-30,2023-02-03
R001095,O001550,4,"Works fine, nothing special.",2024-03-08,2024-03-11,2024-03-12
R001096,O001551,3,Decent but packaging could improve.,2024-06-08,2024-06-08,2024-06-11
R001097,O001552,5,Exactly as described. Very happy.,2023-04-26,2023-04-24,2023-04-26
R001098,O001553,4,"Product is okay, average quality.",2023-11-25,2023-11-26,2023-11-30
R001099,O001554,5,Good value for money.,2023-09-14,2023-09-14,2023-09-16
R001100,O001555,5,"Great product, fast delivery!",2023-03-25,2023-03-24,2023-03-27
R001101,O001556,3,Decent but packaging could improve.,2023-12-21,2023-12-22,2023-12-23
R001102,O001558,3,Delivery took longer than expected.,2023-02-14,2023-02-16,2023-02-19
R001103,O001560,2,Delivery took longer than expected.,2023-06-13,2023-06-14,2023-06-17
R001104,O001561,5,"Great product, fast delivery!",2023-06-10,2023-06-09,2023-06-12
R001105,O001562,4,Delivery took longer than expected.,2024-11-19,2024-11-22,2024-11-24
R001106,O001564,4,"Works fine, nothing special.",2023-11-21,2023-11-24,2023-11-28
R001107,O001565,5,Loved it!,2024-06-18,2024-06-18,2024-06-20
R001108,O001566,5,Good value for money.,2023-05-10,2023-05-09,2023-05-11
R001109,O001567,4,"Excellent quality, will buy again.",2023-12-13,2023-12-13,2023-12-16
R001110,O001568,2,Decent but packaging could improve.,2023-11-25,2023-11-26,2023-11-29
R001111,O001569,4,Good value for money.,2024-03-02,2024-02-29,2024-03-01
R001112,O001570,5,"Great product, fast delivery!",2025-01-04,2025-01-04,2025-01-05
R001113,O001571,3,"Works fine, nothing special.",2024-07-02,2024-07-03,2024-07-06
R001114,O001576,5,"Excellent quality, will buy again.",2023-06-28,2023-06-26,2023-06-29
R001115,O001577,5,Exactly as described. Very happy.,2023-09-13,2023-09-11,2023-09-13
R001116,O001580,5,"Great product, fast delivery!",2024-11-17,2024-11-16,2024-11-20
R001117,O001582,2,Delivery took longer than expected.,2023-12-08,2023-12-10,2023-12-12
R001118,O001584,2,"Works fine, nothing special.",2023-02-02,2023-02-05,2023-02-08
R001119,O001586,3,"Works fine, nothing special.",2023-11-21,2023-11-22,2023-11-25
R001120,O001588,5,Loved it!,2023-05-26,2023-05-26,2023-05-27
R001121,O001589,4,Exactly as described. Very happy.,2023-01-30,2023-01-28,2023-01-31
R001122,O001590,4,Decent but packaging could improve.,2023-12-04,2023-12-07,2023-12-09
R001123,O001591,5,Good value for money.,2023-06-27,2023-06-26,2023-06-30
R001124,O001592,4,Exactly as described. Very happy.,2023-03-01,2023-02-27,2023-03-03
R001125,O001593,4,"Great product, fast delivery!",2024-06-21,2024-06-20,2024-06-23
R001126,O001594,3,"Works fine, nothing special.",2023-03-22,2023-03-23,2023-03-25
R001127,O001595,5,Exactly as described. Very happy.,2024-02-20,2024-02-18,2024-02-20
R001128,O001597,4,"Works fine, nothing special.",2023-05-08,2023-05-10,2023-05-14
R001129,O001599,2,"Product is okay, average quality.",2024-08-26,2024-08-29,2024-08-30
R001130,O001601,4,Exactly as described. Very happy.,2024-06-17,2024-06-17,2024-06-21
R001131,O001604,4,Exactly as described. Very happy.,2023-07-01,2023-06-30,2023-07-03
R001132,O001605,3,"Product is okay, average quality.",2024-04-08,2024-04-11,2024-04-14
R001133,O001606,3,Delivery took longer than expected.,2024-01-30,2024-01-29,2024-02-01
R001134,O001607,4,Decent but packaging could improve.,2024-11-22,2024-11-23,2024-11-27
R001135,O001608,5,"Excellent quality, will buy again.",2023-10-12,2023-10-10,2023-10-13
R001136,O001609,4,"Works fine, nothing special.",2023-02-07,2023-02-10,2023-02-13
R001137,O001611,1,Not worth the price.,2024-09-28,2024-10-07,2024-10-10
R001138,O001612,3,Delivery took longer than expected.,2023-12-09,2023-12-10,2023-12-13
R001139,O001613,3,Product quality not as expected.,2024-07-06,2024-07-12,2024-07-15
R001140,O001614,4,Loved it!,2023-06-11,2023-06-11,2023-06-12
R001141,O001616,3,Decent but packaging could improve.,2023-01-24,2023-01-25,2023-01-29
R001142,O001617,3,"Product is okay, average quality.",2024-12-29,2024-12-31,2025-01-04
R001143,O001619,5,"Excellent quality, will buy again.",2024-11-29,2024-11-27,2024-11-30
R001144,O001620,4,Good value for money.,2023-07-27,2023-07-26,2023-07-28
R001145,O001621,5,Exactly as described. Very happy.,2024-03-25,2024-03-24,2024-03-28
R001146,O001622,4,"Great product, fast delivery!",2024-04-29,2024-04-29,2024-05-03
R001147,O001623,4,Good value for money.,2023-08-11,2023-08-11,2023-08-15
R001148,O001624,4,Good value for money.,2024-10-12,2024-10-12,2024-10-16
R001149,O001625,5,"Great product, fast delivery!",2024-12-06,2024-12-06,2024-12-09
R001150,O001626,4,Decent but packaging could improve.,2024-11-07,2024-11-09,2024-11-10
R001151,O001628,2,Decent but packaging could improve.,2023-07-08,2023-07-09,2023-07-12
R001152,O001629,3,"Product is okay, average quality.",2023-07-31,2023-07-29,2023-08-02
R001153,O001630,3,"Works fine, nothing special.",2024-12-31,2024-12-30,2024-12-31
R001154,O001632,4,Good value for money.,2024-05-11,2024-05-09,2024-05-12
R001155,O001633,4,"Product is okay, average quality.",2024-05-18,2024-05-21,2024-05-22
R001156,O001634,3,"Product is okay, average quality.",2024-03-14,2024-03-17,2024-03-21
R001157,O001635,2,Decent but packaging could improve.,2024-12-18,2024-12-20,2024-12-21
R001158,O001636,3,"Works fine, nothing special.",2023-08-20,2023-08-22,2023-08-24
R001159,O001637,4,"Great product, fast delivery!",2023-09-07,2023-09-07,2023-09-11
R001160,O001638,5,Exactly as described. Very happy.,2023-03-20,2023-03-18,2023-03-20
R001161,O001640,4,"Works fine, nothing special.",2023-07-27,2023-07-28,2023-07-30
R001162,O001641,4,Good value for money.,2023-09-13,2023-09-12,2023-09-16
R001163,O001642,1,Received a damaged item.,2024-09-30,2024-10-08,2024-10-12
R001164,O001644,3,"Product is okay, average quality.",2023-05-30,2023-05-31,2023-06-04
R001165,O001648,5,Loved it!,2023-03-16,2023-03-15,2023-03-17
R001166,O001651,3,Delivery took longer than expected.,2023-04-25,2023-04-23,2023-04-25
R001167,O001652,3,Delivery took longer than expected.,2024-12-07,2024-12-05,2024-12-06
R001168,O001653,4,"Excellent quality, will buy again.",2023-11-08,2023-11-08,2023-11-09
R001169,O001654,4,"Excellent quality, will buy again.",2023-12-31,2023-12-31,2024-01-04
R001170,O001655,3,Delivery took longer than expected.,2023-07-14,2023-07-16,2023-07-20
R001171,O001656,2,Delivery took longer than expected.,2023-12-09,2023-12-12,2023-12-15
R001172,O001657,3,"Works fine, nothing special.",2024-04-17,2024-04-20,2024-04-24
R001173,O001661,3,Decent but packaging could improve.,2024-11-15,2024-11-18,2024-11-19
R001174,O001662,2,"Product is okay, average quality.",2024-09-16,2024-09-19,2024-09-23
R001175,O001664,5,Good value for money.,2023-03-03,2023-03-03,2023-03-06
R001176,O001665,3,"Product is okay, average quality.",2023-01-15,2023-01-16,2023-01-18
R001177,O001666,4,Good value for money.,2023-06-14,2023-06-13,2023-06-15
R001178,O001667,3,Decent but packaging could improve.,2024-04-18,2024-04-20,2024-04-21
R001179,O001670,4,"Works fine, nothing special.",2024-11-13,2024-11-15,2024-11-19
R001180,O001671,5,"Excellent quality, will buy again.",2024-11-17,2024-11-15,2024-11-17
R001181,O001673,5,"Great product, fast delivery!",2023-08-06,2023-08-05,2023-08-08
R001182,O001675,5,"Excellent quality, will buy again.",2023-07-10,2023-07-10,2023-07-14
R001183,O001677,5,Loved it!,2023-05-31,2023-05-29,2023-06-02
R001184,O001678,5,Loved it!,2023-09-22,2023-09-22,2023-09-25
R001185,O001679,4,Good value for money.,2023-12-01,2023-12-01,2023-12-04
R001186,O001680,1,Received a damaged item.,2024-09-12,2024-09-21,2024-09-23
R001187,O001681,4,Exactly as described. Very happy.,2023-04-13,2023-04-13,2023-04-16
R001188,O001682,3,"Product is okay, average quality.",2024-06-16,2024-06-14,2024-06-15
R001189,O001683,4,"Excellent quality, will buy again.",2023-12-27,2023-12-25,2023-12-29
R001190,O001684,4,Loved it!,2023-07-20,2023-07-19,2023-07-20
R001191,O001686,5,"Great product, fast delivery!",2023-08-20,2023-08-19,2023-08-21
R001192,O001687,2,Delivery took longer than expected.,2024-03-02,2024-03-05,2024-03-09
R001193,O001688,3,Decent but packaging could improve.,2023-11-20,2023-11-22,2023-11-23
R001194,O001690,4,"Product is okay, average quality.",2023-04-24,2023-04-25,2023-04-28
R001195,O001691,4,Delivery took longer than expected.,2024-01-16,2024-01-19,2024-01-21
R001196,O001692,5,Exactly as described. Very happy.,2024-11-14,2024-11-12,2024-11-14
R001197,O001694,5,Exactly as described. Very happy.,2024-06-21,2024-06-20,2024-06-23
R001198,O001695,4,"Great product, fast delivery!",2024-04-09,2024-04-07,2024-04-09
R001199,O001696,4,Loved it!,2024-11-12,2024-11-11,2024-11-13
R001200,O001698,5,"Excellent quality, will buy again.",2024-01-31,2024-01-29,2024-01-30
R001201,O001699,2,Decent but packaging could improve.,2024-04-20,2024-04-21,2024-04-25
R001202,O001700,5,Loved it!,2024-12-01,2024-11-29,2024-11-30
R001203,O001701,2,"Works fine, nothing special.",2023-10-23,2023-10-26,2023-10-30
R001204,O001702,4,Delivery took longer than expected.,2023-08-18,2023-08-20,2023-08-24
R001205,O001703,5,Loved it!,2023-01-20,2023-01-19,2023-01-22
R001206,O001704,3,"Poor packaging, item was scratched.",2024-09-29,2024-10-09,2024-10-13
R001207,O001708,3,"Works fine, nothing special.",2023-11-06,2023-11-09,2023-11-11
R001208,O001709,4,Delivery took longer than expected.,2023-04-28,2023-04-29,2023-04-30
R001209,O001710,3,"Works fine, nothing special.",2024-12-22,2024-12-24,2024-12-25
R001210,O001713,5,Loved it!,2024-02-27,2024-02-25,2024-02-29
R001211,O001714,5,"Excellent quality, will buy again.",2024-06-25,2024-06-23,2024-06-25
R001212,O001716,3,Decent but packaging could improve.,2024-04-29,2024-04-29,2024-05-03
R001213,O001718,4,"Works fine, nothing special.",2023-03-29,2023-03-31,2023-04-04
R001214,O001719,4,Loved it!,2023-05-29,2023-05-27,2023-05-28
R001215,O001720,4,Exactly as described. Very happy.,2024-01-21,2024-01-19,2024-01-21
R001216,O001721,4,Decent but packaging could improve.,2023-08-18,2023-08-19,2023-08-20
R001217,O001723,4,Delivery took longer than expected.,2024-09-20,2024-09-23,2024-09-26
R001218,O001724,5,"Great product, fast delivery!",2024-12-29,2024-12-29,2025-01-02
R001219,O001726,5,Loved it!,2024-12-23,2024-12-21,2024-12-22
R001220,O001729,3,"Product is okay, average quality.",2023-02-16,2023-02-18,2023-02-20
R001221,O001730,4,Delivery took longer than expected.,2023-03-06,2023-03-08,2023-03-12
R001222,O001731,5,Good value for money.,2024-05-11,2024-05-09,2024-05-12
R001223,O001733,5,Exactly as described. Very happy.,2023-06-19,2023-06-17,2023-06-19
R001224,O001734,3,Delivery took longer than expected.,2024-03-28,2024-03-30,2024-04-03
R001225,O001735,4,"Excellent quality, will buy again.",2023-07-11,2023-07-11,2023-07-15
R001226,O001738,1,Product quality not as expected.,2024-09-10,2024-09-15,2024-09-16
R001227,O001739,4,"Works fine, nothing special.",2024-09-16,2024-09-19,2024-09-22
R001228,O001740,4,"Product is okay, average quality.",2023-12-27,2023-12-29,2023-12-31
R001229,O001741,5,Exactly as described. Very happy.,2023-10-03,2023-10-02,2023-10-04
R001230,O001742,5,Loved it!,2023-09-09,2023-09-08,2023-09-09
R001231,O001743,1,Received a damaged item.,2024-08-17,2024-08-26,2024-08-30
R001232,O001744,5,"Great product, fast delivery!",2023-08-08,2023-08-08,2023-08-12
R001233,O001745,5,Exactly as described. Very happy.,2023-06-25,2023-06-25,2023-06-29
R001234,O001746,3,Decent but packaging could improve.,2023-03-21,2023-03-24,2023-03-25
R001235,O001747,5,"Great product, fast delivery!",2023-11-05,2023-11-04,2023-11-07
R001236,O001748,4,"Excellent quality, will buy again.",2023-12-29,2023-12-27,2023-12-29
R001237,O001749,5,Loved it!,2024-10-12,2024-10-10,2024-10-13
R001238,O001750,4,"Works fine, nothing special.",2023-06-07,2023-06-09,2023-06-10
R001239,O001751,5,Loved it!,2023-10-21,2023-10-21,2023-10-25
R001240,O001752,2,"Poor packaging, item was scratched.",2024-08-24,2024-09-03,2024-09-04
R001241,O001753,3,Delivery took longer than expected.,2024-09-19,2024-09-22,2024-09-23
R001242,O001755,3,"Works fine, nothing special.",2023-11-08,2023-11-09,2023-11-10
R001243,O001756,4,"Excellent quality, will buy again.",2023-08-17,2023-08-15,2023-08-18
R001244,O001757,4,Exactly as described. Very happy.,2024-12-05,2024-12-03,2024-12-04
R001245,O001758,5,Loved it!,2023-05-01,2023-05-01,2023-05-03
R001246,O001760,4,"Excellent quality, will buy again.",2024-05-01,2024-04-30,2024-05-04
R001247,O001762,3,Decent but packaging could improve.,2023-01-29,2023-01-31,2023-02-01
R001248,O001763,3,"Works fine, nothing special.",2023-12-29,2023-12-30,2024-01-03
R001249,O001765,3,"Product is okay, average quality.",2023-05-19,2023-05-17,2023-05-21
R001250,O001769,4,Exactly as described. Very happy.,2024-05-26,2024-05-25,2024-05-28
R001251,O001770,3,Delivery took longer than expected.,2023-02-21,2023-02-24,2023-02-25
R001252,O001771,3,"Product is okay, average quality.",2023-11-30,2023-11-29,2023-12-01
R001253,O001772,4,Exactly as described. Very happy.,2023-04-15,2023-04-14,2023-04-18
R001254,O001773,4,Good value for money.,2024-03-30,2024-03-30,2024-04-02
R001255,O001774,4,"Great product, fast delivery!",2024-12-23,2024-12-21,2024-12-24
R001256,O001776,3,"Product is okay, average quality.",2023-02-08,2023-02-10,2023-02-13
R001257,O001778,3,Delivery took longer than expected.,2024-01-15,2024-01-18,2024-01-19
R001258,O001780,1,"Poor packaging, item was scratched.",2024-09-27,2024-10-05,2024-10-06
R001259,O001781,1,Product quality not as expected.,2024-08-20,2024-08-27,2024-08-31
R001260,O001782,4,Decent but packaging could improve.,2024-03-10,2024-03-11,2024-03-14
R001261,O001783,3,"Product is okay, average quality.",2023-11-01,2023-11-02,2023-11-03
R001262,O001784,5,Good value for money.,2023-07-28,2023-07-26,2023-07-30
R001263,O001786,4,Good value for money.,2023-09-23,2023-09-23,2023-09-26
R001264,O001788,4,Decent but packaging could improve.,2024-05-01,2024-05-04,2024-05-08
R001265,O001791,3,Delivery took longer than expected.,2023-10-27,2023-10-28,2023-11-01
R001266,O001792,5,Good value for money.,2023-05-19,2023-05-18,2023-05-20
R001267,O001793,3,Decent but packaging could improve.,2023-05-15,2023-05-17,2023-05-20
R001268,O001794,2,Not worth the price.,2024-09-07,2024-09-13,2024-09-14
R001269,O001796,3,"Works fine, nothing special.",2023-11-13,2023-11-16,2023-11-19
R001270,O001797,4,Good value for money.,2023-05-26,2023-05-24,2023-05-28
R001271,O001798,2,"Works fine, nothing special.",2024-12-03,2024-12-06,2024-12-07
R001272,O001799,4,Delivery took longer than expected.,2024-01-24,2024-01-26,2024-01-30
R001273,O001801,5,Loved it!,2023-12-14,2023-12-12,2023-12-16
R001274,O001802,4,"Works fine, nothing special.",2024-06-18,2024-06-19,2024-06-22
R001275,O001803,5,"Excellent quality, will buy again.",2025-01-02,2024-12-31,2025-01-04
R001276,O001805,2,Delivery took longer than expected.,2024-11-25,2024-11-26,2024-11-30
R001277,O001806,4,Delivery took longer than expected.,2024-11-11,2024-11-13,2024-11-17
R001278,O001807,3,"Product is okay, average quality.",2024-11-22,2024-11-25,2024-11-26
R001279,O001808,5,Exactly as described. Very happy.,2024-03-12,2024-03-11,2024-03-12
R001280,O001812,4,"Works fine, nothing special.",2023-12-27,2023-12-29,2023-12-31
R001281,O001813,2,"Product is okay, average quality.",2024-04-25,2024-04-28,2024-05-02
R001282,O001814,5,"Excellent quality, will buy again.",2023-11-22,2023-11-22,2023-11-24
R001283,O001816,1,Product quality not as expected.,2024-09-21,2024-09-27,2024-09-28
R001284,O001817,4,Loved it!,2023-04-12,2023-04-11,2023-04-13
R001285,O001818,3,"Poor packaging, item was scratched.",2024-09-17,2024-09-24,2024-09-25
R001286,O001819,4,"Product is okay, average quality.",2024-01-30,2024-02-02,2024-02-06
R001287,O001821,2,Delivery took longer than expected.,2023-11-08,2023-11-11,2023-11-12
R001288,O001822,4,Decent but packaging could improve.,2023-10-23,2023-10-25,2023-10-27
R001289,O001823,4,Good value for money.,2024-11-15,2024-11-15,2024-11-19
R001290,O001825,4,Loved it!,2024-10-19,2024-10-18,2024-10-21
R001291,O001826,5,Loved it!,2023-12-26,2023-12-25,2023-12-28
R001292,O001827,2,"Product is okay, average quality.",2023-12-18,2023-12-19,2023-12-20
R001293,O001828,3,Decent but packaging could improve.,2023-08-24,2023-08-24,2023-08-27
R001294,O001829,2,"Works fine, nothing special.",2024-02-16,2024-02-18,2024-02-21
R001295,O001830,4,"Great product, fast delivery!",2023-08-28,2023-08-26,2023-08-27
R001296,O001831,3,Decent but packaging could improve.,2023-02-10,2023-02-09,2023-02-12
R001297,O001832,5,Loved it!,2023-07-21,2023-07-20,2023-07-21
R001298,O001834,4,Good value for money.,2024-12-22,2024-12-21,2024-12-25
R001299,O001835,4,Exactly as described. Very happy.,2024-12-13,2024-12-12,2024-12-15
R001300,O001836,2,"Works fine, nothing special.",2023-10-28,2023-10-29,2023-11-02
R001301,O001837,4,"Excellent quality, will buy again.",2024-07-01,2024-06-29,2024-06-30
R001302,O001839,3,Delivery took longer than expected.,2024-05-02,2024-05-05,2024-05-07
R001303,O001840,1,"Very late delivery, disappointed.",2024-08-08,2024-08-14,2024-08-18
R001304,O001841,4,Loved it!,2024-12-10,2024-12-08,2024-12-11
R001305,O001842,2,Delivery took longer than expected.,2023-10-24,2023-10-25,2023-10-27
R001306,O001843,1,Product quality not as expected.,2024-07-28,2024-08-07,2024-08-11
R001307,O001844,4,"Product is okay, average quality.",2023-07-13,2023-07-16,2023-07-19
R001308,O001849,3,Decent but packaging could improve.,2024-05-08,2024-05-08,2024-05-12
R001309,O001851,3,"Product is okay, average quality.",2024-12-26,2024-12-28,2025-01-01
R001310,O001852,5,Exactly as described. Very happy.,2023-05-08,2023-05-08,2023-05-09
R001311,O001854,5,"Excellent quality, will buy again.",2023-06-29,2023-06-27,2023-06-29
R001312,O001856,4,"Product is okay, average quality.",2024-01-24,2024-01-26,2024-01-30
R001313,O001857,5,Exactly as described. Very happy.,2023-11-27,2023-11-25,2023-11-26
R001314,O001858,5,Loved it!,2023-05-30,2023-05-29,2023-06-02
R001315,O001860,5,"Great product, fast delivery!",2023-11-20,2023-11-20,2023-11-22
R001316,O001861,5,"Excellent quality, will buy again.",2024-06-08,2024-06-07,2024-06-08
R001317,O001862,3,"Works fine, nothing special.",2024-11-27,2024-11-30,2024-12-03
R001318,O001863,4,Exactly as described. Very happy.,2023-03-19,2023-03-19,2023-03-20
R001319,O001864,4,Loved it!,2023-11-02,2023-11-02,2023-11-06
R001320,O001866,3,"Product is okay, average quality.",2023-01-28,2023-01-31,2023-02-01
R001321,O001868,4,"Works fine, nothing special.",2024-02-10,2024-02-11,2024-02-13
R001322,O001869,4,"Great product, fast delivery!",2023-05-27,2023-05-27,2023-05-28
R001323,O001870,3,"Works fine, nothing special.",2023-06-07,2023-06-06,2023-06-10
R001324,O001873,5,"Excellent quality, will buy again.",2024-12-15,2024-12-15,2024-12-16
R001325,O001875,4,"Works fine, nothing special.",2023-06-15,2023-06-18,2023-06-19
R001326,O001876,4,Decent but packaging could improve.,2024-10-21,2024-10-23,2024-10-26
R001327,O001877,5,"Great product, fast delivery!",2024-11-13,2024-11-12,2024-11-15
R001328,O001879,4,"Excellent quality, will buy again.",2023-02-25,2023-02-24,2023-02-26
R001329,O001882,2,"Product is okay, average quality.",2023-10-11,2023-10-13,2023-10-17
R001330,O001883,4,Exactly as described. Very happy.,2023-01-06,2023-01-04,2023-01-07
R001331,O001884,4,Delivery took longer than expected.,2024-02-17,2024-02-19,2024-02-21
R001332,O001885,2,"Works fine, nothing special.",2023-01-25,2023-01-26,2023-01-27
R001333,O001886,1,Not worth the price.,2024-07-25,2024-08-02,2024-08-03
R001334,O001889,4,"Great product, fast delivery!",2024-02-16,2024-02-14,2024-02-17
R001335,O001890,3,"Product is okay, average quality.",2023-10-25,2023-10-28,2023-11-01
R001336,O001895,3,"Works fine, nothing special.",2023-07-30,2023-08-01,2023-08-03
R001337,O001897,4,Delivery took longer than expected.,2023-10-26,2023-10-28,2023-10-31
R001338,O001898,4,Delivery took longer than expected.,2024-01-21,2024-01-23,2024-01-24
R001339,O001899,4,Delivery took longer than expected.,2023-02-18,2023-02-20,2023-02-23
R001340,O001900,4,"Excellent quality, will buy again.",2023-12-01,2023-11-30,2023-12-02
R001341,O001901,3,Decent but packaging could improve.,2024-09-08,2024-09-11,2024-09-13
R001342,O001902,2,Not worth the price.,2024-08-10,2024-08-18,2024-08-20
R001343,O001904,5,Loved it!,2023-06-22,2023-06-22,2023-06-25
R001344,O001905,1,"Very late delivery, disappointed.",2024-09-17,2024-09-21,2024-09-25
R001345,O001906,4,"Works fine, nothing special.",2024-11-17,2024-11-19,2024-11-20
R001346,O001907,3,Delivery took longer than expected.,2023-03-15,2023-03-17,2023-03-18
R001347,O001908,3,"Works fine, nothing special.",2023-11-11,2023-11-11,2023-11-14
R001348,O001909,3,Delivery took longer than expected.,2023-09-17,2023-09-17,2023-09-20
R001349,O001915,3,"Works fine, nothing special.",2023-12-16,2023-12-15,2023-12-17
R001350,O001916,3,Decent but packaging could improve.,2023-11-18,2023-11-17,2023-11-18
R001351,O001917,3,"Product is okay, average quality.",2023-09-11,2023-09-14,2023-09-16
R001352,O001918,3,"Works fine, nothing special.",2023-10-30,2023-11-02,2023-11-06
R001353,O001919,2,"Works fine, nothing special.",2023-12-23,2023-12-26,2023-12-30
R001354,O001923,5,Exactly as described. Very happy.,2024-06-12,2024-06-11,2024-06-14
R001355,O001927,4,Decent but packaging could improve.,2023-09-19,2023-09-22,2023-09-24
R001356,O001928,4,Loved it!,2023-10-12,2023-10-12,2023-10-16
R001357,O001930,4,Loved it!,2023-02-17,2023-02-16,2023-02-20
R001358,O001931,3,"Product is okay, average quality.",2023-01-23,2023-01-24,2023-01-27
R001359,O001932,4,Decent but packaging could improve.,2023-10-28,2023-10-31,2023-11-02
R001360,O001933,5,Loved it!,2024-05-29,2024-05-28,2024-05-29
R001361,O001934,5,Loved it!,2023-06-08,2023-06-08,2023-06-09
R001362,O001935,5,Exactly as described. Very happy.,2024-03-30,2024-03-29,2024-04-02
R001363,O001936,5,"Great product, fast delivery!",2023-07-13,2023-07-11,2023-07-12
R001364,O001937,5,Loved it!,2024-11-09,2024-11-07,2024-11-08
R001365,O001938,3,Decent but packaging could improve.,2024-11-25,2024-11-28,2024-12-02
R001366,O001939,4,"Works fine, nothing special.",2023-09-02,2023-09-03,2023-09-05
R001367,O001940,5,Good value for money.,2023-06-28,2023-06-27,2023-07-01
R001368,O001942,5,Exactly as described. Very happy.,2023-06-27,2023-06-26,2023-06-29
R001369,O001943,5,"Excellent quality, will buy again.",2024-04-06,2024-04-04,2024-04-08
R001370,O001944,4,"Product is okay, average quality.",2024-10-02,2024-10-05,2024-10-08
R001371,O001946,3,Received a damaged item.,2024-09-22,2024-09-26,2024-09-28
R001372,O001949,4,"Great product, fast delivery!",2024-06-09,2024-06-08,2024-06-09
R001373,O001950,5,"Excellent quality, will buy again.",2023-09-13,2023-09-12,2023-09-16
R001374,O001951,5,Exactly as described. Very happy.,2024-04-23,2024-04-21,2024-04-25
R001375,O001952,3,"Product is okay, average quality.",2023-07-09,2023-07-10,2023-07-11
R001376,O001953,3,Decent but packaging could improve.,2023-03-09,2023-03-11,2023-03-13
R001377,O001954,4,Exactly as described. Very happy.,2024-12-21,2024-12-20,2024-12-23
R001378,O001955,5,"Excellent quality, will buy again.",2023-05-19,2023-05-19,2023-05-21
R001379,O001956,4,Decent but packaging could improve.,2024-12-27,2024-12-30,2025-01-03
R001380,O001957,2,"Works fine, nothing special.",2024-12-25,2024-12-28,2025-01-01
R001381,O001958,2,Product quality not as expected.,2024-07-08,2024-07-16,2024-07-17
R001382,O001959,5,Good value for money.,2024-04-21,2024-04-20,2024-04-22
R001383,O001961,3,Delivery took longer than expected.,2024-10-27,2024-10-28,2024-11-01
R001384,O001963,4,"Great product, fast delivery!",2023-11-23,2023-11-21,2023-11-23
R001385,O001964,4,"Product is okay, average quality.",2024-03-25,2024-03-27,2024-03-28
R001386,O001965,4,Decent but packaging could improve.,2023-11-24,2023-11-25,2023-11-29
R001387,O001966,4,Exactly as described. Very happy.,2023-11-08,2023-11-06,2023-11-09
R001388,O001967,4,"Works fine, nothing special.",2023-08-18,2023-08-19,2023-08-21
R001389,O001968,5,Exactly as described. Very happy.,2024-01-20,2024-01-20,2024-01-21
R001390,O001970,4,"Excellent quality, will buy again.",2023-06-11,2023-06-10,2023-06-11
R001391,O001971,4,"Works fine, nothing special.",2024-11-23,2024-11-25,2024-11-27
R001392,O001972,3,"Works fine, nothing special.",2024-05-29,2024-06-01,2024-06-05
R001393,O001973,2,Not worth the price.,2024-09-14,2024-09-21,2024-09-23
R001394,O001974,4,"Excellent quality, will buy again.",2024-01-17,2024-01-17,2024-01-21
R001395,O001976,5,Exactly as described. Very happy.,2023-01-30,2023-01-30,2023-02-01
R001396,O001977,1,Product quality not as expected.,2024-09-17,2024-09-25,2024-09-29
R001397,O001978,4,Good value for money.,2023-02-06,2023-02-06,2023-02-08
R001398,O001979,3,"Product is okay, average quality.",2024-11-28,2024-11-30,2024-12-02
R001399,O001980,4,Good value for money.,2024-12-12,2024-12-10,2024-12-12
R001400,O001981,5,"Excellent quality, will buy again.",2023-08-11,2023-08-11,2023-08-13
R001401,O001982,4,"Excellent quality, will buy again.",2023-06-28,2023-06-27,2023-07-01
R001402,O001983,5,"Excellent quality, will buy again.",2024-06-28,2024-06-26,2024-06-28
R001403,O001986,4,Decent but packaging could improve.,2023-03-11,2023-03-12,2023-03-13
R001404,O001988,5,Good value for money.,2025-01-02,2025-01-01,2025-01-03
R001405,O001989,4,"Excellent quality, will buy again.",2024-04-08,2024-04-07,2024-04-10
R001406,O001990,5,"Great product, fast delivery!",2024-10-05,2024-10-05,2024-10-09
R001407,O001991,5,"Excellent quality, will buy again.",2023-08-16,2023-08-15,2023-08-17
R001408,O001992,4,"Great product, fast delivery!",2024-05-01,2024-04-29,2024-05-03
R001409,O001993,4,Exactly as described. Very happy.,2024-02-06,2024-02-06,2024-02-09
R001410,O001995,5,Loved it!,2024-05-01,2024-04-29,2024-05-02
R001411,O001996,5,"Excellent quality, will buy again.",2024-02-20,2024-02-20,2024-02-22
R001412,O001997,5,Good value for money.,2023-11-22,2023-11-22,2023-11-25
R001413,O001999,4,Loved it!,2024-06-10,2024-06-08,2024-06-10
R001414,O002000,5,"Great product, fast delivery!",2023-07-01,2023-07-01,2023-07-03
R001415,O002001,4,Loved it!,2024-05-28,2024-05-27,2024-05-28
R001416,O002004,3,"Product is okay, average quality.",2024-06-13,2024-06-15,2024-06-16
R001417,O002005,4,Decent but packaging could improve.,2023-06-24,2023-06-27,2023-06-28
R001418,O002006,3,Delivery took longer than expected.,2023-02-11,2023-02-14,2023-02-17
R001419,O002007,4,Loved it!,2023-04-13,2023-04-11,2023-04-15
R001420,O002008,5,Good value for money.,2024-03-03,2024-03-03,2024-03-06
R001421,O002009,2,"Product is okay, average quality.",2024-10-20,2024-10-21,2024-10-25
R001422,O002010,5,"Excellent quality, will buy again.",2023-03-02,2023-03-01,2023-03-03
R001423,O002011,4,Delivery took longer than expected.,2024-06-14,2024-06-15,2024-06-16
R001424,O002013,4,Good value for money.,2023-12-21,2023-12-19,2023-12-21
R001425,O002014,4,Decent but packaging could improve.,2024-11-14,2024-11-17,2024-11-21
R001426,O002015,5,"Excellent quality, will buy again.",2023-09-17,2023-09-17,2023-09-18
R001427,O002016,3,"Works fine, nothing special.",2023-11-27,2023-11-28,2023-11-29
R001428,O002017,4,Exactly as described. Very happy.,2023-01-17,2023-01-15,2023-01-17
R001429,O002019,5,Loved it!,2023-07-28,2023-07-28,2023-08-01
R001430,O002020,4,"Works fine, nothing special.",2023-01-16,2023-01-19,2023-01-23
R001431,O002021,5,Exactly as described. Very happy.,2024-03-27,2024-03-25,2024-03-27
R001432,O002022,4,"Works fine, nothing special.",2023-11-14,2023-11-17,2023-11-18
R001433,O002023,3,"Product is okay, average quality.",2024-01-15,2024-01-18,2024-01-19
R001434,O002024,5,Exactly as described. Very happy.,2023-05-08,2023-05-06,2023-05-10
R001435,O002025,5,"Excellent quality, will buy again.",2023-08-26,2023-08-24,2023-08-26
R001436,O002026,3,"Product is okay, average quality.",2024-05-05,2024-05-07,2024-05-09
R001437,O002027,5,Good value for money.,2024-12-16,2024-12-16,2024-12-17
R001438,O002028,4,Loved it!,2023-02-19,2023-02-18,2023-02-19
R001439,O002030,4,"Works fine, nothing special.",2024-02-19,2024-02-21,2024-02-24
R001440,O002031,3,Decent but packaging could improve.,2024-01-23,2024-01-25,2024-01-29
R001441,O002032,4,"Great product, fast delivery!",2023-12-25,2023-12-25,2023-12-29
R001442,O002033,2,Delivery took longer than expected.,2023-02-08,2023-02-09,2023-02-13
R001443,O002036,5,Loved it!,2023-09-27,2023-09-26,2023-09-27
R001444,O002038,4,Delivery took longer than expected.,2023-10-28,2023-10-29,2023-11-02
R001445,O002040,5,Loved it!,2024-05-28,2024-05-26,2024-05-27
R001446,O002041,4,Delivery took longer than expected.,2023-09-03,2023-09-04,2023-09-06
R001447,O002042,4,Exactly as described. Very happy.,2023-12-28,2023-12-27,2023-12-31
R001448,O002043,5,Good value for money.,2024-05-20,2024-05-18,2024-05-20
R001449,O002045,1,"Very late delivery, disappointed.",2024-07-30,2024-08-05,2024-08-09
R001450,O002048,3,Decent but packaging could improve.,2024-12-09,2024-12-11,2024-12-12
R001451,O002049,3,Decent but packaging could improve.,2023-08-30,2023-08-30,2023-09-01
R001452,O002050,4,"Product is okay, average quality.",2023-01-29,2023-01-30,2023-02-02
R001453,O002051,3,Decent but packaging could improve.,2023-07-24,2023-07-25,2023-07-26
R001454,O002052,3,"Works fine, nothing special.",2023-06-20,2023-06-21,2023-06-25
R001455,O002053,5,Loved it!,2024-04-13,2024-04-11,2024-04-14
R001456,O002054,5,"Great product, fast delivery!",2024-03-13,2024-03-11,2024-03-15
R001457,O002055,5,Good value for money.,2024-03-03,2024-03-03,2024-03-04
R001458,O002057,3,Decent but packaging could improve.,2024-06-23,2024-06-26,2024-06-30
R001459,O002058,4,"Excellent quality, will buy again.",2023-09-02,2023-09-02,2023-09-03
R001460,O002059,4,"Works fine, nothing special.",2024-04-22,2024-04-25,2024-04-27
R001461,O002061,5,"Great product, fast delivery!",2023-09-13,2023-09-11,2023-09-13
R001462,O002062,2,Decent but packaging could improve.,2023-04-27,2023-04-29,2023-05-03
R001463,O002067,5,"Excellent quality, will buy again.",2023-03-18,2023-03-17,2023-03-21
R001464,O002068,3,Delivery took longer than expected.,2023-10-30,2023-10-31,2023-11-01
R001465,O002069,5,Good value for money.,2024-06-25,2024-06-23,2024-06-27
R001466,O002070,2,Not worth the price.,2024-07-09,2024-07-13,2024-07-15
R001467,O002071,4,Exactly as described. Very happy.,2023-04-08,2023-04-06,2023-04-09
R001468,O002072,4,Delivery took longer than expected.,2023-01-31,2023-02-03,2023-02-04
R001469,O002074,4,Exactly as described. Very happy.,2023-09-26,2023-09-25,2023-09-26
R001470,O002075,5,Exactly as described. Very happy.,2023-07-29,2023-07-29,2023-08-01
R001471,O002076,5,"Great product, fast delivery!",2023-01-27,2023-01-25,2023-01-28
R001472,O002077,2,"Product is okay, average quality.",2024-01-21,2024-01-23,2024-01-24
R001473,O002079,3,"Works fine, nothing special.",2024-12-31,2025-01-02,2025-01-06
R001474,O002080,4,Loved it!,2024-01-12,2024-01-11,2024-01-15
R001475,O002081,5,Good value for money.,2023-12-29,2023-12-29,2023-12-30
R001476,O002082,5,"Great product, fast delivery!",2023-03-19,2023-03-18,2023-03-20
R001477,O002083,4,Loved it!,2024-01-12,2024-01-11,2024-01-13
R001478,O002084,3,"Product is okay, average quality.",2023-10-23,2023-10-21,2023-10-22
R001479,O002085,4,Exactly as described. Very happy.,2024-02-27,2024-02-26,2024-02-28
R001480,O002086,4,Delivery took longer than expected.,2023-10-16,2023-10-18,2023-10-19
R001481,O002088,4,Decent but packaging could improve.,2023-03-27,2023-03-30,2023-03-31
R001482,O002089,3,"Works fine, nothing special.",2023-08-12,2023-08-14,2023-08-17
R001483,O002090,3,"Works fine, nothing special.",2023-03-14,2023-03-15,2023-03-17
R001484,O002092,3,Delivery took longer than expected.,2024-12-11,2024-12-14,2024-12-17
R001485,O002093,2,"Works fine, nothing special.",2023-11-05,2023-11-07,2023-11-09
R001486,O002094,3,Delivery took longer than expected.,2024-01-06,2024-01-06,2024-01-10
R001487,O002095,2,"Works fine, nothing special.",2024-10-27,2024-10-30,2024-10-31
R001488,O002096,5,"Excellent quality, will buy again.",2024-12-12,2024-12-11,2024-12-13
R001489,O002098,1,Product quality not as expected.,2024-08-05,2024-08-10,2024-08-13
R001490,O002099,4,Good value for money.,2023-08-08,2023-08-08,2023-08-12
R001491,O002101,5,"Excellent quality, will buy again.",2023-10-22,2023-10-20,2023-10-23
R001492,O002102,4,Decent but packaging could improve.,2024-04-20,2024-04-23,2024-04-24
R001493,O002104,5,Loved it!,2023-08-15,2023-08-13,2023-08-15
R001494,O002105,4,"Great product, fast delivery!",2023-04-05,2023-04-05,2023-04-09
R001495,O002106,4,"Product is okay, average quality.",2024-03-25,2024-03-26,2024-03-27
R001496,O002107,3,Delivery took longer than expected.,2023-04-22,2023-04-21,2023-04-25
R001497,O002108,4,Good value for money.,2024-02-14,2024-02-14,2024-02-15
R001498,O002109,5,Good value for money.,2024-05-20,2024-05-19,2024-05-20
R001499,O002110,5,Good value for money.,2024-05-27,2024-05-26,2024-05-30
R001500,O002112,4,Decent but packaging could improve.,2024-10-29,2024-10-31,2024-11-03
R001501,O002113,4,"Great product, fast delivery!",2023-12-12,2023-12-11,2023-12-13
R001502,O002114,3,Delivery took longer than expected.,2024-06-09,2024-06-09,2024-06-12
R001503,O002115,4,"Great product, fast delivery!",2024-03-10,2024-03-09,2024-03-11
R001504,O002116,4,Good value for money.,2023-05-11,2023-05-10,2023-05-11
R001505,O002120,4,"Great product, fast delivery!",2024-03-28,2024-03-28,2024-03-30
R001506,O002121,4,Loved it!,2024-10-14,2024-10-12,2024-10-13
R001507,O002123,3,"Works fine, nothing special.",2023-04-17,2023-04-18,2023-04-19
R001508,O002125,5,Loved it!,2023-03-11,2023-03-09,2023-03-11
R001509,O002127,5,Good value for money.,2024-02-16,2024-02-14,2024-02-15
R001510,O002128,5,Good value for money.,2024-01-15,2024-01-15,2024-01-16
R001511,O002129,5,Loved it!,2023-03-29,2023-03-27,2023-03-29
R001512,O002130,3,Delivery took longer than expected.,2023-02-20,2023-02-21,2023-02-24
R001513,O002133,2,Delivery took longer than expected.,2024-01-25,2024-01-26,2024-01-29
R001514,O002135,4,"Excellent quality, will buy again.",2024-03-07,2024-03-05,2024-03-08
R001515,O002136,1,"Very late delivery, disappointed.",2024-09-11,2024-09-18,2024-09-20
R001516,O002137,4,"Product is okay, average quality.",2023-02-22,2023-02-24,2023-02-25
R001517,O002138,5,"Great product, fast delivery!",2023-12-08,2023-12-08,2023-12-11
R001518,O002139,4,Delivery took longer than expected.,2024-05-16,2024-05-19,2024-05-21
R001519,O002140,3,"Product is okay, average quality.",2023-07-11,2023-07-14,2023-07-18
R001520,O002141,5,Exactly as described. Very happy.,2023-08-09,2023-08-09,2023-08-13
R001521,O002142,3,Decent but packaging could improve.,2024-03-11,2024-03-13,2024-03-17
R001522,O002143,2,Decent but packaging could improve.,2024-11-28,2024-11-30,2024-12-01
R001523,O002144,2,"Very late delivery, disappointed.",2024-08-30,2024-09-09,2024-09-12
R001524,O002145,3,Delivery took longer than expected.,2024-02-20,2024-02-22,2024-02-23
R001525,O002146,5,"Great product, fast delivery!",2024-06-27,2024-06-26,2024-06-29
R001526,O002147,3,Decent but packaging could improve.,2023-09-08,2023-09-09,2023-09-12
R001527,O002148,4,"Excellent quality, will buy again.",2024-03-29,2024-03-28,2024-04-01
R001528,O002149,2,"Works fine, nothing special.",2023-12-03,2023-12-06,2023-12-09
R001529,O002150,2,Decent but packaging could improve.,2023-05-10,2023-05-11,2023-05-12
R001530,O002151,5,Good value for money.,2024-05-08,2024-05-07,2024-05-10
R001531,O002152,4,"Works fine, nothing special.",2024-01-25,2024-01-27,2024-01-28
R001532,O002153,5,Loved it!,2023-09-30,2023-09-29,2023-09-30
R001533,O002155,3,Decent but packaging could improve.,2023-01-22,2023-01-23,2023-01-24
R001534,O002156,2,"Works fine, nothing special.",2023-08-29,2023-09-01,2023-09-04
R001535,O002157,5,Good value for money.,2023-02-25,2023-02-23,2023-02-24
R001536,O002158,5,Good value for money.,2024-06-15,2024-06-14,2024-06-18
R001537,O002160,3,"Product is okay, average quality.",2023-08-31,2023-08-30,2023-08-31
R001538,O002165,4,"Works fine, nothing special.",2023-11-14,2023-11-15,2023-11-17
R001539,O002167,3,"Product is okay, average quality.",2023-07-17,2023-07-20,2023-07-21
R001540,O002168,4,"Works fine, nothing special.",2023-04-17,2023-04-19,2023-04-22
R001541,O002169,2,"Product is okay, average quality.",2024-02-14,2024-02-15,2024-02-17
R001542,O002171,5,Good value for money.,2023-11-02,2023-11-01,2023-11-02
R001543,O002173,3,"Product is okay, average quality.",2023-09-20,2023-09-20,2023-09-21
R001544,O002174,3,Decent but packaging could improve.,2023-12-08,2023-12-09,2023-12-13
R001545,O002175,3,Decent but packaging could improve.,2023-05-14,2023-05-16,2023-05-20
R001546,O002176,3,Decent but packaging could improve.,2024-04-18,2024-04-20,2024-04-21
R001547,O002177,4,"Excellent quality, will buy again.",2025-01-04,2025-01-02,2025-01-06
R001548,O002178,5,"Great product, fast delivery!",2023-11-12,2023-11-10,2023-11-14
R001549,O002179,3,"Product is okay, average quality.",2023-09-25,2023-09-23,2023-09-27
R001550,O002180,5,Good value for money.,2023-10-27,2023-10-26,2023-10-29
R001551,O002182,2,Delivery took longer than expected.,2024-11-13,2024-11-15,2024-11-17
R001552,O002185,2,"Product is okay, average quality.",2024-04-30,2024-05-01,2024-05-02
R001553,O002186,4,"Product is okay, average quality.",2023-11-06,2023-11-07,2023-11-11
R001554,O002187,3,Decent but packaging could improve.,2024-04-05,2024-04-03,2024-04-04
R001555,O002189,3,Received a damaged item.,2024-08-12,2024-08-16,2024-08-19
R001556,O002190,5,Exactly as described. Very happy.,2024-12-19,2024-12-17,2024-12-20
R001557,O002192,4,Decent but packaging could improve.,2024-12-11,2024-12-12,2024-12-14
R001558,O002193,4,Loved it!,2023-04-29,2023-04-28,2023-05-01
R001559,O002194,2,Decent but packaging could improve.,2023-12-24,2023-12-27,2023-12-30
R001560,O002196,5,Loved it!,2024-03-04,2024-03-03,2024-03-04
R001561,O002197,2,"Product is okay, average quality.",2023-10-13,2023-10-16,2023-10-18
R001562,O002198,5,"Excellent quality, will buy again.",2023-09-08,2023-09-08,2023-09-09
R001563,O002201,4,Loved it!,2023-05-10,2023-05-10,2023-05-12
R001564,O002202,3,"Works fine, nothing special.",2024-06-18,2024-06-21,2024-06-24
R001565,O002203,4,"Works fine, nothing special.",2023-06-10,2023-06-13,2023-06-14
R001566,O002204,4,"Works fine, nothing special.",2023-02-19,2023-02-22,2023-02-24
R001567,O002206,2,Delivery took longer than expected.,2024-02-29,2024-03-01,2024-03-04
R001568,O002208,3,Delivery took longer than expected.,2024-02-27,2024-03-01,2024-03-04
R001569,O002209,4,Delivery took longer than expected.,2023-09-26,2023-09-29,2023-10-01
R001570,O002210,1,Received a damaged item.,2024-09-01,2024-09-10,2024-09-12
R001571,O002212,2,"Works fine, nothing special.",2023-04-02,2023-04-03,2023-04-07
R001572,O002213,3,"Product is okay, average quality.",2024-01-19,2024-01-19,2024-01-21
R001573,O002214,3,Delivery took longer than expected.,2024-11-16,2024-11-18,2024-11-19
R001574,O002215,4,"Works fine, nothing special.",2023-10-16,2023-10-18,2023-10-22
R001575,O002216,4,"Product is okay, average quality.",2023-08-16,2023-08-17,2023-08-20
R001576,O002217,3,"Product is okay, average quality.",2023-04-29,2023-05-01,2023-05-05
R001577,O002218,4,Good value for money.,2023-04-20,2023-04-20,2023-04-22
R001578,O002219,3,"Product is okay, average quality.",2023-11-06,2023-11-09,2023-11-13
R001579,O002220,3,"Product is okay, average quality.",2024-02-15,2024-02-15,2024-02-19
R001580,O002221,4,Exactly as described. Very happy.,2023-03-25,2023-03-25,2023-03-29
R001581,O002223,4,Delivery took longer than expected.,2024-07-04,2024-07-05,2024-07-09
R001582,O002225,1,Received a damaged item.,2024-09-18,2024-09-22,2024-09-25
R001583,O002226,4,"Product is okay, average quality.",2023-03-15,2023-03-16,2023-03-18
R001584,O002227,5,"Excellent quality, will buy again.",2023-12-25,2023-12-25,2023-12-29
R001585,O002228,4,"Works fine, nothing special.",2024-03-28,2024-03-31,2024-04-04
R001586,O002229,1,Received a damaged item.,2024-09-23,2024-10-01,2024-10-03
R001587,O002230,1,"Very late delivery, disappointed.",2024-08-01,2024-08-09,2024-08-11
R001588,O002231,4,"Great product, fast delivery!",2023-07-20,2023-07-18,2023-07-19
R001589,O002232,5,"Great product, fast delivery!",2025-01-01,2024-12-30,2024-12-31
R001590,O002234,4,"Product is okay, average quality.",2024-10-09,2024-10-10,2024-10-14
R001591,O002236,4,"Works fine, nothing special.",2023-05-31,2023-06-02,2023-06-04
R001592,O002237,5,Loved it!,2024-05-09,2024-05-09,2024-05-10
R001593,O002238,3,Delivery took longer than expected.,2023-02-18,2023-02-16,2023-02-17
R001594,O002239,4,Delivery took longer than expected.,2023-10-11,2023-10-14,2023-10-16
R001595,O002240,4,"Works fine, nothing special.",2023-12-09,2023-12-12,2023-12-13
R001596,O002241,4,Delivery took longer than expected.,2024-02-27,2024-02-28,2024-03-01
R001597,O002242,4,"Great product, fast delivery!",2024-11-28,2024-11-26,2024-11-29
R001598,O002243,3,"Product is okay, average quality.",2024-04-10,2024-04-12,2024-04-16
R001599,O002244,2,Delivery took longer than expected.,2023-12-09,2023-12-12,2023-12-16
R001600,O002247,5,Good value for money.,2023-01-08,2023-01-08,2023-01-09
R001601,O002248,5,"Great product, fast delivery!",2024-12-31,2024-12-30,2025-01-01
R001602,O002249,4,Good value for money.,2023-03-19,2023-03-17,2023-03-19
R001603,O002252,4,"Works fine, nothing special.",2023-04-10,2023-04-12,2023-04-15
R001604,O002253,3,"Works fine, nothing special.",2023-11-07,2023-11-08,2023-11-09
R001605,O002254,4,"Excellent quality, will buy again.",2024-03-28,2024-03-26,2024-03-28
R001606,O002255,4,"Great product, fast delivery!",2023-10-21,2023-10-21,2023-10-25
R001607,O002256,3,Delivery took longer than expected.,2023-02-27,2023-02-28,2023-03-03
R001608,O002257,3,"Works fine, nothing special.",2024-02-06,2024-02-07,2024-02-11
R001609,O002258,4,"Excellent quality, will buy again.",2024-11-17,2024-11-15,2024-11-17
R001610,O002259,4,"Product is okay, average quality.",2023-10-11,2023-10-13,2023-10-15
R001611,O002260,4,"Excellent quality, will buy again.",2023-06-19,2023-06-19,2023-06-21
R001612,O002261,4,"Product is okay, average quality.",2023-11-25,2023-11-26,2023-11-28
R001613,O002262,3,Delivery took longer than expected.,2023-02-13,2023-02-15,2023-02-19
R001614,O002265,4,Decent but packaging could improve.,2024-03-03,2024-03-05,2024-03-07
R001615,O002267,3,Product quality not as expected.,2024-08-25,2024-09-02,2024-09-06
R001616,O002270,4,Exactly as described. Very happy.,2024-03-17,2024-03-17,2024-03-20
R001617,O002271,1,Not worth the price.,2024-07-20,2024-07-29,2024-08-02
R001618,O002272,3,"Product is okay, average quality.",2024-03-03,2024-03-01,2024-03-04
R001619,O002273,4,"Great product, fast delivery!",2023-12-01,2023-11-30,2023-12-04
R001620,O002274,4,Loved it!,2024-12-23,2024-12-21,2024-12-22
R001621,O002277,3,"Works fine, nothing special.",2023-06-10,2023-06-12,2023-06-16
R001622,O002278,5,Exactly as described. Very happy.,2024-03-27,2024-03-27,2024-03-30
R001623,O002279,3,"Works fine, nothing special.",2024-02-24,2024-02-27,2024-02-29
R001624,O002281,3,"Works fine, nothing special.",2023-02-08,2023-02-10,2023-02-11
R001625,O002282,4,Loved it!,2024-02-17,2024-02-17,2024-02-18
R001626,O002283,3,Decent but packaging could improve.,2024-06-15,2024-06-13,2024-06-17
R001627,O002285,4,Delivery took longer than expected.,2023-06-21,2023-06-22,2023-06-23
R001628,O002286,3,"Works fine, nothing special.",2024-04-21,2024-04-20,2024-04-24
R001629,O002288,5,"Excellent quality, will buy again.",2023-11-29,2023-11-28,2023-11-30
R001630,O002289,3,Decent but packaging could improve.,2023-05-12,2023-05-14,2023-05-15
R001631,O002290,4,Loved it!,2023-05-16,2023-05-15,2023-05-18
R001632,O002291,2,"Works fine, nothing special.",2023-06-24,2023-06-27,2023-07-01
R001633,O002293,3,"Works fine, nothing special.",2023-02-27,2023-03-02,2023-03-04
R001634,O002294,4,Decent but packaging could improve.,2023-10-29,2023-10-30,2023-11-02
R001635,O002295,4,Delivery took longer than expected.,2023-12-08,2023-12-10,2023-12-13
R001636,O002297,3,"Product is okay, average quality.",2023-10-08,2023-10-08,2023-10-09
R001637,O002300,4,Delivery took longer than expected.,2023-12-08,2023-12-09,2023-12-13
R001638,O002302,4,"Excellent quality, will buy again.",2023-02-17,2023-02-15,2023-02-19
R001639,O002304,4,Good value for money.,2024-01-18,2024-01-18,2024-01-22
R001640,O002305,5,"Great product, fast delivery!",2024-12-05,2024-12-03,2024-12-05
R001641,O002306,4,Decent but packaging could improve.,2024-01-18,2024-01-20,2024-01-22
R001642,O002310,4,"Great product, fast delivery!",2023-02-14,2023-02-13,2023-02-14
R001643,O002311,4,Good value for money.,2023-05-06,2023-05-06,2023-05-08
R001644,O002312,3,Delivery took longer than expected.,2024-01-09,2024-01-12,2024-01-14
R001645,O002313,4,Delivery took longer than expected.,2024-04-02,2024-04-05,2024-04-09
R001646,O002317,5,"Great product, fast delivery!",2023-08-26,2023-08-25,2023-08-26
R001647,O002318,3,Delivery took longer than expected.,2023-03-26,2023-03-29,2023-03-30
R001648,O002319,4,"Works fine, nothing special.",2023-05-22,2023-05-25,2023-05-27
R001649,O002320,5,Exactly as described. Very happy.,2023-04-11,2023-04-11,2023-04-14
R001650,O002321,5,"Great product, fast delivery!",2023-04-26,2023-04-25,2023-04-29
R001651,O002322,5,"Great product, fast delivery!",2023-12-30,2023-12-28,2024-01-01
R001652,O002323,4,Decent but packaging could improve.,2023-07-31,2023-08-02,2023-08-04
R001653,O002324,4,"Great product, fast delivery!",2023-09-18,2023-09-18,2023-09-22
R001654,O002325,2,"Works fine, nothing special.",2024-12-08,2024-12-09,2024-12-11
R001655,O002328,5,"Great product, fast delivery!",2023-04-30,2023-04-30,2023-05-02
R001656,O002329,5,Exactly as described. Very happy.,2023-10-25,2023-10-25,2023-10-26
R001657,O002330,5,Exactly as described. Very happy.,2024-01-28,2024-01-26,2024-01-27
R001658,O002331,2,"Product is okay, average quality.",2023-02-19,2023-02-21,2023-02-24
R001659,O002332,2,Delivery took longer than expected.,2023-01-18,2023-01-21,2023-01-23
R001660,O002333,5,"Excellent quality, will buy again.",2024-04-28,2024-04-27,2024-04-28
R001661,O002334,5,Good value for money.,2024-03-11,2024-03-10,2024-03-11
R001662,O002335,4,"Excellent quality, will buy again.",2023-11-15,2023-11-14,2023-11-16
R001663,O002336,5,"Excellent quality, will buy again.",2024-01-01,2023-12-30,2024-01-01
R001664,O002337,3,Delivery took longer than expected.,2023-11-13,2023-11-16,2023-11-19
R001665,O002339,4,Decent but packaging could improve.,2023-09-06,2023-09-09,2023-09-11
R001666,O002340,5,"Excellent quality, will buy again.",2023-05-22,2023-05-22,2023-05-23
R001667,O002341,4,Delivery took longer than expected.,2023-03-11,2023-03-13,2023-03-14
R001668,O002342,2,"Works fine, nothing special.",2024-12-20,2024-12-21,2024-12-23
R001669,O002343,4,"Works fine, nothing special.",2024-02-11,2024-02-12,2024-02-16
R001670,O002344,3,Decent but packaging could improve.,2024-06-23,2024-06-26,2024-06-27
R001671,O002347,4,"Great product, fast delivery!",2023-06-20,2023-06-19,2023-06-22
R001672,O002349,5,Exactly as described. Very happy.,2023-05-25,2023-05-25,2023-05-26
R001673,O002351,4,"Product is okay, average quality.",2024-04-24,2024-04-25,2024-04-29
R001674,O002354,5,Loved it!,2024-11-08,2024-11-08,2024-11-12
R001675,O002355,4,Loved it!,2023-02-21,2023-02-19,2023-02-22
R001676,O002356,4,Decent but packaging could improve.,2023-07-18,2023-07-21,2023-07-22
R001677,O002357,4,"Great product, fast delivery!",2023-09-15,2023-09-15,2023-09-19
R001678,O002359,5,"Excellent quality, will buy again.",2024-12-12,2024-12-12,2024-12-16
R001679,O002360,4,"Product is okay, average quality.",2023-06-21,2023-06-23,2023-06-25
R001680,O002362,2,"Very late delivery, disappointed.",2024-09-27,2024-10-01,2024-10-04
R001681,O002364,5,"Great product, fast delivery!",2023-10-17,2023-10-17,2023-10-21
R001682,O002366,4,"Excellent quality, will buy again.",2025-01-04,2025-01-02,2025-01-03
R001683,O002369,5,Exactly as described. Very happy.,2023-09-16,2023-09-15,2023-09-18
R001684,O002370,2,Delivery took longer than expected.,2024-06-12,2024-06-15,2024-06-17
R001685,O002371,3,"Product is okay, average quality.",2023-11-19,2023-11-22,2023-11-25
R001686,O002373,1,"Poor packaging, item was scratched.",2024-09-09,2024-09-19,2024-09-22
R001687,O002376,4,Exactly as described. Very happy.,2023-03-04,2023-03-04,2023-03-05
R001688,O002377,3,"Works fine, nothing special.",2024-05-08,2024-05-09,2024-05-11
R001689,O002378,4,Delivery took longer than expected.,2023-04-25,2023-04-28,2023-05-01
R001690,O002380,4,"Great product, fast delivery!",2024-01-16,2024-01-14,2024-01-15
R001691,O002381,3,Decent but packaging could improve.,2023-10-10,2023-10-09,2023-10-12
R001692,O002382,5,Good value for money.,2023-12-18,2023-12-17,2023-12-21
R001693,O002383,4,"Product is okay, average quality.",2024-12-11,2024-12-12,2024-12-14
R001694,O002385,3,Decent but packaging could improve.,2024-04-16,2024-04-17,2024-04-18
R001695,O002386,5,Exactly as described. Very happy.,2023-10-16,2023-10-14,2023-10-17
R001696,O002388,2,"Works fine, nothing special.",2023-05-15,2023-05-18,2023-05-19
R001697,O002389,4,Exactly as described. Very happy.,2024-12-26,2024-12-24,2024-12-26
R001698,O002390,3,Delivery took longer than expected.,2024-11-23,2024-11-25,2024-11-28
R001699,O002391,4,Decent but packaging could improve.,2024-11-16,2024-11-19,2024-11-22
R001700,O002392,4,Exactly as described. Very happy.,2024-12-22,2024-12-20,2024-12-23
R001701,O002394,3,Decent but packaging could improve.,2023-09-28,2023-09-29,2023-10-03
R001702,O002395,4,"Product is okay, average quality.",2024-04-21,2024-04-23,2024-04-24
R001703,O002396,4,Delivery took longer than expected.,2023-12-16,2023-12-17,2023-12-18
R001704,O002397,5,Good value for money.,2023-11-08,2023-11-08,2023-11-12
R001705,O002398,3,Decent but packaging could improve.,2023-09-07,2023-09-08,2023-09-11
R001706,O002399,5,Good value for money.,2024-02-08,2024-02-06,2024-02-07
R001707,O002401,4,"Works fine, nothing special.",2023-05-19,2023-05-21,2023-05-22
R001708,O002402,4,"Excellent quality, will buy again.",2023-12-14,2023-12-14,2023-12-16
R001709,O002403,4,"Excellent quality, will buy again.",2024-02-01,2024-01-31,2024-02-04
R001710,O002404,5,"Great product, fast delivery!",2024-01-22,2024-01-20,2024-01-22
R001711,O002407,4,"Works fine, nothing special.",2023-01-07,2023-01-08,2023-01-09
R001712,O002409,2,"Very late delivery, disappointed.",2024-07-15,2024-07-21,2024-07-25
R001713,O002410,4,"Product is okay, average quality.",2024-01-31,2024-02-01,2024-02-02
R001714,O002411,3,"Works fine, nothing special.",2023-07-08,2023-07-11,2023-07-13
R001715,O002412,5,Exactly as described. Very happy.,2024-05-23,2024-05-21,2024-05-25
R001716,O002413,4,"Excellent quality, will buy again.",2024-01-14,2024-01-13,2024-01-17
R001717,O002414,1,Not worth the price.,2024-08-22,2024-08-27,2024-08-30
R001718,O002416,4,"Product is okay, average quality.",2024-03-11,2024-03-13,2024-03-16
R001719,O002417,4,"Works fine, nothing special.",2023-12-07,2023-12-09,2023-12-13
R001720,O002419,5,Loved it!,2023-07-19,2023-07-17,2023-07-18
R001721,O002421,3,Delivery took longer than expected.,2024-03-01,2024-03-02,2024-03-06
R001722,O002423,4,Decent but packaging could improve.,2023-08-03,2023-08-05,2023-08-08
R001723,O002425,4,Decent but packaging could improve.,2024-01-01,2024-01-02,2024-01-05
R001724,O002426,5,"Great product, fast delivery!",2023-07-29,2023-07-27,2023-07-31
R001725,O002427,4,Delivery took longer than expected.,2024-06-26,2024-06-28,2024-07-02
R001726,O002428,2,Decent but packaging could improve.,2023-01-10,2023-01-11,2023-01-14
R001727,O002432,4,Good value for money.,2023-12-22,2023-12-22,2023-12-25
R001728,O002433,4,"Works fine, nothing special.",2023-03-26,2023-03-29,2023-03-30
R001729,O002435,5,Exactly as described. Very happy.,2024-01-22,2024-01-21,2024-01-23
R001730,O002438,4,"Product is okay, average quality.",2024-11-09,2024-11-12,2024-11-16
R001731,O002439,5,Loved it!,2023-06-09,2023-06-09,2023-06-12
R001732,O002440,2,Delivery took longer than expected.,2023-01-22,2023-01-24,2023-01-28
R001733,O002441,3,"Product is okay, average quality.",2024-10-10,2024-10-11,2024-10-15
R001734,O002442,2,Decent but packaging could improve.,2024-03-05,2024-03-07,2024-03-09
R001735,O002443,4,"Product is okay, average quality.",2024-11-23,2024-11-26,2024-11-30
R001736,O002444,4,Good value for money.,2024-02-16,2024-02-14,2024-02-15
R001737,O002446,3,"Works fine, nothing special.",2023-11-12,2023-11-13,2023-11-14
R001738,O002447,5,"Great product, fast delivery!",2024-06-10,2024-06-10,2024-06-11
R001739,O002448,3,Delivery took longer than expected.,2024-11-20,2024-11-22,2024-11-26
R001740,O002449,4,"Excellent quality, will buy again.",2024-02-25,2024-02-24,2024-02-26
R001741,O002450,4,"Great product, fast delivery!",2023-05-19,2023-05-19,2023-05-21
R001742,O002451,2,Decent but packaging could improve.,2023-07-14,2023-07-15,2023-07-17
R001743,O002452,3,"Product is okay, average quality.",2023-06-28,2023-07-01,2023-07-03
R001744,O002453,5,"Excellent quality, will buy again.",2023-07-24,2023-07-22,2023-07-26
R001745,O002454,5,"Excellent quality, will buy again.",2023-08-11,2023-08-10,2023-08-14
R001746,O002455,5,Exactly as described. Very happy.,2024-01-29,2024-01-29,2024-01-30
R001747,O002456,3,"Works fine, nothing special.",2024-02-07,2024-02-09,2024-02-11
R001748,O002457,3,"Product is okay, average quality.",2023-11-15,2023-11-17,2023-11-19
R001749,O002458,5,"Excellent quality, will buy again.",2024-03-27,2024-03-26,2024-03-29
R001750,O002460,3,"Product is okay, average quality.",2023-03-10,2023-03-11,2023-03-14
R001751,O002462,3,Decent but packaging could improve.,2023-12-21,2023-12-23,2023-12-24
R001752,O002463,3,Decent but packaging could improve.,2023-06-07,2023-06-10,2023-06-13
R001753,O002465,3,"Works fine, nothing special.",2023-10-20,2023-10-20,2023-10-21
R001754,O002466,4,"Product is okay, average quality.",2024-08-12,2024-08-15,2024-08-19
R001755,O002468,2,Decent but packaging could improve.,2024-04-20,2024-04-21,2024-04-22
R001756,O002469,2,Decent but packaging could improve.,2024-04-09,2024-04-10,2024-04-13
R001757,O002470,1,"Poor packaging, item was scratched.",2024-08-27,2024-09-03,2024-09-07
R001758,O002471,5,"Great product, fast delivery!",2024-11-12,2024-11-11,2024-11-13
R001759,O002472,3,Delivery took longer than expected.,2023-01-06,2023-01-09,2023-01-13
R001760,O002473,3,Decent but packaging could improve.,2023-04-12,2023-04-13,2023-04-14
R001761,O002475,2,"Works fine, nothing special.",2023-11-30,2023-12-03,2023-12-04
R001762,O002476,4,"Excellent quality, will buy again.",2024-01-18,2024-01-17,2024-01-19
R001763,O002477,3,"Works fine, nothing special.",2024-04-12,2024-04-12,2024-04-15
R001764,O002478,3,Decent but packaging could improve.,2024-04-29,2024-04-30,2024-05-02
R001765,O002479,5,Exactly as described. Very happy.,2024-11-11,2024-11-11,2024-11-14
R001766,O002482,5,Loved it!,2023-07-16,2023-07-16,2023-07-19
R001767,O002485,4,Good value for money.,2023-06-14,2023-06-13,2023-06-15
R001768,O002487,3,"Product is okay, average quality.",2023-07-09,2023-07-10,2023-07-14
R001769,O002488,4,Decent but packaging could improve.,2023-06-18,2023-06-19,2023-06-21
R001770,O002489,4,Delivery took longer than expected.,2023-04-27,2023-04-30,2023-05-04
R001771,O002490,5,Loved it!,2024-10-18,2024-10-17,2024-10-18
R001772,O002494,2,"Works fine, nothing special.",2024-06-07,2024-06-10,2024-06-11
R001773,O002495,2,Delivery took longer than expected.,2024-06-12,2024-06-14,2024-06-16
R001774,O002496,4,"Works fine, nothing special.",2023-08-09,2023-08-11,2023-08-13
R001775,O002498,2,"Product is okay, average quality.",2023-06-13,2023-06-15,2023-06-17
R001776,O002499,4,"Great product, fast delivery!",2024-12-30,2024-12-29,2025-01-02
R001777,O002500,4,"Great product, fast delivery!",2024-03-16,2024-03-16,2024-03-20
R001778,O002501,2,"Product is okay, average quality.",2024-11-20,2024-11-21,2024-11-25
R001779,O002502,4,"Great product, fast delivery!",2023-08-25,2023-08-23,2023-08-26
R001780,O002503,2,"Very late delivery, disappointed.",2024-07-16,2024-07-21,2024-07-22
R001781,O002504,4,Delivery took longer than expected.,2024-07-02,2024-07-04,2024-07-07
R001782,O002506,2,"Product is okay, average quality.",2024-12-31,2025-01-02,2025-01-06
R001783,O002507,3,"Works fine, nothing special.",2023-11-04,2023-11-06,2023-11-08
R001784,O002509,4,Delivery took longer than expected.,2024-04-28,2024-04-29,2024-04-30
R001785,O002510,3,Delivery took longer than expected.,2024-06-10,2024-06-13,2024-06-15
R001786,O002511,4,Delivery took longer than expected.,2024-02-12,2024-02-15,2024-02-19
R001787,O002512,5,"Great product, fast delivery!",2023-06-17,2023-06-15,2023-06-18
R001788,O002514,3,"Works fine, nothing special.",2023-08-19,2023-08-17,2023-08-18
R001789,O002515,4,Good value for money.,2023-11-29,2023-11-28,2023-11-29
R001790,O002516,4,Delivery took longer than expected.,2024-03-25,2024-03-27,2024-03-29
R001791,O002518,3,"Works fine, nothing special.",2023-06-20,2023-06-23,2023-06-27
R001792,O002520,3,"Works fine, nothing special.",2023-07-20,2023-07-19,2023-07-20
R001793,O002521,4,Loved it!,2023-06-13,2023-06-13,2023-06-16
R001794,O002522,3,Product quality not as expected.,2024-08-03,2024-08-13,2024-08-15
R001795,O002524,4,Delivery took longer than expected.,2023-10-30,2023-10-31,2023-11-02
R001796,O002527,3,"Product is okay, average quality.",2024-10-10,2024-10-13,2024-10-14
R001797,O002528,3,"Product is okay, average quality.",2023-05-25,2023-05-26,2023-05-29
R001798,O002529,3,"Works fine, nothing special.",2024-12-16,2024-12-17,2024-12-20
R001799,O002530,4,Exactly as described. Very happy.,2023-10-16,2023-10-15,2023-10-19
R001800,O002531,4,Loved it!,2023-09-09,2023-09-07,2023-09-11
R001801,O002532,3,"Works fine, nothing special.",2023-02-23,2023-02-26,2023-03-01
R001802,O002533,5,Exactly as described. Very happy.,2023-12-23,2023-12-22,2023-12-25
R001803,O002534,4,Good value for money.,2023-03-19,2023-03-19,2023-03-21
R001804,O002535,4,"Works fine, nothing special.",2023-07-08,2023-07-10,2023-07-13
R001805,O002536,2,Decent but packaging could improve.,2023-08-12,2023-08-13,2023-08-14
R001806,O002538,5,Loved it!,2024-11-01,2024-10-30,2024-11-02
R001807,O002539,5,Good value for money.,2023-08-10,2023-08-10,2023-08-14
R001808,O002540,4,Good value for money.,2024-10-31,2024-10-29,2024-10-30
R001809,O002541,3,"Works fine, nothing special.",2024-10-24,2024-10-26,2024-10-28
R001810,O002542,3,"Works fine, nothing special.",2024-06-14,2024-06-13,2024-06-14
R001811,O002543,4,Delivery took longer than expected.,2023-04-17,2023-04-19,2023-04-23
R001812,O002544,3,"Works fine, nothing special.",2024-05-26,2024-05-29,2024-06-01
R001813,O002545,2,"Product is okay, average quality.",2024-12-18,2024-12-19,2024-12-20
R001814,O002548,5,Good value for money.,2023-12-20,2023-12-19,2023-12-20
R001815,O002550,5,Exactly as described. Very happy.,2024-01-01,2023-12-30,2024-01-03
R001816,O002552,2,"Product is okay, average quality.",2023-08-14,2023-08-16,2023-08-18
R001817,O002555,3,"Works fine, nothing special.",2023-04-10,2023-04-13,2023-04-17
R001818,O002558,3,Decent but packaging could improve.,2024-04-29,2024-04-30,2024-05-01
R001819,O002559,2,Delivery took longer than expected.,2024-06-17,2024-06-18,2024-06-19
R001820,O002560,1,Product quality not as expected.,2024-08-19,2024-08-26,2024-08-29
R001821,O002561,4,Exactly as described. Very happy.,2024-12-06,2024-12-06,2024-12-07
R001822,O002562,5,"Great product, fast delivery!",2023-09-01,2023-08-30,2023-08-31
R001823,O002564,2,"Product is okay, average quality.",2023-04-16,2023-04-18,2023-04-22
R001824,O002565,2,"Product is okay, average quality.",2024-05-29,2024-06-01,2024-06-05
R001825,O002566,4,"Works fine, nothing special.",2024-06-17,2024-06-20,2024-06-24
R001826,O002567,4,"Excellent quality, will buy again.",2024-04-19,2024-04-19,2024-04-20
R001827,O002568,2,"Product is okay, average quality.",2023-07-24,2023-07-25,2023-07-26
R001828,O002569,5,"Great product, fast delivery!",2024-10-16,2024-10-16,2024-10-19
R001829,O002570,5,Good value for money.,2023-05-16,2023-05-15,2023-05-18
R001830,O002571,3,"Works fine, nothing special.",2023-03-06,2023-03-08,2023-03-12
R001831,O002574,4,Decent but packaging could improve.,2024-10-07,2024-10-10,2024-10-14
R001832,O002576,4,"Product is okay, average quality.",2023-05-28,2023-05-31,2023-06-03
R001833,O002578,5,"Great product, fast delivery!",2024-02-01,2024-01-30,2024-01-31
R001834,O002579,4,"Works fine, nothing special.",2023-05-25,2023-05-28,2023-05-29
R001835,O002581,4,Decent but packaging could improve.,2023-12-11,2023-12-12,2023-12-13
R001836,O002583,5,Exactly as described. Very happy.,2023-11-09,2023-11-07,2023-11-08
R001837,O002584,3,Received a damaged item.,2024-09-13,2024-09-21,2024-09-25
R001838,O002585,1,Not worth the price.,2024-09-21,2024-09-27,2024-09-29
R001839,O002586,5,"Great product, fast delivery!",2024-05-21,2024-05-19,2024-05-21
R001840,O002587,4,Loved it!,2023-03-09,2023-03-09,2023-03-13
R001841,O002588,4,"Works fine, nothing special.",2024-10-22,2024-10-25,2024-10-28
R001842,O002589,4,"Works fine, nothing special.",2024-04-13,2024-04-15,2024-04-18
R001843,O002590,3,Decent but packaging could improve.,2024-06-03,2024-06-06,2024-06-09
R001844,O002592,3,Delivery took longer than expected.,2024-11-09,2024-11-09,2024-11-13
R001845,O002593,4,Delivery took longer than expected.,2024-06-27,2024-06-30,2024-07-01
R001846,O002594,3,"Works fine, nothing special.",2023-03-11,2023-03-09,2023-03-12
R001847,O002596,4,"Excellent quality, will buy again.",2024-11-27,2024-11-27,2024-12-01
R001848,O002598,5,Exactly as described. Very happy.,2024-12-10,2024-12-08,2024-12-09
R001849,O002599,4,Good value for money.,2024-04-17,2024-04-16,2024-04-18
R001850,O002601,4,"Works fine, nothing special.",2023-08-02,2023-08-03,2023-08-07
R001851,O002602,3,"Product is okay, average quality.",2023-07-21,2023-07-23,2023-07-27
R001852,O002603,4,Decent but packaging could improve.,2024-12-05,2024-12-07,2024-12-10
R001853,O002604,5,Good value for money.,2023-08-11,2023-08-09,2023-08-12
R001854,O002605,2,Not worth the price.,2024-07-23,2024-07-31,2024-08-03
R001855,O002607,4,"Product is okay, average quality.",2023-04-27,2023-04-29,2023-05-02
R001856,O002609,3,"Product is okay, average quality.",2024-02-03,2024-02-05,2024-02-06
R001857,O002610,4,Loved it!,2024-12-22,2024-12-22,2024-12-26
R001858,O002612,4,"Great product, fast delivery!",2023-09-29,2023-09-29,2023-10-02
R001859,O002613,5,Exactly as described. Very happy.,2023-09-30,2023-09-30,2023-10-03
R001860,O002615,3,"Works fine, nothing special.",2023-11-14,2023-11-16,2023-11-18
R001861,O002621,5,Exactly as described. Very happy.,2023-08-01,2023-08-01,2023-08-03
R001862,O002622,5,Good value for money.,2023-02-08,2023-02-07,2023-02-08
R001863,O002623,4,"Great product, fast delivery!",2024-04-28,2024-04-26,2024-04-27
R001864,O002624,2,"Product is okay, average quality.",2024-02-28,2024-03-02,2024-03-05
R001865,O002625,3,"Works fine, nothing special.",2023-11-29,2023-12-02,2023-12-05
R001866,O002626,5,"Great product, fast delivery!",2023-11-13,2023-11-12,2023-11-14
R001867,O002627,2,"Very late delivery, disappointed.",2024-07-30,2024-08-08,2024-08-10
R001868,O002628,4,"Works fine, nothing special.",2023-06-10,2023-06-13,2023-06-15
R001869,O002630,4,"Product is okay, average quality.",2024-04-15,2024-04-18,2024-04-19
R001870,O002631,4,Good value for money.,2023-12-03,2023-12-02,2023-12-05
R001871,O002632,4,Loved it!,2023-11-20,2023-11-20,2023-11-24
R001872,O002633,4,Exactly as described. Very happy.,2023-07-25,2023-07-23,2023-07-26
R001873,O002636,3,Delivery took longer than expected.,2023-08-25,2023-08-27,2023-08-31
R001874,O002637,2,Delivery took longer than expected.,2024-02-13,2024-02-16,2024-02-17
R001875,O002638,2,Decent but packaging could improve.,2024-12-28,2024-12-29,2025-01-01
R001876,O002639,5,Good value for money.,2023-11-14,2023-11-14,2023-11-15
R001877,O002640,5,Loved it!,2024-11-20,2024-11-19,2024-11-21
R001878,O002641,4,Good value for money.,2023-10-03,2023-10-01,2023-10-04
R001879,O002642,5,"Great product, fast delivery!",2023-02-26,2023-02-25,2023-02-28
R001880,O002644,4,Good value for money.,2023-11-25,2023-11-23,2023-11-25
R001881,O002646,5,Loved it!,2023-01-31,2023-01-31,2023-02-01
R001882,O002647,3,Delivery took longer than expected.,2024-11-22,2024-11-22,2024-11-24
R001883,O002649,4,"Works fine, nothing special.",2024-07-05,2024-07-06,2024-07-10
R001884,O002652,3,Decent but packaging could improve.,2023-02-10,2023-02-11,2023-02-14
R001885,O002654,5,Loved it!,2024-11-24,2024-11-24,2024-11-27
R001886,O002655,5,"Great product, fast delivery!",2023-11-15,2023-11-15,2023-11-17
R001887,O002656,5,"Great product, fast delivery!",2023-04-29,2023-04-27,2023-04-29
R001888,O002657,4,"Product is okay, average quality.",2024-01-02,2024-01-03,2024-01-06
R001889,O002658,4,Good value for money.,2023-09-10,2023-09-09,2023-09-12
R001890,O002660,2,Delivery took longer than expected.,2024-03-21,2024-03-24,2024-03-27
R001891,O002663,4,Loved it!,2023-01-23,2023-01-22,2023-01-23
R001892,O002664,5,Exactly as described. Very happy.,2024-12-06,2024-12-05,2024-12-08
R001893,O002665,2,Delivery took longer than expected.,2023-06-15,2023-06-16,2023-06-20
R001894,O002667,3,"Product is okay, average quality.",2023-05-08,2023-05-09,2023-05-10
R001895,O002669,3,"Works fine, nothing special.",2023-11-02,2023-11-03,2023-11-05
R001896,O002670,2,"Very late delivery, disappointed.",2024-08-07,2024-08-13,2024-08-17
R001897,O002672,3,"Works fine, nothing special.",2023-11-24,2023-11-27,2023-11-30
R001898,O002673,3,"Product is okay, average quality.",2024-04-30,2024-05-02,2024-05-05
R001899,O002675,4,Good value for money.,2024-10-13,2024-10-11,2024-10-12
R001900,O002676,2,Delivery took longer than expected.,2024-10-19,2024-10-22,2024-10-26
R001901,O002677,5,"Excellent quality, will buy again.",2023-02-01,2023-01-31,2023-02-01
R001902,O002678,2,Product quality not as expected.,2024-07-07,2024-07-17,2024-07-21
R001903,O002681,4,"Works fine, nothing special.",2023-12-26,2023-12-28,2023-12-30
R001904,O002682,5,Good value for money.,2024-12-24,2024-12-24,2024-12-27
R001905,O002683,3,"Product is okay, average quality.",2024-06-20,2024-06-19,2024-06-20
R001906,O002685,3,"Product is okay, average quality.",2024-01-10,2024-01-13,2024-01-15
R001907,O002686,4,Delivery took longer than expected.,2024-12-08,2024-12-09,2024-12-13
R001908,O002687,3,"Works fine, nothing special.",2024-10-16,2024-10-17,2024-10-18
R001909,O002688,3,Decent but packaging could improve.,2023-03-20,2023-03-23,2023-03-26
R001910,O002689,4,"Works fine, nothing special.",2024-05-25,2024-05-27,2024-05-31
R001911,O002690,4,Good value for money.,2023-09-19,2023-09-19,2023-09-22
R001912,O002692,5,Loved it!,2023-10-08,2023-10-06,2023-10-07
R001913,O002693,4,Delivery took longer than expected.,2023-06-29,2023-07-02,2023-07-05
R001914,O002694,1,Product quality not as expected.,2024-09-07,2024-09-11,2024-09-15
R001915,O002695,3,"Product is okay, average quality.",2023-09-12,2023-09-14,2023-09-17
R001916,O002696,3,Not worth the price.,2024-09-16,2024-09-25,2024-09-28
R001917,O002698,2,Delivery took longer than expected.,2023-08-13,2023-08-15,2023-08-18
R001918,O002699,4,Exactly as described. Very happy.,2023-06-27,2023-06-25,2023-06-27
R001919,O002703,5,"Great product, fast delivery!",2024-01-31,2024-01-30,2024-02-01
R001920,O002704,2,"Works fine, nothing special.",2023-07-13,2023-07-15,2023-07-16
R001921,O002705,5,"Excellent quality, will buy again.",2023-11-30,2023-11-29,2023-11-30
R001922,O002706,3,"Works fine, nothing special.",2023-10-26,2023-10-27,2023-10-31
R001923,O002708,5,Good value for money.,2024-11-10,2024-11-09,2024-11-13
R001924,O002710,4,Good value for money.,2023-08-23,2023-08-22,2023-08-25
R001925,O002711,4,Delivery took longer than expected.,2023-03-12,2023-03-13,2023-03-17
R001926,O002713,5,"Excellent quality, will buy again.",2023-02-14,2023-02-12,2023-02-14
R001927,O002714,3,"Works fine, nothing special.",2023-08-28,2023-08-30,2023-09-03
R001928,O002715,5,Good value for money.,2023-08-13,2023-08-13,2023-08-14
R001929,O002716,3,Delivery took longer than expected.,2023-08-25,2023-08-26,2023-08-28
R001930,O002717,4,Exactly as described. Very happy.,2023-05-09,2023-05-09,2023-05-12
R001931,O002718,1,Received a damaged item.,2024-07-09,2024-07-15,2024-07-19
R001932,O002719,5,"Excellent quality, will buy again.",2023-04-24,2023-04-23,2023-04-27
R001933,O002720,4,"Product is okay, average quality.",2024-03-16,2024-03-19,2024-03-20
R001934,O002721,5,"Excellent quality, will buy again.",2023-04-22,2023-04-22,2023-04-25
R001935,O002722,3,"Works fine, nothing special.",2023-02-08,2023-02-11,2023-02-13
R001936,O002724,5,Good value for money.,2023-05-18,2023-05-17,2023-05-19
R001937,O002725,3,Not worth the price.,2024-09-07,2024-09-12,2024-09-15
R001938,O002727,5,Exactly as described. Very happy.,2023-04-01,2023-03-30,2023-04-01
R001939,O002728,5,"Excellent quality, will buy again.",2024-12-31,2024-12-29,2025-01-01
R001940,O002729,3,Decent but packaging could improve.,2023-07-31,2023-07-31,2023-08-04
R001941,O002730,2,"Works fine, nothing special.",2024-10-29,2024-10-31,2024-11-04
R001942,O002731,3,"Product is okay, average quality.",2023-06-01,2023-06-01,2023-06-02
R001943,O002732,2,"Product is okay, average quality.",2024-10-31,2024-11-01,2024-11-04
R001944,O002734,3,Decent but packaging could improve.,2023-12-20,2023-12-23,2023-12-27
R001945,O002735,5,Loved it!,2024-07-05,2024-07-04,2024-07-08
R001946,O002738,2,Not worth the price.,2024-09-15,2024-09-24,2024-09-25
R001947,O002739,5,Loved it!,2024-11-21,2024-11-21,2024-11-24
R001948,O002740,3,Delivery took longer than expected.,2023-06-12,2023-06-13,2023-06-15
R001949,O002741,3,Delivery took longer than expected.,2023-07-31,2023-08-03,2023-08-04
R001950,O002742,4,Loved it!,2023-07-08,2023-07-08,2023-07-11
R001951,O002743,3,"Works fine, nothing special.",2023-10-24,2023-10-26,2023-10-30
R001952,O002744,5,Good value for money.,2023-10-23,2023-10-21,2023-10-23
R001953,O002745,3,Decent but packaging could improve.,2024-01-25,2024-01-28,2024-01-31
R001954,O002746,4,Good value for money.,2023-05-15,2023-05-14,2023-05-17
R001955,O002747,4,"Works fine, nothing special.",2024-05-30,2024-05-31,2024-06-01
R001956,O002748,4,"Great product, fast delivery!",2023-05-31,2023-05-30,2023-05-31
R001957,O002750,3,"Product is okay, average quality.",2023-12-16,2023-12-19,2023-12-21
R001958,O002751,4,"Product is okay, average quality.",2024-08-11,2024-08-14,2024-08-16
R001959,O002752,5,Good value for money.,2024-06-08,2024-06-06,2024-06-08
R001960,O002754,3,Decent but packaging could improve.,2023-06-02,2023-06-01,2023-06-05
R001961,O002755,5,Loved it!,2024-01-24,2024-01-24,2024-01-25
R001962,O002756,3,"Product is okay, average quality.",2023-03-19,2023-03-21,2023-03-22
R001963,O002757,4,"Excellent quality, will buy again.",2023-10-31,2023-10-30,2023-11-03
R001964,O002758,5,Exactly as described. Very happy.,2023-12-04,2023-12-03,2023-12-07
R001965,O002759,4,"Excellent quality, will buy again.",2023-02-28,2023-02-26,2023-03-02
R001966,O002761,5,Loved it!,2024-12-09,2024-12-08,2024-12-12
R001967,O002762,3,"Works fine, nothing special.",2024-12-25,2024-12-25,2024-12-28
R001968,O002763,4,Decent but packaging could improve.,2023-09-29,2023-10-02,2023-10-06
R001969,O002764,5,Good value for money.,2023-02-21,2023-02-21,2023-02-24
R001970,O002765,4,Decent but packaging could improve.,2023-05-24,2023-05-26,2023-05-29
R001971,O002769,5,Exactly as described. Very happy.,2024-06-12,2024-06-12,2024-06-14
R001972,O002770,5,Loved it!,2023-03-10,2023-03-09,2023-03-10
R001973,O002771,5,Exactly as described. Very happy.,2024-12-11,2024-12-09,2024-12-12
R001974,O002772,5,Loved it!,2023-10-14,2023-10-12,2023-10-14
R001975,O002773,2,Received a damaged item.,2024-07-25,2024-07-30,2024-08-01
R001976,O002774,5,"Great product, fast delivery!",2023-10-03,2023-10-02,2023-10-06
R001977,O002775,4,Good value for money.,2024-03-08,2024-03-06,2024-03-09
R001978,O002776,4,Loved it!,2023-05-14,2023-05-12,2023-05-14
R001979,O002777,4,Exactly as described. Very happy.,2023-04-15,2023-04-15,2023-04-19
R001980,O002778,4,Decent but packaging could improve.,2024-11-18,2024-11-21,2024-11-24
R001981,O002779,3,Delivery took longer than expected.,2024-11-26,2024-11-24,2024-11-25
R001982,O002780,3,"Works fine, nothing special.",2024-11-15,2024-11-16,2024-11-19
R001983,O002781,4,"Great product, fast delivery!",2024-03-13,2024-03-12,2024-03-14
R001984,O002787,5,"Excellent quality, will buy again.",2023-09-18,2023-09-16,2023-09-19
R001985,O002788,5,"Great product, fast delivery!",2023-05-02,2023-05-01,2023-05-03
R001986,O002789,3,"Product is okay, average quality.",2024-02-28,2024-02-28,2024-03-01
R001987,O002793,4,Delivery took longer than expected.,2023-06-23,2023-06-24,2023-06-27
R001988,O002796,4,Decent but packaging could improve.,2024-03-21,2024-03-23,2024-03-24
R001989,O002797,3,"Product is okay, average quality.",2024-02-14,2024-02-17,2024-02-18
R001990,O002798,4,Delivery took longer than expected.,2024-05-25,2024-05-28,2024-05-31
R001991,O002799,3,Decent but packaging could improve.,2023-09-18,2023-09-20,2023-09-21
R001992,O002800,2,"Poor packaging, item was scratched.",2024-09-29,2024-10-06,2024-10-09
R001993,O002803,2,Product quality not as expected.,2024-08-18,2024-08-23,2024-08-25
R001994,O002804,5,Good value for money.,2023-05-18,2023-05-18,2023-05-19
R001995,O002805,4,"Product is okay, average quality.",2023-03-16,2023-03-18,2023-03-19
R001996,O002806,5,"Excellent quality, will buy again.",2024-11-25,2024-11-25,2024-11-28
R001997,O002807,4,"Product is okay, average quality.",2023-10-02,2023-10-03,2023-10-05
R001998,O002810,2,"Works fine, nothing special.",2024-05-10,2024-05-12,2024-05-14
R001999,O002811,3,"Works fine, nothing special.",2023-09-02,2023-09-03,2023-09-04
R002000,O002812,4,Delivery took longer than expected.,2023-02-16,2023-02-17,2023-02-20
R002001,O002814,5,"Great product, fast delivery!",2023-06-10,2023-06-08,2023-06-10
R002002,O002815,5,Loved it!,2023-10-11,2023-10-10,2023-10-11
R002003,O002816,4,"Product is okay, average quality.",2023-03-06,2023-03-08,2023-03-10
R002004,O002819,4,Exactly as described. Very happy.,2023-03-08,2023-03-06,2023-03-09
R002005,O002821,5,Loved it!,2023-02-01,2023-01-31,2023-02-01
R002006,O002822,3,"Works fine, nothing special.",2023-12-18,2023-12-20,2023-12-24
R002007,O002824,5,"Excellent quality, will buy again.",2023-08-14,2023-08-14,2023-08-16
R002008,O002825,4,"Product is okay, average quality.",2024-11-08,2024-11-10,2024-11-11
R002009,O002829,5,"Excellent quality, will buy again.",2024-06-20,2024-06-18,2024-06-20
R002010,O002830,3,Delivery took longer than expected.,2024-01-20,2024-01-21,2024-01-22
R002011,O002831,5,"Excellent quality, will buy again.",2024-11-23,2024-11-22,2024-11-26
R002012,O002833,4,"Product is okay, average quality.",2024-02-01,2024-02-02,2024-02-05
R002013,O002834,4,"Product is okay, average quality.",2023-06-21,2023-06-22,2023-06-23
R002014,O002836,3,"Product is okay, average quality.",2024-11-26,2024-11-29,2024-11-30
R002015,O002837,5,"Great product, fast delivery!",2023-08-18,2023-08-18,2023-08-21
R002016,O002839,5,"Excellent quality, will buy again.",2024-06-13,2024-06-11,2024-06-13
R002017,O002840,4,"Excellent quality, will buy again.",2023-09-13,2023-09-11,2023-09-14
R002018,O002842,4,Decent but packaging could improve.,2024-06-23,2024-06-25,2024-06-29
R002019,O002843,2,"Product is okay, average quality.",2024-02-18,2024-02-19,2024-02-22
R002020,O002844,3,Decent but packaging could improve.,2024-11-18,2024-11-19,2024-11-20
R002021,O002845,3,Decent but packaging could improve.,2023-02-12,2023-02-13,2023-02-15
R002022,O002847,3,"Works fine, nothing special.",2023-11-15,2023-11-18,2023-11-20
R002023,O002848,4,Good value for money.,2023-06-17,2023-06-15,2023-06-17
R002024,O002849,2,"Product is okay, average quality.",2024-06-08,2024-06-09,2024-06-11
R002025,O002850,4,"Product is okay, average quality.",2024-11-23,2024-11-26,2024-11-27
R002026,O002851,5,Good value for money.,2023-11-10,2023-11-10,2023-11-11
R002027,O002852,3,"Works fine, nothing special.",2023-09-25,2023-09-27,2023-09-29
R002028,O002853,4,"Works fine, nothing special.",2024-12-26,2024-12-27,2024-12-31
R002029,O002854,5,Exactly as described. Very happy.,2023-11-08,2023-11-06,2023-11-09
R002030,O002855,4,"Works fine, nothing special.",2023-12-24,2023-12-26,2023-12-30
R002031,O002856,3,Delivery took longer than expected.,2023-09-06,2023-09-09,2023-09-11
R002032,O002857,3,"Works fine, nothing special.",2024-11-23,2024-11-26,2024-11-27
R002033,O002858,4,"Product is okay, average quality.",2024-01-11,2024-01-12,2024-01-15
R002034,O002859,4,Loved it!,2024-07-01,2024-06-29,2024-07-03
R002035,O002860,2,"Very late delivery, disappointed.",2024-08-14,2024-08-21,2024-08-25
R002036,O002862,5,"Excellent quality, will buy again.",2023-11-10,2023-11-09,2023-11-11
R002037,O002864,4,"Great product, fast delivery!",2023-10-04,2023-10-03,2023-10-07
R002038,O002865,2,Received a damaged item.,2024-07-20,2024-07-30,2024-08-02
R002039,O002866,3,Delivery took longer than expected.,2024-12-08,2024-12-10,2024-12-12
R002040,O002867,5,Loved it!,2024-03-31,2024-03-31,2024-04-01
R002041,O002870,5,"Excellent quality, will buy again.",2024-10-10,2024-10-09,2024-10-12
R002042,O002871,3,Decent but packaging could improve.,2023-10-22,2023-10-25,2023-10-28
R002043,O002873,5,Exactly as described. Very happy.,2023-10-17,2023-10-17,2023-10-18
R002044,O002874,4,"Product is okay, average quality.",2024-04-09,2024-04-11,2024-04-15
R002045,O002875,4,Exactly as described. Very happy.,2023-11-21,2023-11-20,2023-11-22
R002046,O002876,4,"Works fine, nothing special.",2024-07-02,2024-07-03,2024-07-05
R002047,O002877,4,Good value for money.,2023-09-28,2023-09-27,2023-09-29
R002048,O002880,5,Loved it!,2024-06-12,2024-06-11,2024-06-12
R002049,O002881,3,Delivery took longer than expected.,2024-01-09,2024-01-09,2024-01-13
R002050,O002882,2,Decent but packaging could improve.,2023-06-12,2023-06-13,2023-06-16
R002051,O002884,2,Decent but packaging could improve.,2024-06-10,2024-06-11,2024-06-15
R002052,O002885,4,Decent but packaging could improve.,2023-12-31,2024-01-03,2024-01-04
R002053,O002886,5,Good value for money.,2023-06-08,2023-06-07,2023-06-08
R002054,O002887,5,Good value for money.,2024-12-23,2024-12-21,2024-12-23
R002055,O002888,4,Decent but packaging could improve.,2024-05-27,2024-05-28,2024-05-31
R002056,O002889,2,"Works fine, nothing special.",2024-12-19,2024-12-21,2024-12-25
R002057,O002893,4,"Great product, fast delivery!",2023-12-29,2023-12-27,2023-12-30
R002058,O002894,4,Decent but packaging could improve.,2024-06-02,2024-06-04,2024-06-05
R002059,O002895,4,Exactly as described. Very happy.,2023-07-26,2023-07-24,2023-07-27
R002060,O002896,3,"Works fine, nothing special.",2023-11-30,2023-11-30,2023-12-02
R002061,O002898,4,Decent but packaging could improve.,2023-06-20,2023-06-23,2023-06-25
R002062,O002899,4,"Great product, fast delivery!",2023-01-15,2023-01-13,2023-01-17
R002063,O002900,3,"Product is okay, average quality.",2023-03-01,2023-02-27,2023-03-02
R002064,O002901,4,"Excellent quality, will buy again.",2024-12-13,2024-12-11,2024-12-15
R002065,O002902,4,Loved it!,2023-06-26,2023-06-24,2023-06-26
R002066,O002904,3,"Product is okay, average quality.",2024-10-12,2024-10-15,2024-10-18
R002067,O002906,4,Exactly as described. Very happy.,2023-04-20,2023-04-20,2023-04-24
R002068,O002908,4,"Excellent quality, will buy again.",2024-02-13,2024-02-13,2024-02-17
R002069,O002909,4,Decent but packaging could improve.,2024-06-23,2024-06-24,2024-06-26
R002070,O002910,4,"Product is okay, average quality.",2024-06-16,2024-06-17,2024-06-20
R002071,O002911,5,Exactly as described. Very happy.,2024-12-18,2024-12-17,2024-12-20
R002072,O002912,5,Exactly as described. Very happy.,2024-02-21,2024-02-21,2024-02-24
R002073,O002915,3,"Product is okay, average quality.",2023-03-06,2023-03-07,2023-03-08
R002074,O002921,5,"Great product, fast delivery!",2023-10-06,2023-10-04,2023-10-05
R002075,O002922,4,Delivery took longer than expected.,2024-01-01,2024-01-04,2024-01-06
R002076,O002923,5,"Excellent quality, will buy again.",2024-10-19,2024-10-18,2024-10-22
R002077,O002925,5,"Excellent quality, will buy again.",2024-10-09,2024-10-09,2024-10-10
R002078,O002926,3,Delivery took longer than expected.,2023-03-19,2023-03-22,2023-03-26
R002079,O002927,2,"Very late delivery, disappointed.",2024-07-11,2024-07-19,2024-07-22
R002080,O002928,3,Delivery took longer than expected.,2024-11-04,2024-11-02,2024-11-05
R002081,O002929,4,"Product is okay, average quality.",2023-05-14,2023-05-17,2023-05-21
R002082,O002930,5,Loved it!,2023-11-17,2023-11-15,2023-11-16
R002083,O002931,5,Good value for money.,2023-05-22,2023-05-21,2023-05-24
R002084,O002933,4,Exactly as described. Very happy.,2024-01-08,2024-01-07,2024-01-10
R002085,O002934,3,"Works fine, nothing special.",2024-03-22,2024-03-21,2024-03-25
R002086,O002936,3,"Works fine, nothing special.",2023-06-29,2023-06-27,2023-06-29
R002087,O002937,3,Decent but packaging could improve.,2023-02-16,2023-02-18,2023-02-21
R002088,O002938,5,"Excellent quality, will buy again.",2023-08-31,2023-08-31,2023-09-03
R002089,O002939,3,"Works fine, nothing special.",2024-02-02,2024-02-02,2024-02-06
R002090,O002940,5,"Excellent quality, will buy again.",2024-11-03,2024-11-03,2024-11-04
R002091,O002943,3,Decent but packaging could improve.,2024-12-21,2024-12-24,2024-12-28
R002092,O002946,3,Decent but packaging could improve.,2023-12-24,2023-12-25,2023-12-27
R002093,O002948,5,"Great product, fast delivery!",2023-02-28,2023-02-26,2023-03-02
R002094,O002949,2,"Works fine, nothing special.",2024-06-13,2024-06-16,2024-06-18
R002095,O002951,5,Good value for money.,2023-08-25,2023-08-25,2023-08-28
R002096,O002952,3,Delivery took longer than expected.,2024-01-09,2024-01-11,2024-01-13
R002097,O002953,2,"Product is okay, average quality.",2024-01-24,2024-01-27,2024-01-31
R002098,O002955,2,Delivery took longer than expected.,2023-05-22,2023-05-24,2023-05-26
R002099,O002957,4,Loved it!,2024-03-30,2024-03-30,2024-04-03
R002100,O002958,3,"Product is okay, average quality.",2024-12-12,2024-12-15,2024-12-16
R002101,O002959,3,"Product is okay, average quality.",2024-06-17,2024-06-18,2024-06-22
R002102,O002960,5,Loved it!,2024-11-19,2024-11-18,2024-11-21
R002103,O002962,4,"Works fine, nothing special.",2024-02-16,2024-02-17,2024-02-18
R002104,O002964,5,Exactly as described. Very happy.,2024-04-11,2024-04-09,2024-04-12
R002105,O002965,4,Exactly as described. Very happy.,2024-03-22,2024-03-20,2024-03-22
R002106,O002966,5,Exactly as described. Very happy.,2024-02-08,2024-02-08,2024-02-10
R002107,O002968,2,Delivery took longer than expected.,2024-01-01,2024-01-04,2024-01-08
R002108,O002969,3,"Works fine, nothing special.",2023-09-13,2023-09-16,2023-09-19
R002109,O002970,2,"Works fine, nothing special.",2023-12-23,2023-12-26,2023-12-27
R002110,O002971,4,"Excellent quality, will buy again.",2023-06-15,2023-06-13,2023-06-17
R002111,O002972,2,Received a damaged item.,2024-09-02,2024-09-11,2024-09-15
R002112,O002974,5,"Great product, fast delivery!",2023-03-21,2023-03-19,2023-03-22
R002113,O002975,2,"Product is okay, average quality.",2023-11-30,2023-12-03,2023-12-07
R002114,O002976,3,Decent but packaging could improve.,2024-04-20,2024-04-23,2024-04-24
R002115,O002977,4,"Product is okay, average quality.",2023-11-15,2023-11-16,2023-11-17
R002116,O002981,4,"Great product, fast delivery!",2024-11-10,2024-11-08,2024-11-11
R002117,O002982,4,Exactly as described. Very happy.,2024-11-30,2024-11-30,2024-12-04
R002118,O002983,3,Delivery took longer than expected.,2023-12-09,2023-12-07,2023-12-08
R002119,O002985,5,Exactly as described. Very happy.,2024-06-11,2024-06-11,2024-06-13
R002120,O002986,3,Delivery took longer than expected.,2023-01-21,2023-01-22,2023-01-25
R002121,O002987,4,Good value for money.,2023-12-19,2023-12-18,2023-12-22
R002122,O002988,4,"Works fine, nothing special.",2023-09-27,2023-09-29,2023-10-03
R002123,O002989,5,Good value for money.,2024-11-09,2024-11-07,2024-11-08
R002124,O002990,5,"Excellent quality, will buy again.",2023-01-23,2023-01-23,2023-01-25
R002125,O002991,5,"Excellent quality, will buy again.",2024-01-07,2024-01-05,2024-01-06
R002126,O002994,2,Delivery took longer than expected.,2023-03-15,2023-03-17,2023-03-19
R002127,O002997,4,"Product is okay, average quality.",2024-03-16,2024-03-17,2024-03-21
R002128,O003000,4,"Product is okay, average quality.",2023-11-30,2023-12-01,2023-12-03
R002129,O003001,4,"Excellent quality, will buy again.",2023-02-18,2023-02-18,2023-02-20
R002130,O003002,4,"Product is okay, average quality.",2023-03-11,2023-03-12,2023-03-16
R002131,O003003,2,Not worth the price.,2024-09-16,2024-09-25,2024-09-27
R002132,O003004,4,"Product is okay, average quality.",2023-06-11,2023-06-14,2023-06-15
R002133,O003005,3,"Works fine, nothing special.",2023-06-23,2023-06-26,2023-06-27
R002134,O003007,3,"Product is okay, average quality.",2024-06-19,2024-06-20,2024-06-22
R002135,O003009,3,"Product is okay, average quality.",2024-02-25,2024-02-27,2024-03-02
R002136,O003010,2,Delivery took longer than expected.,2023-04-28,2023-04-30,2023-05-02
R002137,O003012,2,"Product is okay, average quality.",2023-02-28,2023-03-01,2023-03-03
R002138,O003013,2,Not worth the price.,2024-09-26,2024-10-03,2024-10-05
R002139,O003014,4,Decent but packaging could improve.,2023-04-16,2023-04-17,2023-04-21
R002140,O003015,3,Delivery took longer than expected.,2023-02-10,2023-02-13,2023-02-17
R002141,O003016,5,Good value for money.,2023-11-10,2023-11-08,2023-11-11
R002142,O003017,4,Good value for money.,2024-10-15,2024-10-15,2024-10-18
R002143,O003018,5,Good value for money.,2023-07-26,2023-07-25,2023-07-29
R002144,O003021,5,Exactly as described. Very happy.,2023-12-02,2023-12-02,2023-12-03
R002145,O003023,2,"Product is okay, average quality.",2024-02-21,2024-02-23,2024-02-27
R002146,O003024,2,"Works fine, nothing special.",2023-09-07,2023-09-08,2023-09-11
R002147,O003025,5,"Excellent quality, will buy again.",2023-08-07,2023-08-05,2023-08-08
R002148,O003026,4,"Excellent quality, will buy again.",2023-03-22,2023-03-21,2023-03-22
R002149,O003027,3,Delivery took longer than expected.,2023-09-08,2023-09-09,2023-09-13
R002150,O003028,5,"Excellent quality, will buy again.",2023-03-22,2023-03-20,2023-03-22
R002151,O003029,4,Decent but packaging could improve.,2024-06-29,2024-07-02,2024-07-05
R002152,O003030,5,Good value for money.,2024-12-15,2024-12-15,2024-12-17
R002153,O003032,5,Loved it!,2024-10-18,2024-10-16,2024-10-17
R002154,O003033,4,"Great product, fast delivery!",2024-02-20,2024-02-20,2024-02-24
R002155,O003034,4,"Great product, fast delivery!",2024-05-15,2024-05-15,2024-05-19
R002156,O003036,5,"Excellent quality, will buy again.",2024-04-02,2024-04-01,2024-04-04
R002157,O003041,4,"Works fine, nothing special.",2023-08-11,2023-08-12,2023-08-15
R002158,O003042,5,Exactly as described. Very happy.,2024-11-10,2024-11-09,2024-11-11
R002159,O003043,3,"Product is okay, average quality.",2023-02-19,2023-02-22,2023-02-23
R002160,O003046,5,Good value for money.,2024-03-24,2024-03-23,2024-03-27
R002161,O003048,3,Delivery took longer than expected.,2023-07-06,2023-07-05,2023-07-09
R002162,O003049,4,"Excellent quality, will buy again.",2023-09-24,2023-09-23,2023-09-26
R002163,O003050,4,Loved it!,2024-10-24,2024-10-23,2024-10-26
R002164,O003051,5,Loved it!,2024-01-11,2024-01-10,2024-01-12
R002165,O003052,5,"Excellent quality, will buy again.",2023-12-24,2023-12-23,2023-12-27
R002166,O003054,5,Exactly as described. Very happy.,2023-01-21,2023-01-20,2023-01-22
R002167,O003055,3,Delivery took longer than expected.,2024-12-27,2024-12-25,2024-12-27
R002168,O003056,4,"Product is okay, average quality.",2023-10-16,2023-10-19,2023-10-20
R002169,O003057,5,"Excellent quality, will buy again.",2024-02-25,2024-02-24,2024-02-27
R002170,O003058,4,Good value for money.,2023-03-27,2023-03-26,2023-03-27
R002171,O003060,5,"Excellent quality, will buy again.",2024-12-04,2024-12-03,2024-12-05
R002172,O003061,4,"Product is okay, average quality.",2024-02-23,2024-02-26,2024-02-28
R002173,O003063,4,Good value for money.,2024-03-01,2024-03-01,2024-03-02
R002174,O003064,4,Good value for money.,2024-07-03,2024-07-03,2024-07-04
R002175,O003065,4,Delivery took longer than expected.,2023-11-03,2023-11-04,2023-11-08
R002176,O003067,2,Decent but packaging could improve.,2024-04-06,2024-04-08,2024-04-09
R002177,O003068,3,"Works fine, nothing special.",2024-12-05,2024-12-06,2024-12-07
R002178,O003072,5,Exactly as described. Very happy.,2023-06-19,2023-06-19,2023-06-22
R002179,O003074,5,"Excellent quality, will buy again.",2024-06-08,2024-06-08,2024-06-09
R002180,O003076,4,Delivery took longer than expected.,2023-08-11,2023-08-12,2023-08-16
R002181,O003078,4,Decent but packaging could improve.,2024-06-22,2024-06-23,2024-06-24
R002182,O003079,5,"Excellent quality, will buy again.",2023-12-27,2023-12-26,2023-12-30
R002183,O003080,3,"Works fine, nothing special.",2023-07-02,2023-07-05,2023-07-08
R002184,O003081,4,"Excellent quality, will buy again.",2024-03-14,2024-03-14,2024-03-16
R002185,O003083,4,Loved it!,2023-08-31,2023-08-30,2023-09-03
R002186,O003084,4,Delivery took longer than expected.,2023-11-26,2023-11-29,2023-12-01
R002187,O003085,4,Decent but packaging could improve.,2023-04-08,2023-04-11,2023-04-12
R002188,O003086,5,"Great product, fast delivery!",2024-12-29,2024-12-28,2024-12-31
R002189,O003088,3,Decent but packaging could improve.,2023-04-08,2023-04-08,2023-04-09
R002190,O003089,5,Exactly as described. Very happy.,2023-06-30,2023-06-29,2023-06-30
R002191,O003093,2,"Works fine, nothing special.",2023-02-01,2023-02-02,2023-02-06
R002192,O003094,2,"Works fine, nothing special.",2023-01-14,2023-01-15,2023-01-17
R002193,O003095,4,"Works fine, nothing special.",2023-11-29,2023-11-30,2023-12-04
R002194,O003097,5,Loved it!,2024-11-15,2024-11-15,2024-11-19
R002195,O003098,4,Loved it!,2023-04-01,2023-03-31,2023-04-03
R002196,O003099,4,"Product is okay, average quality.",2024-01-11,2024-01-14,2024-01-16
R002197,O003100,5,Exactly as described. Very happy.,2024-11-15,2024-11-14,2024-11-16
R002198,O003101,3,Delivery took longer than expected.,2023-10-16,2023-10-17,2023-10-19
R002199,O003102,3,Received a damaged item.,2024-09-16,2024-09-24,2024-09-28
R002200,O003104,4,"Works fine, nothing special.",2024-11-22,2024-11-25,2024-11-28
R002201,O003105,3,"Works fine, nothing special.",2024-06-26,2024-06-28,2024-06-30
R002202,O003106,4,Decent but packaging could improve.,2024-12-12,2024-12-14,2024-12-17
R002203,O003107,3,Decent but packaging could improve.,2024-04-23,2024-04-22,2024-04-25
R002204,O003108,3,Decent but packaging could improve.,2023-09-24,2023-09-25,2023-09-29
R002205,O003109,4,"Great product, fast delivery!",2024-11-29,2024-11-28,2024-12-02
R002206,O003110,4,"Works fine, nothing special.",2023-07-25,2023-07-27,2023-07-29
R002207,O003112,3,Delivery took longer than expected.,2024-05-31,2024-05-29,2024-05-30
R002208,O003114,4,Delivery took longer than expected.,2024-11-29,2024-12-02,2024-12-06
R002209,O003116,2,"Poor packaging, item was scratched.",2024-08-27,2024-09-05,2024-09-07
R002210,O003117,4,Good value for money.,2024-06-21,2024-06-21,2024-06-25
R002211,O003119,4,Delivery took longer than expected.,2023-10-07,2023-10-10,2023-10-12
R002212,O003120,5,Loved it!,2023-07-26,2023-07-26,2023-07-30
R002213,O003121,3,Delivery took longer than expected.,2023-08-12,2023-08-14,2023-08-15
R002214,O003123,2,"Works fine, nothing special.",2024-03-13,2024-03-16,2024-03-17
R002215,O003124,3,"Product is okay, average quality.",2024-05-19,2024-05-21,2024-05-22
R002216,O003126,3,"Works fine, nothing special.",2023-10-18,2023-10-18,2023-10-22
R002217,O003127,3,Product quality not as expected.,2024-08-20,2024-08-30,2024-09-01
R002218,O003130,3,Decent but packaging could improve.,2023-05-20,2023-05-20,2023-05-24
R002219,O003132,3,"Works fine, nothing special.",2023-06-09,2023-06-12,2023-06-15
R002220,O003133,3,Decent but packaging could improve.,2023-08-31,2023-09-03,2023-09-04
R002221,O003134,3,"Product is okay, average quality.",2024-06-26,2024-06-27,2024-06-28
R002222,O003135,2,"Product is okay, average quality.",2023-10-22,2023-10-23,2023-10-27
R002223,O003137,3,Decent but packaging could improve.,2023-11-13,2023-11-16,2023-11-17
R002224,O003139,4,Exactly as described. Very happy.,2023-06-15,2023-06-15,2023-06-19
R002225,O003140,3,Decent but packaging could improve.,2023-03-03,2023-03-06,2023-03-10
R002226,O003141,3,Decent but packaging could improve.,2023-09-02,2023-09-04,2023-09-07
R002227,O003142,4,"Excellent quality, will buy again.",2023-12-20,2023-12-19,2023-12-23
R002228,O003143,2,Decent but packaging could improve.,2023-05-26,2023-05-29,2023-05-31
R002229,O003144,4,Decent but packaging could improve.,2023-09-14,2023-09-17,2023-09-21
R002230,O003146,5,"Great product, fast delivery!",2023-03-07,2023-03-07,2023-03-09
R002231,O003147,4,Decent but packaging could improve.,2024-02-13,2024-02-15,2024-02-19
R002232,O003151,4,Loved it!,2024-04-15,2024-04-13,2024-04-15
R002233,O003152,4,"Excellent quality, will buy again.",2023-11-20,2023-11-20,2023-11-23
R002234,O003153,5,Loved it!,2024-05-31,2024-05-29,2024-06-02
R002235,O003154,3,Delivery took longer than expected.,2023-12-01,2023-12-03,2023-12-04
R002236,O003156,4,Exactly as described. Very happy.,2023-02-04,2023-02-03,2023-02-04
R002237,O003158,4,"Great product, fast delivery!",2024-04-29,2024-04-28,2024-05-02
R002238,O003159,3,Delivery took longer than expected.,2023-01-14,2023-01-15,2023-01-18
R002239,O003160,3,Delivery took longer than expected.,2023-09-17,2023-09-17,2023-09-20
R002240,O003162,2,"Works fine, nothing special.",2023-11-26,2023-11-28,2023-12-01
R002241,O003163,3,Delivery took longer than expected.,2023-12-08,2023-12-06,2023-12-07
R002242,O003164,2,"Product is okay, average quality.",2024-11-11,2024-11-12,2024-11-14
R002243,O003165,4,"Great product, fast delivery!",2024-05-09,2024-05-07,2024-05-08
R002244,O003166,4,Exactly as described. Very happy.,2024-02-19,2024-02-19,2024-02-23
R002245,O003167,1,"Poor packaging, item was scratched.",2024-08-19,2024-08-28,2024-08-29
R002246,O003168,2,"Product is okay, average quality.",2024-10-20,2024-10-22,2024-10-24
R002247,O003170,2,Decent but packaging could improve.,2024-01-03,2024-01-04,2024-01-08
R002248,O003172,3,"Works fine, nothing special.",2024-12-23,2024-12-24,2024-12-25
R002249,O003174,3,"Product is okay, average quality.",2023-03-28,2023-03-29,2023-03-31
R002250,O003175,5,Exactly as described. Very happy.,2024-10-31,2024-10-29,2024-10-30
R002251,O003177,4,"Works fine, nothing special.",2023-02-22,2023-02-25,2023-02-28
R002252,O003178,4,"Works fine, nothing special.",2024-01-27,2024-01-29,2024-01-30
R002253,O003179,5,Exactly as described. Very happy.,2023-11-18,2023-11-16,2023-11-17
R002254,O003180,3,Delivery took longer than expected.,2024-11-16,2024-11-18,2024-11-20
R002255,O003181,4,"Excellent quality, will buy again.",2023-06-29,2023-06-29,2023-07-03
R002256,O003183,5,"Great product, fast delivery!",2024-01-19,2024-01-17,2024-01-19
R002257,O003184,5,"Great product, fast delivery!",2023-03-06,2023-03-06,2023-03-07
R002258,O003185,4,Decent but packaging could improve.,2024-12-09,2024-12-11,2024-12-15
R002259,O003186,3,"Product is okay, average quality.",2023-12-23,2023-12-25,2023-12-26
R002260,O003187,4,"Excellent quality, will buy again.",2023-08-01,2023-07-30,2023-08-02
R002261,O003190,2,"Product is okay, average quality.",2023-09-02,2023-09-03,2023-09-04
R002262,O003191,4,"Product is okay, average quality.",2023-05-21,2023-05-23,2023-05-27
R002263,O003192,3,Decent but packaging could improve.,2023-04-19,2023-04-21,2023-04-22
R002264,O003193,3,Decent but packaging could improve.,2023-09-02,2023-09-03,2023-09-04
R002265,O003195,4,"Great product, fast delivery!",2023-12-28,2023-12-28,2023-12-29
R002266,O003197,4,"Works fine, nothing special.",2023-05-15,2023-05-17,2023-05-21
R002267,O003198,2,"Works fine, nothing special.",2023-09-05,2023-09-07,2023-09-11
R002268,O003199,4,"Product is okay, average quality.",2024-12-10,2024-12-11,2024-12-12
R002269,O003200,3,Delivery took longer than expected.,2023-09-20,2023-09-22,2023-09-24
R002270,O003202,3,Decent but packaging could improve.,2023-12-07,2023-12-09,2023-12-10
R002271,O003204,3,"Product is okay, average quality.",2024-11-20,2024-11-23,2024-11-27
R002272,O003205,5,Loved it!,2023-11-07,2023-11-06,2023-11-08
R002273,O003206,5,"Great product, fast delivery!",2024-05-10,2024-05-09,2024-05-11
R002274,O003207,3,Decent but packaging could improve.,2024-12-27,2024-12-29,2024-12-31
R002275,O003208,5,Loved it!,2023-02-14,2023-02-12,2023-02-15
R002276,O003209,2,"Product is okay, average quality.",2023-03-21,2023-03-24,2023-03-26
R002277,O003210,2,"Product is okay, average quality.",2024-05-10,2024-05-13,2024-05-17
R002278,O003211,5,Loved it!,2023-07-09,2023-07-09,2023-07-12
R002279,O003215,5,Good value for money.,2024-06-10,2024-06-09,2024-06-12
R002280,O003217,3,"Works fine, nothing special.",2023-11-21,2023-11-22,2023-11-23
R002281,O003218,3,Delivery took longer than expected.,2024-03-01,2024-03-04,2024-03-08
R002282,O003220,4,"Product is okay, average quality.",2023-01-21,2023-01-24,2023-01-26
R002283,O003225,4,Decent but packaging could improve.,2023-11-14,2023-11-15,2023-11-16
R002284,O003226,4,Good value for money.,2024-01-21,2024-01-21,2024-01-22
R002285,O003228,5,"Great product, fast delivery!",2023-10-10,2023-10-08,2023-10-12
R002286,O003229,4,"Product is okay, average quality.",2024-11-25,2024-11-28,2024-11-29
R002287,O003230,3,Delivery took longer than expected.,2024-11-12,2024-11-15,2024-11-17
R002288,O003231,4,"Great product, fast delivery!",2023-09-28,2023-09-27,2023-09-29
R002289,O003232,5,Loved it!,2024-03-09,2024-03-09,2024-03-13
R002290,O003236,5,Good value for money.,2023-11-16,2023-11-14,2023-11-16
R002291,O003237,5,Exactly as described. Very happy.,2023-07-21,2023-07-19,2023-07-22
R002292,O003238,2,"Product is okay, average quality.",2024-12-18,2024-12-20,2024-12-21
R002293,O003239,3,"Product is okay, average quality.",2023-05-04,2023-05-07,2023-05-11
R002294,O003240,4,Exactly as described. Very happy.,2024-02-28,2024-02-28,2024-02-29
R002295,O003241,4,"Great product, fast delivery!",2023-07-24,2023-07-23,2023-07-24
R002296,O003242,5,"Excellent quality, will buy again.",2023-07-27,2023-07-25,2023-07-29
R002297,O003244,3,"Product is okay, average quality.",2025-01-01,2025-01-03,2025-01-07
R002298,O003246,5,Loved it!,2024-02-18,2024-02-16,2024-02-17
R002299,O003247,5,Good value for money.,2023-03-30,2023-03-30,2023-03-31
R002300,O003248,4,"Works fine, nothing special.",2023-05-14,2023-05-17,2023-05-18
R002301,O003249,4,Loved it!,2023-11-17,2023-11-15,2023-11-17
R002302,O003252,3,Decent but packaging could improve.,2023-08-18,2023-08-19,2023-08-22
R002303,O003253,3,Decent but packaging could improve.,2023-03-07,2023-03-09,2023-03-10
R002304,O003254,4,Loved it!,2023-08-15,2023-08-13,2023-08-16
R002305,O003255,3,Delivery took longer than expected.,2024-12-17,2024-12-18,2024-12-22
R002306,O003256,5,Good value for money.,2024-12-10,2024-12-10,2024-12-14
R002307,O003257,2,Decent but packaging could improve.,2023-09-12,2023-09-15,2023-09-16
R002308,O003258,4,"Excellent quality, will buy again.",2024-02-26,2024-02-26,2024-02-29
R002309,O003259,4,"Excellent quality, will buy again.",2024-12-02,2024-12-02,2024-12-03
R002310,O003260,2,Decent but packaging could improve.,2023-01-31,2023-02-02,2023-02-06
R002311,O003261,1,Product quality not as expected.,2024-08-19,2024-08-28,2024-08-31
R002312,O003262,4,Decent but packaging could improve.,2024-12-25,2024-12-28,2025-01-01
R002313,O003264,4,"Product is okay, average quality.",2023-05-29,2023-05-30,2023-06-02
R002314,O003266,5,"Great product, fast delivery!",2024-01-23,2024-01-21,2024-01-25
R002315,O003267,3,Delivery took longer than expected.,2023-01-14,2023-01-15,2023-01-19
R002316,O003268,4,Decent but packaging could improve.,2023-07-29,2023-07-30,2023-08-03
R002317,O003269,2,"Product is okay, average quality.",2023-11-21,2023-11-23,2023-11-25
R002318,O003270,5,Loved it!,2024-05-13,2024-05-12,2024-05-16
R002319,O003271,4,"Great product, fast delivery!",2024-06-08,2024-06-06,2024-06-10
R002320,O003272,5,Loved it!,2024-12-18,2024-12-17,2024-12-21
R002321,O003275,4,"Excellent quality, will buy again.",2024-01-28,2024-01-26,2024-01-29
R002322,O003277,5,Good value for money.,2023-05-06,2023-05-06,2023-05-10
R002323,O003280,3,"Product is okay, average quality.",2023-12-26,2023-12-29,2023-12-30
R002324,O003281,3,"Works fine, nothing special.",2024-02-18,2024-02-18,2024-02-20
R002325,O003282,3,"Works fine, nothing special.",2023-06-13,2023-06-16,2023-06-19
R002326,O003283,4,"Great product, fast delivery!",2024-01-26,2024-01-25,2024-01-28
R002327,O003285,3,Delivery took longer than expected.,2024-01-02,2024-01-01,2024-01-02
R002328,O003286,4,"Excellent quality, will buy again.",2024-12-23,2024-12-23,2024-12-26
R002329,O003287,4,Exactly as described. Very happy.,2024-03-12,2024-03-11,2024-03-13
R002330,O003288,3,"Works fine, nothing special.",2023-10-18,2023-10-21,2023-10-22
R002331,O003289,3,Decent but packaging could improve.,2024-06-27,2024-06-29,2024-07-02
R002332,O003290,4,Good value for money.,2023-05-12,2023-05-10,2023-05-12
R002333,O003291,4,"Great product, fast delivery!",2023-10-05,2023-10-05,2023-10-08
R002334,O003293,4,Exactly as described. Very happy.,2023-11-20,2023-11-18,2023-11-20
R002335,O003295,3,"Product is okay, average quality.",2023-12-27,2023-12-26,2023-12-28
R002336,O003296,3,Received a damaged item.,2024-07-24,2024-07-31,2024-08-04
R002337,O003299,3,Not worth the price.,2024-08-26,2024-09-03,2024-09-05
R002338,O003300,4,Delivery took longer than expected.,2023-06-23,2023-06-26,2023-06-28
R002339,O003301,4,"Great product, fast delivery!",2023-06-18,2023-06-17,2023-06-18
R002340,O003305,5,Loved it!,2024-04-22,2024-04-21,2024-04-24
R002341,O003306,3,Delivery took longer than expected.,2023-12-22,2023-12-25,2023-12-26
R002342,O003307,2,"Product is okay, average quality.",2023-11-16,2023-11-19,2023-11-22
R002343,O003308,4,"Works fine, nothing special.",2024-12-31,2025-01-02,2025-01-04
R002344,O003309,4,Delivery took longer than expected.,2024-02-08,2024-02-11,2024-02-15
R002345,O003311,4,Delivery took longer than expected.,2023-04-28,2023-04-30,2023-05-03
R002346,O003312,4,"Great product, fast delivery!",2024-01-08,2024-01-07,2024-01-08
R002347,O003313,3,Delivery took longer than expected.,2024-10-16,2024-10-18,2024-10-20
R002348,O003314,4,Good value for money.,2024-02-23,2024-02-22,2024-02-23
R002349,O003315,3,"Product is okay, average quality.",2024-05-08,2024-05-11,2024-05-12
R002350,O003317,5,Exactly as described. Very happy.,2023-03-18,2023-03-17,2023-03-19
R002351,O003318,4,Good value for money.,2023-11-23,2023-11-23,2023-11-27
R002352,O003321,2,Decent but packaging could improve.,2023-07-21,2023-07-24,2023-07-27
R002353,O003322,2,Decent but packaging could improve.,2025-01-01,2025-01-02,2025-01-05
R002354,O003323,3,Delivery took longer than expected.,2024-12-15,2024-12-16,2024-12-19
R002355,O003324,5,Good value for money.,2023-07-16,2023-07-15,2023-07-17
R002356,O003326,5,Exactly as described. Very happy.,2024-11-08,2024-11-08,2024-11-10
R002357,O003327,3,Decent but packaging could improve.,2024-12-10,2024-12-13,2024-12-15
R002358,O003328,5,"Great product, fast delivery!",2023-11-07,2023-11-05,2023-11-09
R002359,O003329,4,"Product is okay, average quality.",2023-08-24,2023-08-26,2023-08-29
R002360,O003330,5,Exactly as described. Very happy.,2023-12-14,2023-12-13,2023-12-16
R002361,O003331,5,Loved it!,2024-05-25,2024-05-24,2024-05-26
R002362,O003334,4,"Great product, fast delivery!",2023-03-05,2023-03-04,2023-03-07
R002363,O003335,2,"Works fine, nothing special.",2023-02-12,2023-02-13,2023-02-17
R002364,O003337,4,"Product is okay, average quality.",2023-09-15,2023-09-16,2023-09-18
R002365,O003338,4,Exactly as described. Very happy.,2023-08-14,2023-08-14,2023-08-18
R002366,O003339,4,Delivery took longer than expected.,2023-12-09,2023-12-12,2023-12-13
R002367,O003341,4,"Excellent quality, will buy again.",2023-05-24,2023-05-24,2023-05-25
R002368,O003344,4,"Works fine, nothing special.",2023-11-10,2023-11-13,2023-11-16
R002369,O003346,3,Decent but packaging could improve.,2024-02-17,2024-02-15,2024-02-17
R002370,O003347,4,"Great product, fast delivery!",2024-12-23,2024-12-22,2024-12-23
R002371,O003348,4,"Great product, fast delivery!",2023-07-05,2023-07-05,2023-07-08
R002372,O003349,5,"Great product, fast delivery!",2024-04-12,2024-04-11,2024-04-12
R002373,O003350,3,"Product is okay, average quality.",2024-05-05,2024-05-06,2024-05-09
R002374,O003351,5,"Excellent quality, will buy again.",2024-02-17,2024-02-17,2024-02-21
R002375,O003352,4,Good value for money.,2023-03-13,2023-03-13,2023-03-16
R002376,O003353,5,"Excellent quality, will buy again.",2024-04-15,2024-04-14,2024-04-15
R002377,O003355,5,"Great product, fast delivery!",2024-02-14,2024-02-12,2024-02-15
R002378,O003359,5,"Excellent quality, will buy again.",2023-01-07,2023-01-06,2023-01-09
R002379,O003361,4,Loved it!,2023-12-05,2023-12-04,2023-12-08
R002380,O003362,5,"Great product, fast delivery!",2023-06-10,2023-06-08,2023-06-09
R002381,O003363,3,Delivery took longer than expected.,2023-04-23,2023-04-26,2023-04-29
R002382,O003365,4,Exactly as described. Very happy.,2023-02-26,2023-02-26,2023-03-02
R002383,O003366,3,Decent but packaging could improve.,2023-06-12,2023-06-15,2023-06-19
R002384,O003367,3,"Product is okay, average quality.",2023-09-07,2023-09-10,2023-09-14
R002385,O003368,5,"Excellent quality, will buy again.",2024-03-31,2024-03-29,2024-03-30
R002386,O003369,4,Delivery took longer than expected.,2024-01-23,2024-01-25,2024-01-29
R002387,O003370,5,Good value for money.,2023-04-13,2023-04-12,2023-04-16
R002388,O003372,4,Delivery took longer than expected.,2023-06-21,2023-06-23,2023-06-27
R002389,O003373,4,"Product is okay, average quality.",2023-06-08,2023-06-10,2023-06-12
R002390,O003374,3,Delivery took longer than expected.,2023-11-26,2023-11-24,2023-11-26
R002391,O003375,5,Loved it!,2024-05-21,2024-05-20,2024-05-23
R002392,O003376,4,"Product is okay, average quality.",2023-06-09,2023-06-11,2023-06-15
R002393,O003379,3,"Works fine, nothing special.",2024-12-05,2024-12-05,2024-12-07
R002394,O003383,4,Loved it!,2023-03-01,2023-03-01,2023-03-03
R002395,O003384,3,"Works fine, nothing special.",2023-08-21,2023-08-23,2023-08-26
R002396,O003385,2,"Works fine, nothing special.",2023-07-23,2023-07-24,2023-07-27
R002397,O003387,1,"Very late delivery, disappointed.",2024-07-14,2024-07-24,2024-07-26
R002398,O003388,4,"Works fine, nothing special.",2024-10-25,2024-10-26,2024-10-29
R002399,O003390,4,"Great product, fast delivery!",2023-09-24,2023-09-22,2023-09-26
R002400,O003391,3,Delivery took longer than expected.,2024-05-11,2024-05-14,2024-05-16
R002401,O003392,5,"Excellent quality, will buy again.",2023-08-21,2023-08-19,2023-08-21
R002402,O003393,2,Delivery took longer than expected.,2023-02-21,2023-02-23,2023-02-27
R002403,O003396,4,Decent but packaging could improve.,2023-11-27,2023-11-28,2023-12-02
R002404,O003397,2,Decent but packaging could improve.,2023-08-30,2023-08-31,2023-09-02
R002405,O003399,5,"Great product, fast delivery!",2024-06-15,2024-06-14,2024-06-17
R002406,O003400,3,"Works fine, nothing special.",2023-08-23,2023-08-26,2023-08-28
R002407,O003402,4,"Works fine, nothing special.",2023-08-11,2023-08-12,2023-08-16
R002408,O003403,5,Loved it!,2023-11-29,2023-11-29,2023-12-02
R002409,O003405,5,"Excellent quality, will buy again.",2024-05-27,2024-05-25,2024-05-27
R002410,O003407,3,Decent but packaging could improve.,2023-06-26,2023-06-29,2023-07-01
R002411,O003408,4,Decent but packaging could improve.,2024-04-30,2024-05-02,2024-05-03
R002412,O003409,3,Decent but packaging could improve.,2024-03-13,2024-03-15,2024-03-19
R002413,O003410,5,"Excellent quality, will buy again.",2024-12-03,2024-12-01,2024-12-04
R002414,O003411,4,"Great product, fast delivery!",2023-05-10,2023-05-08,2023-05-12
R002415,O003412,3,"Product is okay, average quality.",2024-06-29,2024-06-30,2024-07-04
R002416,O003413,4,Loved it!,2024-01-28,2024-01-28,2024-01-30
R002417,O003415,3,"Product is okay, average quality.",2023-12-20,2023-12-20,2023-12-21
R002418,O003416,3,Decent but packaging could improve.,2023-09-08,2023-09-11,2023-09-14
R002419,O003417,4,Decent but packaging could improve.,2024-02-08,2024-02-11,2024-02-14
R002420,O003418,5,Loved it!,2024-11-26,2024-11-24,2024-11-26
R002421,O003419,3,Delivery took longer than expected.,2024-02-01,2024-02-03,2024-02-04
R002422,O003420,3,Delivery took longer than expected.,2024-04-01,2024-04-02,2024-04-06
R002423,O003421,3,"Works fine, nothing special.",2023-12-28,2023-12-30,2024-01-01
R002424,O003422,4,"Works fine, nothing special.",2023-02-17,2023-02-18,2023-02-22
R002425,O003424,3,"Works fine, nothing special.",2023-12-25,2023-12-26,2023-12-29
R002426,O003426,4,Loved it!,2023-05-22,2023-05-22,2023-05-26
R002427,O003427,4,Exactly as described. Very happy.,2023-12-07,2023-12-06,2023-12-07
R002428,O003429,4,Loved it!,2023-07-26,2023-07-26,2023-07-27
R002429,O003430,4,Loved it!,2023-12-01,2023-11-30,2023-12-01
R002430,O003431,5,Good value for money.,2023-04-29,2023-04-28,2023-05-02
R002431,O003433,5,"Excellent quality, will buy again.",2024-10-18,2024-10-17,2024-10-18
R002432,O003434,4,"Product is okay, average quality.",2024-05-09,2024-05-10,2024-05-13
R002433,O003435,5,"Great product, fast delivery!",2023-03-22,2023-03-20,2023-03-21
R002434,O003436,3,Not worth the price.,2024-07-08,2024-07-14,2024-07-15
R002435,O003437,1,Not worth the price.,2024-08-30,2024-09-06,2024-09-07
R002436,O003438,3,Delivery took longer than expected.,2024-07-01,2024-07-01,2024-07-03
R002437,O003440,4,Good value for money.,2024-03-14,2024-03-14,2024-03-16
R002438,O003441,2,Not worth the price.,2024-09-19,2024-09-26,2024-09-27
R002439,O003442,5,Loved it!,2024-02-23,2024-02-21,2024-02-25
R002440,O003445,4,Decent but packaging could improve.,2023-12-05,2023-12-06,2023-12-10
R002441,O003447,4,Loved it!,2024-03-28,2024-03-28,2024-03-29
R002442,O003449,3,Delivery took longer than expected.,2023-11-13,2023-11-14,2023-11-15
R002443,O003450,3,"Works fine, nothing special.",2023-07-22,2023-07-23,2023-07-27
R002444,O003453,2,"Works fine, nothing special.",2024-05-29,2024-05-30,2024-06-01
R002445,O003454,2,"Very late delivery, disappointed.",2024-07-08,2024-07-17,2024-07-18
R002446,O003455,5,Good value for money.,2023-05-18,2023-05-17,2023-05-19
R002447,O003456,4,"Excellent quality, will buy again.",2023-03-09,2023-03-09,2023-03-11
R002448,O003459,5,Loved it!,2024-01-01,2024-01-01,2024-01-05
R002449,O003460,5,Exactly as described. Very happy.,2023-11-25,2023-11-24,2023-11-27
R002450,O003462,4,Exactly as described. Very happy.,2024-04-10,2024-04-08,2024-04-11
R002451,O003463,2,Delivery took longer than expected.,2024-10-25,2024-10-27,2024-10-29
R002452,O003464,1,"Very late delivery, disappointed.",2024-09-25,2024-10-05,2024-10-06
R002453,O003467,4,Decent but packaging could improve.,2023-03-11,2023-03-14,2023-03-17
R002454,O003469,2,"Works fine, nothing special.",2023-07-15,2023-07-16,2023-07-18
R002455,O003470,4,"Works fine, nothing special.",2023-04-26,2023-04-29,2023-04-30
R002456,O003471,4,Decent but packaging could improve.,2023-07-22,2023-07-24,2023-07-28
R002457,O003474,3,"Product is okay, average quality.",2024-04-03,2024-04-01,2024-04-04
R002458,O003475,1,Received a damaged item.,2024-09-08,2024-09-14,2024-09-18
R002459,O003476,4,Decent but packaging could improve.,2024-05-21,2024-05-23,2024-05-25
R002460,O003477,4,Decent but packaging could improve.,2023-04-02,2023-04-03,2023-04-06
R002461,O003478,4,"Excellent quality, will buy again.",2024-06-18,2024-06-16,2024-06-20
R002462,O003479,5,Good value for money.,2023-07-26,2023-07-25,2023-07-29
R002463,O003480,4,"Works fine, nothing special.",2024-03-26,2024-03-29,2024-04-01
R002464,O003481,4,Exactly as described. Very happy.,2023-09-14,2023-09-14,2023-09-18
R002465,O003482,2,Decent but packaging could improve.,2024-12-14,2024-12-15,2024-12-18
R002466,O003484,4,"Product is okay, average quality.",2023-07-27,2023-07-30,2023-08-02
R002467,O003485,2,Delivery took longer than expected.,2024-11-24,2024-11-27,2024-11-30
R002468,O003487,3,Decent but packaging could improve.,2024-05-14,2024-05-14,2024-05-15
R002469,O003488,4,"Great product, fast delivery!",2024-06-11,2024-06-11,2024-06-14
R002470,O003489,1,"Poor packaging, item was scratched.",2024-09-13,2024-09-23,2024-09-25
R002471,O003490,4,Decent but packaging could improve.,2024-12-16,2024-12-18,2024-12-22
R002472,O003491,4,Loved it!,2024-12-21,2024-12-20,2024-12-23
R002473,O003492,5,"Excellent quality, will buy again.",2023-02-19,2023-02-17,2023-02-21
R002474,O003493,1,Not worth the price.,2024-09-30,2024-10-07,2024-10-08
R002475,O003494,2,"Product is okay, average quality.",2024-03-20,2024-03-22,2024-03-25
R002476,O003495,4,Delivery took longer than expected.,2024-03-20,2024-03-22,2024-03-24
R002477,O003497,4,Delivery took longer than expected.,2024-05-03,2024-05-04,2024-05-06
R002478,O003499,4,Good value for money.,2024-11-28,2024-11-27,2024-12-01
R002479,O003500,3,"Product is okay, average quality.",2023-11-12,2023-11-15,2023-11-18
R002480,O003503,1,Product quality not as expected.,2024-09-15,2024-09-25,2024-09-29
R002481,O003504,5,Exactly as described. Very happy.,2024-05-12,2024-05-10,2024-05-11
R002482,O003505,5,Good value for money.,2023-11-23,2023-11-21,2023-11-23
R002483,O003506,4,Decent but packaging could improve.,2023-02-14,2023-02-17,2023-02-18
R002484,O003507,5,"Great product, fast delivery!",2023-11-07,2023-11-05,2023-11-07
R002485,O003508,3,Delivery took longer than expected.,2023-11-21,2023-11-21,2023-11-25
R002486,O003509,3,Delivery took longer than expected.,2024-11-11,2024-11-10,2024-11-13
R002487,O003510,2,Decent but packaging could improve.,2024-03-17,2024-03-18,2024-03-22
R002488,O003511,3,"Works fine, nothing special.",2023-09-03,2023-09-06,2023-09-10
R002489,O003512,5,"Excellent quality, will buy again.",2023-12-12,2023-12-11,2023-12-13
R002490,O003513,4,Loved it!,2023-02-28,2023-02-27,2023-03-03
R002491,O003515,3,Decent but packaging could improve.,2023-09-27,2023-09-25,2023-09-27
R002492,O003516,4,Decent but packaging could improve.,2024-01-01,2024-01-04,2024-01-05
R002493,O003517,5,"Great product, fast delivery!",2023-09-23,2023-09-21,2023-09-23
R002494,O003518,3,"Product is okay, average quality.",2024-04-24,2024-04-25,2024-04-29
R002495,O003519,3,Decent but packaging could improve.,2024-04-27,2024-04-30,2024-05-01
R002496,O003521,3,Decent but packaging could improve.,2023-08-02,2023-08-02,2023-08-06
R002497,O003522,3,"Works fine, nothing special.",2023-08-31,2023-09-02,2023-09-04
R002498,O003523,4,"Great product, fast delivery!",2023-04-25,2023-04-24,2023-04-28
R002499,O003524,5,Exactly as described. Very happy.,2024-04-10,2024-04-10,2024-04-12
R002500,O003525,4,Decent but packaging could improve.,2023-03-02,2023-03-03,2023-03-06
R002501,O003526,4,Delivery took longer than expected.,2024-02-11,2024-02-13,2024-02-16
R002502,O003527,4,"Excellent quality, will buy again.",2024-10-20,2024-10-20,2024-10-24
R002503,O003528,4,Good value for money.,2024-11-17,2024-11-16,2024-11-17
R002504,O003529,2,"Works fine, nothing special.",2023-12-04,2023-12-06,2023-12-09
R002505,O003530,4,"Product is okay, average quality.",2023-11-08,2023-11-09,2023-11-13
R002506,O003532,2,"Product is okay, average quality.",2024-05-02,2024-05-05,2024-05-07
R002507,O003533,1,"Poor packaging, item was scratched.",2024-09-07,2024-09-13,2024-09-14
R002508,O003535,2,"Product is okay, average quality.",2023-11-22,2023-11-24,2023-11-26
R002509,O003536,4,"Works fine, nothing special.",2024-10-06,2024-10-07,2024-10-10
R002510,O003537,3,Decent but packaging could improve.,2024-11-09,2024-11-11,2024-11-12
R002511,O003538,5,Good value for money.,2023-07-09,2023-07-08,2023-07-12
R002512,O003539,4,Exactly as described. Very happy.,2024-01-21,2024-01-19,2024-01-20
R002513,O003540,3,"Product is okay, average quality.",2023-05-12,2023-05-14,2023-05-15
R002514,O003541,3,Decent but packaging could improve.,2023-03-18,2023-03-21,2023-03-22
R002515,O003543,3,Received a damaged item.,2024-09-08,2024-09-17,2024-09-18
R002516,O003544,3,"Works fine, nothing special.",2024-07-01,2024-06-29,2024-07-01
R002517,O003546,4,Decent but packaging could improve.,2024-10-11,2024-10-12,2024-10-14
R002518,O003548,5,Exactly as described. Very happy.,2023-09-08,2023-09-07,2023-09-10
R002519,O003549,4,Good value for money.,2024-01-27,2024-01-26,2024-01-29
R002520,O003551,4,"Product is okay, average quality.",2024-06-28,2024-07-01,2024-07-04
R002521,O003554,3,Delivery took longer than expected.,2023-05-25,2023-05-27,2023-05-31
R002522,O003555,3,"Product is okay, average quality.",2023-05-16,2023-05-18,2023-05-19
R002523,O003559,5,Good value for money.,2023-01-07,2023-01-05,2023-01-07
R002524,O003560,5,"Excellent quality, will buy again.",2023-02-08,2023-02-08,2023-02-09
R002525,O003562,2,Not worth the price.,2024-09-23,2024-10-03,2024-10-06
R002526,O003564,5,Exactly as described. Very happy.,2023-10-04,2023-10-04,2023-10-05
R002527,O003565,3,Delivery took longer than expected.,2024-02-21,2024-02-24,2024-02-25
R002528,O003566,4,"Great product, fast delivery!",2023-07-25,2023-07-24,2023-07-28
R002529,O003568,2,"Product is okay, average quality.",2024-07-01,2024-07-02,2024-07-05
R002530,O003569,3,"Product is okay, average quality.",2024-03-16,2024-03-17,2024-03-18
R002531,O003570,4,"Excellent quality, will buy again.",2024-02-17,2024-02-16,2024-02-17
R002532,O003571,2,"Works fine, nothing special.",2024-06-23,2024-06-25,2024-06-29
R002533,O003572,4,"Great product, fast delivery!",2024-04-22,2024-04-21,2024-04-23
R002534,O003573,3,"Works fine, nothing special.",2023-06-17,2023-06-17,2023-06-20
R002535,O003575,5,"Excellent quality, will buy again.",2023-04-29,2023-04-27,2023-04-28
R002536,O003576,3,"Product is okay, average quality.",2023-05-05,2023-05-07,2023-05-10
R002537,O003577,5,"Excellent quality, will buy again.",2024-04-24,2024-04-22,2024-04-26
R002538,O003578,4,"Great product, fast delivery!",2024-10-18,2024-10-17,2024-10-18
R002539,O003579,3,Decent but packaging could improve.,2024-12-10,2024-12-13,2024-12-15
R002540,O003580,4,Decent but packaging could improve.,2024-03-29,2024-03-31,2024-04-01
R002541,O003583,3,Product quality not as expected.,2024-08-06,2024-08-13,2024-08-15
R002542,O003585,4,Delivery took longer than expected.,2024-03-21,2024-03-24,2024-03-25
R002543,O003588,2,"Very late delivery, disappointed.",2024-10-05,2024-10-10,2024-10-13
R002544,O003590,4,"Product is okay, average quality.",2024-06-24,2024-06-27,2024-06-29
R002545,O003591,5,Exactly as described. Very happy.,2024-10-11,2024-10-11,2024-10-14
R002546,O003592,4,Loved it!,2023-07-20,2023-07-19,2023-07-22
R002547,O003593,4,"Works fine, nothing special.",2024-03-24,2024-03-25,2024-03-27
R002548,O003594,4,Exactly as described. Very happy.,2023-08-20,2023-08-20,2023-08-23
R002549,O003596,3,"Product is okay, average quality.",2023-01-23,2023-01-25,2023-01-28
R002550,O003597,4,Delivery took longer than expected.,2024-02-28,2024-03-01,2024-03-05
R002551,O003598,4,Delivery took longer than expected.,2023-05-07,2023-05-10,2023-05-12
R002552,O003599,4,"Excellent quality, will buy again.",2024-05-12,2024-05-12,2024-05-15
R002553,O003600,4,Decent but packaging could improve.,2023-05-31,2023-06-02,2023-06-04
R002554,O003603,4,Good value for money.,2024-11-13,2024-11-13,2024-11-17
R002555,O003604,4,Exactly as described. Very happy.,2023-06-16,2023-06-16,2023-06-17
R002556,O003605,5,Loved it!,2023-04-14,2023-04-12,2023-04-13
R002557,O003607,4,Decent but packaging could improve.,2023-12-29,2024-01-01,2024-01-04
R002558,O003608,3,"Works fine, nothing special.",2024-11-11,2024-11-14,2024-11-18
R002559,O003610,4,Decent but packaging could improve.,2024-03-08,2024-03-11,2024-03-12
R002560,O003611,3,Decent but packaging could improve.,2023-06-23,2023-06-25,2023-06-26
R002561,O003612,4,"Product is okay, average quality.",2023-05-27,2023-05-30,2023-06-01
R002562,O003613,5,Good value for money.,2024-04-14,2024-04-14,2024-04-17
R002563,O003615,5,Exactly as described. Very happy.,2024-06-28,2024-06-27,2024-06-28
R002564,O003616,4,Decent but packaging could improve.,2023-08-12,2023-08-13,2023-08-16
R002565,O003617,2,Delivery took longer than expected.,2023-11-30,2023-12-02,2023-12-05
R002566,O003621,3,"Product is okay, average quality.",2023-09-03,2023-09-05,2023-09-06
R002567,O003624,4,Delivery took longer than expected.,2023-07-25,2023-07-28,2023-08-01
R002568,O003625,5,Exactly as described. Very happy.,2024-12-04,2024-12-04,2024-12-08
R002569,O003626,4,"Works fine, nothing special.",2023-07-21,2023-07-24,2023-07-28
R002570,O003627,3,Delivery took longer than expected.,2024-12-04,2024-12-04,2024-12-07
R002571,O003628,4,"Product is okay, average quality.",2023-04-02,2023-04-05,2023-04-07
R002572,O003631,4,"Works fine, nothing special.",2023-06-01,2023-06-03,2023-06-05
R002573,O003632,2,Delivery took longer than expected.,2024-12-09,2024-12-12,2024-12-16
R002574,O003633,3,"Product is okay, average quality.",2023-11-30,2023-12-02,2023-12-03
R002575,O003634,4,Exactly as described. Very happy.,2024-12-26,2024-12-24,2024-12-27
R002576,O003636,4,Decent but packaging could improve.,2023-08-15,2023-08-17,2023-08-20
R002577,O003637,2,Decent but packaging could improve.,2023-05-25,2023-05-26,2023-05-27
R002578,O003638,2,Delivery took longer than expected.,2023-08-26,2023-08-27,2023-08-29
R002579,O003639,2,"Works fine, nothing special.",2023-03-25,2023-03-26,2023-03-27
R002580,O003642,3,Decent but packaging could improve.,2023-11-07,2023-11-07,2023-11-09
R002581,O003646,5,"Excellent quality, will buy again.",2024-03-12,2024-03-10,2024-03-14
R002582,O003647,4,Decent but packaging could improve.,2023-06-11,2023-06-12,2023-06-13
R002583,O003648,5,"Great product, fast delivery!",2023-04-02,2023-04-02,2023-04-04
R002584,O003649,3,Delivery took longer than expected.,2023-06-02,2023-06-03,2023-06-07
R002585,O003650,4,"Excellent quality, will buy again.",2024-12-04,2024-12-04,2024-12-05
R002586,O003651,1,"Very late delivery, disappointed.",2024-09-18,2024-09-26,2024-09-28
R002587,O003652,5,Good value for money.,2023-09-21,2023-09-19,2023-09-20
R002588,O003653,4,Exactly as described. Very happy.,2024-04-27,2024-04-27,2024-04-30
R002589,O003654,4,Delivery took longer than expected.,2024-01-31,2024-02-02,2024-02-05
R002590,O003656,4,Loved it!,2024-04-17,2024-04-17,2024-04-20
R002591,O003657,4,Delivery took longer than expected.,2024-03-31,2024-04-01,2024-04-02
R002592,O003658,3,Delivery took longer than expected.,2023-08-03,2023-08-05,2023-08-07
R002593,O003659,2,"Works fine, nothing special.",2023-02-22,2023-02-25,2023-03-01
R002594,O003661,4,"Product is okay, average quality.",2024-12-03,2024-12-05,2024-12-08
R002595,O003662,4,Loved it!,2024-01-31,2024-01-31,2024-02-01
R002596,O003665,3,"Works fine, nothing special.",2023-05-20,2023-05-22,2023-05-23
R002597,O003666,5,"Great product, fast delivery!",2024-05-13,2024-05-12,2024-05-16
R002598,O003667,4,Exactly as described. Very happy.,2024-04-27,2024-04-27,2024-05-01
R002599,O003668,3,"Product is okay, average quality.",2024-12-17,2024-12-16,2024-12-20
R002600,O003669,5,Good value for money.,2024-12-30,2024-12-29,2025-01-02
R002601,O003670,3,Delivery took longer than expected.,2024-05-15,2024-05-17,2024-05-18
R002602,O003674,3,Decent but packaging could improve.,2024-07-25,2024-07-28,2024-07-29
R002603,O003675,5,Exactly as described. Very happy.,2024-11-24,2024-11-22,2024-11-25
R002604,O003677,3,"Product is okay, average quality.",2024-03-25,2024-03-27,2024-03-28
R002605,O003679,5,"Excellent quality, will buy again.",2023-11-15,2023-11-15,2023-11-17
R002606,O003681,5,Good value for money.,2024-06-07,2024-06-06,2024-06-09
R002607,O003682,5,Loved it!,2024-11-19,2024-11-17,2024-11-19
R002608,O003684,4,Delivery took longer than expected.,2023-05-14,2023-05-17,2023-05-21
R002609,O003685,4,"Product is okay, average quality.",2024-10-28,2024-10-29,2024-10-31
R002610,O003687,3,Delivery took longer than expected.,2023-07-30,2023-08-02,2023-08-06
R002611,O003688,2,"Product is okay, average quality.",2023-02-06,2023-02-09,2023-02-11
R002612,O003690,4,Good value for money.,2024-11-19,2024-11-19,2024-11-20
R002613,O003691,4,"Works fine, nothing special.",2024-03-30,2024-03-31,2024-04-04
R002614,O003692,2,Decent but packaging could improve.,2024-05-31,2024-06-03,2024-06-05
R002615,O003693,4,Delivery took longer than expected.,2023-07-16,2023-07-18,2023-07-21
R002616,O003694,5,Exactly as described. Very happy.,2024-05-15,2024-05-14,2024-05-16
R002617,O003695,4,Decent but packaging could improve.,2023-01-10,2023-01-11,2023-01-15
R002618,O003696,5,Good value for money.,2023-10-17,2023-10-16,2023-10-19
R002619,O003699,4,Decent but packaging could improve.,2024-09-22,2024-09-25,2024-09-29
R002620,O003702,4,Delivery took longer than expected.,2023-10-26,2023-10-29,2023-11-02
R002621,O003703,4,Delivery took longer than expected.,2024-02-15,2024-02-16,2024-02-20
R002622,O003704,3,"Product is okay, average quality.",2023-03-25,2023-03-27,2023-03-31
R002623,O003705,5,Exactly as described. Very happy.,2023-01-27,2023-01-27,2023-01-29
R002624,O003706,2,"Works fine, nothing special.",2024-11-25,2024-11-26,2024-11-27
R002625,O003708,2,"Poor packaging, item was scratched.",2024-09-08,2024-09-15,2024-09-17
R002626,O003709,4,"Great product, fast delivery!",2025-01-03,2025-01-02,2025-01-05
R002627,O003710,3,"Works fine, nothing special.",2023-06-09,2023-06-10,2023-06-13
R002628,O003712,5,Loved it!,2024-04-14,2024-04-13,2024-04-16
R002629,O003713,5,Good value for money.,2024-12-27,2024-12-26,2024-12-27
R002630,O003714,5,Loved it!,2024-11-21,2024-11-21,2024-11-25
R002631,O003715,2,"Product is okay, average quality.",2023-12-12,2023-12-13,2023-12-14
R002632,O003716,3,Not worth the price.,2024-07-27,2024-08-01,2024-08-03
R002633,O003718,3,Delivery took longer than expected.,2024-12-15,2024-12-18,2024-12-21
R002634,O003719,2,"Works fine, nothing special.",2024-12-26,2024-12-28,2024-12-30
R002635,O003722,5,"Excellent quality, will buy again.",2023-03-07,2023-03-05,2023-03-09
R002636,O003723,4,Good value for money.,2023-07-24,2023-07-23,2023-07-26
R002637,O003727,3,"Product is okay, average quality.",2023-09-29,2023-09-30,2023-10-02
R002638,O003728,3,Decent but packaging could improve.,2025-01-03,2025-01-04,2025-01-07
R002639,O003729,3,Delivery took longer than expected.,2024-03-28,2024-03-30,2024-03-31
R002640,O003731,5,Exactly as described. Very happy.,2023-05-29,2023-05-29,2023-06-02
R002641,O003732,4,"Works fine, nothing special.",2024-12-29,2025-01-01,2025-01-05
R002642,O003733,3,Not worth the price.,2024-10-04,2024-10-14,2024-10-18
R002643,O003734,5,Exactly as described. Very happy.,2023-07-08,2023-07-06,2023-07-09
R002644,O003735,2,Delivery took longer than expected.,2023-02-20,2023-02-23,2023-02-27
R002645,O003736,3,"Works fine, nothing special.",2023-02-16,2023-02-19,2023-02-22
R002646,O003738,4,Decent but packaging could improve.,2024-02-27,2024-02-29,2024-03-02
R002647,O003739,4,"Excellent quality, will buy again.",2024-11-22,2024-11-21,2024-11-25
R002648,O003740,3,"Works fine, nothing special.",2023-12-21,2023-12-21,2023-12-22
R002649,O003742,3,Decent but packaging could improve.,2023-11-18,2023-11-19,2023-11-21
R002650,O003743,4,"Excellent quality, will buy again.",2024-05-07,2024-05-07,2024-05-08
R002651,O003744,3,Delivery took longer than expected.,2024-06-05,2024-06-05,2024-06-06
R002652,O003745,3,Decent but packaging could improve.,2023-05-17,2023-05-18,2023-05-22
R002653,O003746,5,"Excellent quality, will buy again.",2023-09-23,2023-09-23,2023-09-24
R002654,O003749,4,"Great product, fast delivery!",2023-09-12,2023-09-12,2023-09-13
R002655,O003750,3,"Product is okay, average quality.",2024-02-03,2024-02-06,2024-02-09
R002656,O003752,5,"Great product, fast delivery!",2023-12-13,2023-12-13,2023-12-15
R002657,O003753,3,Not worth the price.,2024-08-22,2024-08-30,2024-09-02
R002658,O003755,2,Received a damaged item.,2024-08-30,2024-09-03,2024-09-05
R002659,O003756,4,Loved it!,2024-02-15,2024-02-14,2024-02-18
R002660,O003757,2,Delivery took longer than expected.,2024-11-19,2024-11-20,2024-11-22
R002661,O003758,3,"Product is okay, average quality.",2023-11-26,2023-11-29,2023-12-02
R002662,O003760,3,Delivery took longer than expected.,2024-03-10,2024-03-09,2024-03-10
R002663,O003761,3,"Product is okay, average quality.",2023-11-26,2023-11-27,2023-11-28
R002664,O003763,4,"Great product, fast delivery!",2023-03-25,2023-03-23,2023-03-26
R002665,O003764,4,Loved it!,2023-01-10,2023-01-09,2023-01-10
R002666,O003765,4,Good value for money.,2024-10-19,2024-10-19,2024-10-22
R002667,O003767,4,Loved it!,2023-07-02,2023-07-02,2023-07-03
R002668,O003768,3,"Works fine, nothing special.",2024-07-04,2024-07-03,2024-07-04
R002669,O003769,5,Loved it!,2023-08-27,2023-08-27,2023-08-31
R002670,O003771,5,Exactly as described. Very happy.,2023-05-21,2023-05-19,2023-05-21
R002671,O003772,3,Delivery took longer than expected.,2024-12-24,2024-12-26,2024-12-27
R002672,O003773,4,Good value for money.,2024-10-16,2024-10-14,2024-10-18
R002673,O003774,5,"Excellent quality, will buy again.",2024-10-21,2024-10-19,2024-10-20
R002674,O003775,5,"Great product, fast delivery!",2023-10-17,2023-10-15,2023-10-17
R002675,O003776,5,Good value for money.,2024-06-18,2024-06-16,2024-06-20
R002676,O003777,4,"Excellent quality, will buy again.",2023-04-07,2023-04-07,2023-04-11
R002677,O003779,5,Good value for money.,2023-01-17,2023-01-17,2023-01-19
R002678,O003780,5,Exactly as described. Very happy.,2024-03-02,2024-02-29,2024-03-02
R002679,O003781,3,Delivery took longer than expected.,2023-11-26,2023-11-28,2023-12-02
R002680,O003782,5,"Great product, fast delivery!",2023-12-23,2023-12-22,2023-12-24
R002681,O003785,4,"Works fine, nothing special.",2024-05-09,2024-05-10,2024-05-13
R002682,O003786,5,"Excellent quality, will buy again.",2023-11-09,2023-11-07,2023-11-09
R002683,O003788,4,"Product is okay, average quality.",2023-06-07,2023-06-08,2023-06-12
R002684,O003791,4,Loved it!,2023-06-18,2023-06-18,2023-06-19
R002685,O003792,4,Exactly as described. Very happy.,2023-06-14,2023-06-13,2023-06-17
R002686,O003793,3,Decent but packaging could improve.,2024-03-14,2024-03-14,2024-03-16
R002687,O003794,3,Product quality not as expected.,2024-09-10,2024-09-20,2024-09-21
R002688,O003796,3,"Works fine, nothing special.",2023-07-26,2023-07-27,2023-07-28
R002689,O003798,2,Decent but packaging could improve.,2024-04-09,2024-04-10,2024-04-11
R002690,O003799,5,Exactly as described. Very happy.,2023-11-12,2023-11-10,2023-11-14
R002691,O003800,5,Good value for money.,2024-01-03,2024-01-01,2024-01-02
R002692,O003801,4,"Product is okay, average quality.",2023-06-19,2023-06-20,2023-06-21
R002693,O003802,5,Loved it!,2024-04-01,2024-03-30,2024-03-31
R002694,O003807,3,Delivery took longer than expected.,2024-01-16,2024-01-17,2024-01-19
R002695,O003808,4,"Excellent quality, will buy again.",2024-11-19,2024-11-19,2024-11-21
R002696,O003809,3,Decent but packaging could improve.,2024-08-14,2024-08-17,2024-08-20
R002697,O003813,2,Decent but packaging could improve.,2023-12-31,2024-01-03,2024-01-04
R002698,O003815,5,Good value for money.,2023-11-11,2023-11-11,2023-11-12
R002699,O003816,3,Decent but packaging could improve.,2023-08-02,2023-08-04,2023-08-06
R002700,O003817,4,Loved it!,2024-11-11,2024-11-09,2024-11-11
R002701,O003818,5,Exactly as described. Very happy.,2023-09-10,2023-09-09,2023-09-11
R002702,O003821,4,Decent but packaging could improve.,2024-03-17,2024-03-20,2024-03-24
R002703,O003822,4,Decent but packaging could improve.,2024-01-25,2024-01-28,2024-01-29
R002704,O003823,5,"Great product, fast delivery!",2023-04-29,2023-04-28,2023-05-01
R002705,O003824,2,"Product is okay, average quality.",2023-10-31,2023-11-03,2023-11-06
R002706,O003825,4,"Product is okay, average quality.",2023-03-24,2023-03-26,2023-03-29
R002707,O003826,5,Loved it!,2024-03-20,2024-03-18,2024-03-20
R002708,O003827,5,Good value for money.,2023-11-13,2023-11-13,2023-11-16
R002709,O003828,2,"Poor packaging, item was scratched.",2024-07-18,2024-07-24,2024-07-26
R002710,O003829,4,Exactly as described. Very happy.,2023-06-30,2023-06-28,2023-07-02
R002711,O003833,4,Decent but packaging could improve.,2024-05-23,2024-05-26,2024-05-28
R002712,O003834,3,"Product is okay, average quality.",2023-12-02,2023-12-05,2023-12-06
R002713,O003835,3,"Works fine, nothing special.",2023-12-08,2023-12-06,2023-12-09
R002714,O003836,3,"Works fine, nothing special.",2023-03-10,2023-03-11,2023-03-12
R002715,O003837,3,"Works fine, nothing special.",2024-12-12,2024-12-10,2024-12-11
R002716,O003838,4,"Product is okay, average quality.",2024-04-19,2024-04-20,2024-04-21
R002717,O003839,5,Loved it!,2023-07-15,2023-07-15,2023-07-17
R002718,O003842,4,Loved it!,2024-12-29,2024-12-28,2025-01-01
R002719,O003843,4,Decent but packaging could improve.,2023-06-01,2023-06-02,2023-06-06
R002720,O003845,3,"Works fine, nothing special.",2023-07-14,2023-07-15,2023-07-19
R002721,O003846,4,Exactly as described. Very happy.,2024-05-11,2024-05-09,2024-05-10
R002722,O003851,2,Delivery took longer than expected.,2023-03-18,2023-03-21,2023-03-23
R002723,O003852,4,"Product is okay, average quality.",2023-08-09,2023-08-12,2023-08-13
R002724,O003854,3,Decent but packaging could improve.,2024-12-10,2024-12-13,2024-12-14
R002725,O003856,4,Delivery took longer than expected.,2024-06-25,2024-06-27,2024-06-29
R002726,O003858,2,Delivery took longer than expected.,2023-06-25,2023-06-26,2023-06-30
R002727,O003859,3,"Works fine, nothing special.",2023-06-28,2023-07-01,2023-07-02
R002728,O003861,4,Decent but packaging could improve.,2023-11-22,2023-11-25,2023-11-26
R002729,O003862,5,Exactly as described. Very happy.,2023-06-28,2023-06-28,2023-07-01
R002730,O003863,3,Decent but packaging could improve.,2023-01-23,2023-01-26,2023-01-28
R002731,O003865,4,"Product is okay, average quality.",2024-12-12,2024-12-13,2024-12-17
R002732,O003867,4,"Great product, fast delivery!",2023-09-08,2023-09-08,2023-09-11
R002733,O003868,5,"Great product, fast delivery!",2023-01-17,2023-01-16,2023-01-20
R002734,O003870,2,Product quality not as expected.,2024-09-24,2024-10-03,2024-10-05
R002735,O003871,4,Loved it!,2023-04-12,2023-04-10,2023-04-12
R002736,O003872,5,"Excellent quality, will buy again.",2023-05-14,2023-05-12,2023-05-16
R002737,O003873,3,Not worth the price.,2024-07-19,2024-07-23,2024-07-27
R002738,O003874,4,"Product is okay, average quality.",2024-03-19,2024-03-22,2024-03-23
R002739,O003875,3,"Product is okay, average quality.",2023-02-17,2023-02-18,2023-02-19
R002740,O003876,3,"Product is okay, average quality.",2024-03-13,2024-03-15,2024-03-16
R002741,O003877,5,"Great product, fast delivery!",2023-08-26,2023-08-24,2023-08-26
R002742,O003878,4,"Works fine, nothing special.",2023-09-29,2023-09-30,2023-10-02
R002743,O003879,5,Loved it!,2024-06-24,2024-06-24,2024-06-28
R002744,O003880,2,"Poor packaging, item was scratched.",2024-08-25,2024-09-04,2024-09-05
R002745,O003881,4,Loved it!,2023-10-18,2023-10-18,2023-10-22
R002746,O003882,4,"Works fine, nothing special.",2024-12-12,2024-12-15,2024-12-17
R002747,O003884,3,Decent but packaging could improve.,2024-06-19,2024-06-17,2024-06-21
R002748,O003885,5,Good value for money.,2024-01-01,2024-01-01,2024-01-02
R002749,O003886,3,Delivery took longer than expected.,2024-11-09,2024-11-10,2024-11-13
R002750,O003887,3,"Product is okay, average quality.",2024-11-17,2024-11-18,2024-11-20
R002751,O003889,5,Exactly as described. Very happy.,2024-11-19,2024-11-17,2024-11-18
R002752,O003890,2,"Poor packaging, item was scratched.",2024-09-06,2024-09-14,2024-09-16
R002753,O003894,5,Loved it!,2024-10-20,2024-10-20,2024-10-22
R002754,O003895,4,"Great product, fast delivery!",2023-08-01,2023-07-30,2023-08-03
R002755,O003896,4,Good value for money.,2024-12-20,2024-12-18,2024-12-22
R002756,O003897,4,"Works fine, nothing special.",2023-02-14,2023-02-17,2023-02-21
R002757,O003899,4,Loved it!,2024-01-22,2024-01-22,2024-01-23
R002758,O003900,4,"Product is okay, average quality.",2024-02-27,2024-03-01,2024-03-05
R002759,O003901,5,Loved it!,2024-03-10,2024-03-10,2024-03-14
R002760,O003902,4,"Works fine, nothing special.",2023-01-07,2023-01-08,2023-01-10
R002761,O003903,3,Decent but packaging could improve.,2025-01-03,2025-01-05,2025-01-08
R002762,O003904,4,Delivery took longer than expected.,2023-02-17,2023-02-19,2023-02-22
R002763,O003905,3,"Works fine, nothing special.",2023-04-14,2023-04-16,2023-04-17
R002764,O003906,4,"Excellent quality, will buy again.",2023-01-24,2023-01-24,2023-01-25
R002765,O003907,2,Delivery took longer than expected.,2024-01-27,2024-01-29,2024-01-30
R002766,O003908,5,Good value for money.,2024-11-17,2024-11-17,2024-11-18
R002767,O003909,2,"Works fine, nothing special.",2024-04-23,2024-04-24,2024-04-25
R002768,O003910,2,Not worth the price.,2024-09-10,2024-09-19,2024-09-21
R002769,O003911,5,"Excellent quality, will buy again.",2023-01-23,2023-01-23,2023-01-24
R002770,O003914,3,"Product is okay, average quality.",2023-12-14,2023-12-17,2023-12-19
R002771,O003916,2,Delivery took longer than expected.,2024-04-12,2024-04-14,2024-04-15
R002772,O003917,4,"Works fine, nothing special.",2023-12-31,2024-01-03,2024-01-05
R002773,O003918,5,"Excellent quality, will buy again.",2024-06-20,2024-06-20,2024-06-22
R002774,O003919,5,"Excellent quality, will buy again.",2023-12-22,2023-12-22,2023-12-26
R002775,O003921,3,Delivery took longer than expected.,2024-04-24,2024-04-22,2024-04-25
R002776,O003923,3,"Works fine, nothing special.",2024-10-26,2024-10-26,2024-10-27
R002777,O003924,4,Loved it!,2024-03-07,2024-03-06,2024-03-08
R002778,O003926,2,Delivery took longer than expected.,2024-12-17,2024-12-19,2024-12-22
R002779,O003927,4,Good value for money.,2023-12-11,2023-12-09,2023-12-11
R002780,O003928,5,"Excellent quality, will buy again.",2023-02-27,2023-02-26,2023-02-28
R002781,O003929,2,"Works fine, nothing special.",2024-03-14,2024-03-15,2024-03-19
R002782,O003930,3,Delivery took longer than expected.,2023-08-01,2023-07-30,2023-08-02
R002783,O003931,1,"Very late delivery, disappointed.",2024-08-27,2024-09-04,2024-09-07
R002784,O003932,2,"Poor packaging, item was scratched.",2024-09-26,2024-10-06,2024-10-10
R002785,O003933,3,Decent but packaging could improve.,2024-12-10,2024-12-11,2024-12-13
R002786,O003935,4,Exactly as described. Very happy.,2023-11-13,2023-11-12,2023-11-14
R002787,O003936,4,Decent but packaging could improve.,2024-06-22,2024-06-25,2024-06-27
R002788,O003937,5,Loved it!,2023-04-08,2023-04-07,2023-04-08
R002789,O003938,2,Decent but packaging could improve.,2024-01-13,2024-01-16,2024-01-20
R002790,O003941,5,Loved it!,2023-11-09,2023-11-07,2023-11-09
R002791,O003942,4,"Great product, fast delivery!",2024-11-04,2024-11-03,2024-11-06
R002792,O003943,3,Delivery took longer than expected.,2024-10-28,2024-10-31,2024-11-04
R002793,O003944,4,Decent but packaging could improve.,2023-03-16,2023-03-17,2023-03-21
R002794,O003945,2,Decent but packaging could improve.,2023-03-21,2023-03-23,2023-03-25
R002795,O003947,2,"Product is okay, average quality.",2024-10-14,2024-10-16,2024-10-20
R002796,O003948,4,"Product is okay, average quality.",2023-04-18,2023-04-19,2023-04-22
R002797,O003949,5,Good value for money.,2024-05-23,2024-05-21,2024-05-24
R002798,O003950,3,Decent but packaging could improve.,2023-03-28,2023-03-30,2023-04-02
R002799,O003952,5,"Great product, fast delivery!",2023-09-11,2023-09-09,2023-09-10
R002800,O003953,1,"Poor packaging, item was scratched.",2024-07-15,2024-07-20,2024-07-24
R002801,O003954,3,Delivery took longer than expected.,2023-06-28,2023-06-30,2023-07-03
R002802,O003955,2,Delivery took longer than expected.,2024-03-28,2024-03-30,2024-03-31
R002803,O003956,5,Loved it!,2023-06-21,2023-06-19,2023-06-20
R002804,O003957,3,"Product is okay, average quality.",2024-06-02,2024-06-04,2024-06-06
R002805,O003958,4,Delivery took longer than expected.,2024-10-30,2024-11-02,2024-11-05
R002806,O003959,3,Delivery took longer than expected.,2023-04-10,2023-04-10,2023-04-13
R002807,O003960,5,"Great product, fast delivery!",2024-10-23,2024-10-21,2024-10-24
R002808,O003962,4,"Excellent quality, will buy again.",2023-04-08,2023-04-06,2023-04-09
R002809,O003963,4,Good value for money.,2023-11-26,2023-11-26,2023-11-27
R002810,O003966,4,Decent but packaging could improve.,2024-06-07,2024-06-08,2024-06-10
R002811,O003967,4,Exactly as described. Very happy.,2023-03-30,2023-03-29,2023-04-01
R002812,O003969,2,"Poor packaging, item was scratched.",2024-08-09,2024-08-16,2024-08-18
R002813,O003970,3,"Product is okay, average quality.",2024-11-25,2024-11-24,2024-11-26
R002814,O003971,4,Decent but packaging could improve.,2023-12-22,2023-12-25,2023-12-29
R002815,O003972,4,"Excellent quality, will buy again.",2024-12-25,2024-12-24,2024-12-27
R002816,O003974,4,"Product is okay, average quality.",2023-10-26,2023-10-27,2023-10-31
R002817,O003975,4,Decent but packaging could improve.,2024-10-11,2024-10-14,2024-10-16
R002818,O003976,2,"Works fine, nothing special.",2023-12-09,2023-12-10,2023-12-11
R002819,O003979,4,Good value for money.,2024-10-10,2024-10-10,2024-10-11
R002820,O003980,2,"Very late delivery, disappointed.",2024-09-07,2024-09-16,2024-09-18
R002821,O003981,4,Good value for money.,2023-11-01,2023-10-30,2023-11-02
R002822,O003982,4,Delivery took longer than expected.,2023-09-12,2023-09-13,2023-09-16
R002823,O003983,4,Exactly as described. Very happy.,2023-12-26,2023-12-24,2023-12-25
R002824,O003986,3,Delivery took longer than expected.,2024-07-13,2024-07-16,2024-07-18
R002825,O003987,2,"Product is okay, average quality.",2023-12-27,2023-12-30,2024-01-03
R002826,O003988,2,"Product is okay, average quality.",2023-09-16,2023-09-17,2023-09-21
R002827,O003989,3,Decent but packaging could improve.,2023-03-07,2023-03-09,2023-03-13
R002828,O003991,2,"Product is okay, average quality.",2024-12-31,2025-01-03,2025-01-06
R002829,O003994,4,"Excellent quality, will buy again.",2023-11-28,2023-11-26,2023-11-28
R002830,O003995,3,"Works fine, nothing special.",2023-08-24,2023-08-25,2023-08-28
R002831,O003997,4,Loved it!,2023-08-31,2023-08-30,2023-09-02
R002832,O003998,4,Good value for money.,2024-01-16,2024-01-16,2024-01-19
R002833,O003999,2,"Product is okay, average quality.",2024-01-14,2024-01-15,2024-01-18
R002834,O004002,3,Delivery took longer than expected.,2024-12-19,2024-12-21,2024-12-22
R002835,O004003,5,Exactly as described. Very happy.,2023-10-21,2023-10-20,2023-10-22
R002836,O004004,5,Loved it!,2023-08-02,2023-07-31,2023-08-01
R002837,O004005,4,Decent but packaging could improve.,2023-08-01,2023-08-04,2023-08-06
R002838,O004006,2,"Product is okay, average quality.",2023-11-11,2023-11-13,2023-11-16
R002839,O004007,4,"Great product, fast delivery!",2024-06-17,2024-06-17,2024-06-18
R002840,O004008,3,Decent but packaging could improve.,2023-07-03,2023-07-05,2023-07-09
R002841,O004009,2,"Product is okay, average quality.",2024-05-16,2024-05-18,2024-05-21
R002842,O004010,4,Decent but packaging could improve.,2023-01-26,2023-01-27,2023-01-29
R002843,O004011,4,"Excellent quality, will buy again.",2023-11-18,2023-11-16,2023-11-17
R002844,O004012,2,Received a damaged item.,2024-07-09,2024-07-19,2024-07-20
R002845,O004013,4,Loved it!,2023-09-09,2023-09-07,2023-09-10
R002846,O004014,4,"Works fine, nothing special.",2024-01-22,2024-01-23,2024-01-27
R002847,O004015,4,Decent but packaging could improve.,2023-06-13,2023-06-15,2023-06-16
R002848,O004016,3,Delivery took longer than expected.,2024-06-18,2024-06-19,2024-06-20
R002849,O004017,4,"Works fine, nothing special.",2023-03-04,2023-03-07,2023-03-11
R002850,O004019,4,"Product is okay, average quality.",2023-06-30,2023-07-02,2023-07-06
R002851,O004020,3,"Product is okay, average quality.",2024-10-20,2024-10-20,2024-10-23
R002852,O004021,4,"Great product, fast delivery!",2023-09-27,2023-09-26,2023-09-27
R002853,O004022,3,Delivery took longer than expected.,2024-05-08,2024-05-06,2024-05-07
R002854,O004024,5,"Excellent quality, will buy again.",2024-11-16,2024-11-15,2024-11-16
R002855,O004025,3,Delivery took longer than expected.,2023-04-23,2023-04-24,2023-04-26
R002856,O004026,5,Loved it!,2023-05-22,2023-05-21,2023-05-24
R002857,O004028,3,Delivery took longer than expected.,2023-03-18,2023-03-21,2023-03-23
R002858,O004029,4,Delivery took longer than expected.,2023-06-26,2023-06-27,2023-07-01
R002859,O004030,5,"Excellent quality, will buy again.",2024-12-18,2024-12-16,2024-12-18
R002860,O004031,5,Exactly as described. Very happy.,2024-12-30,2024-12-29,2024-12-31
R002861,O004033,4,"Excellent quality, will buy again.",2024-11-22,2024-11-21,2024-11-25
R002862,O004034,5,Good value for money.,2024-01-22,2024-01-20,2024-01-24
R002863,O004035,5,Exactly as described. Very happy.,2023-07-15,2023-07-13,2023-07-15
R002864,O004036,3,"Works fine, nothing special.",2024-05-28,2024-05-31,2024-06-04
R002865,O004037,3,Decent but packaging could improve.,2024-04-18,2024-04-19,2024-04-20
R002866,O004039,4,Delivery took longer than expected.,2023-07-18,2023-07-19,2023-07-20
R002867,O004040,3,Decent but packaging could improve.,2024-04-15,2024-04-16,2024-04-18
R002868,O004043,4,"Product is okay, average quality.",2023-01-22,2023-01-25,2023-01-26
R002869,O004044,4,"Great product, fast delivery!",2024-12-22,2024-12-21,2024-12-24
R002870,O004048,5,Loved it!,2023-08-28,2023-08-26,2023-08-30
R002871,O004049,5,Good value for money.,2023-04-18,2023-04-18,2023-04-20
R002872,O004051,5,"Excellent quality, will buy again.",2023-10-11,2023-10-11,2023-10-15
R002873,O004052,5,"Great product, fast delivery!",2024-07-01,2024-07-01,2024-07-05
R002874,O004055,3,Delivery took longer than expected.,2023-01-10,2023-01-12,2023-01-16
R002875,O004056,2,Delivery took longer than expected.,2023-04-03,2023-04-06,2023-04-09
R002876,O004057,5,Loved it!,2023-11-25,2023-11-24,2023-11-25
R002877,O004059,2,Delivery took longer than expected.,2024-03-12,2024-03-14,2024-03-18
R002878,O004060,1,"Poor packaging, item was scratched.",2024-08-13,2024-08-18,2024-08-22
R002879,O004061,3,"Product is okay, average quality.",2023-11-27,2023-11-28,2023-12-01
R002880,O004062,2,Delivery took longer than expected.,2023-09-14,2023-09-17,2023-09-20
R002881,O004064,4,Delivery took longer than expected.,2024-10-28,2024-10-31,2024-11-01
R002882,O004065,1,"Very late delivery, disappointed.",2024-07-09,2024-07-15,2024-07-16
R002883,O004066,4,Delivery took longer than expected.,2023-06-01,2023-06-04,2023-06-05
R002884,O004068,4,"Excellent quality, will buy again.",2023-12-20,2023-12-20,2023-12-23
R002885,O004069,3,"Product is okay, average quality.",2024-03-11,2024-03-14,2024-03-17
R002886,O004071,3,"Product is okay, average quality.",2024-02-24,2024-02-25,2024-02-29
R002887,O004072,4,"Great product, fast delivery!",2024-01-13,2024-01-13,2024-01-16
R002888,O004073,3,"Works fine, nothing special.",2023-02-17,2023-02-20,2023-02-22
R002889,O004074,2,"Works fine, nothing special.",2023-02-27,2023-02-28,2023-03-04
R002890,O004075,4,"Great product, fast delivery!",2023-05-20,2023-05-19,2023-05-21
R002891,O004076,4,Loved it!,2023-01-24,2023-01-24,2023-01-27
R002892,O004077,3,Decent but packaging could improve.,2024-06-25,2024-06-27,2024-06-30
R002893,O004080,2,Product quality not as expected.,2024-09-29,2024-10-06,2024-10-08
R002894,O004081,4,Decent but packaging could improve.,2023-05-22,2023-05-24,2023-05-27
R002895,O004082,4,"Excellent quality, will buy again.",2023-08-09,2023-08-08,2023-08-09
R002896,O004083,3,"Product is okay, average quality.",2023-07-09,2023-07-11,2023-07-14
R002897,O004084,5,Loved it!,2023-10-18,2023-10-16,2023-10-20
R002898,O004085,4,Decent but packaging could improve.,2023-07-30,2023-08-02,2023-08-03
R002899,O004086,5,Loved it!,2023-12-17,2023-12-15,2023-12-19
R002900,O004089,3,Decent but packaging could improve.,2023-02-12,2023-02-12,2023-02-13
R002901,O004090,3,Delivery took longer than expected.,2023-04-12,2023-04-13,2023-04-17
R002902,O004092,4,"Product is okay, average quality.",2024-03-24,2024-03-27,2024-03-30
R002903,O004093,4,"Great product, fast delivery!",2023-02-27,2023-02-27,2023-03-03
R002904,O004094,1,Product quality not as expected.,2024-09-13,2024-09-23,2024-09-25
R002905,O004095,4,"Excellent quality, will buy again.",2023-12-10,2023-12-10,2023-12-14
R002906,O004097,3,"Works fine, nothing special.",2024-01-29,2024-01-31,2024-02-01
R002907,O004098,2,Delivery took longer than expected.,2023-05-22,2023-05-25,2023-05-27
R002908,O004100,4,Loved it!,2023-08-27,2023-08-26,2023-08-27
R002909,O004101,5,Loved it!,2024-02-25,2024-02-23,2024-02-25
R002910,O004102,4,Good value for money.,2023-06-13,2023-06-13,2023-06-16
R002911,O004103,5,"Great product, fast delivery!",2023-04-13,2023-04-11,2023-04-13
R002912,O004106,1,Not worth the price.,2024-09-03,2024-09-11,2024-09-15
R002913,O004108,3,Delivery took longer than expected.,2023-08-06,2023-08-07,2023-08-08
R002914,O004109,4,Loved it!,2023-04-10,2023-04-10,2023-04-12
R002915,O004110,5,"Great product, fast delivery!",2023-04-12,2023-04-10,2023-04-14
R002916,O004111,5,"Great product, fast delivery!",2024-05-09,2024-05-08,2024-05-12
R002917,O004112,2,Decent but packaging could improve.,2024-03-21,2024-03-23,2024-03-24
R002918,O004114,5,Loved it!,2024-11-29,2024-11-28,2024-11-29
R002919,O004115,5,Good value for money.,2024-05-10,2024-05-09,2024-05-12
R002920,O004116,4,"Product is okay, average quality.",2023-05-19,2023-05-22,2023-05-23
R002921,O004118,3,"Product is okay, average quality.",2024-10-28,2024-10-27,2024-10-29
R002922,O004120,5,Exactly as described. Very happy.,2023-02-13,2023-02-11,2023-02-12
R002923,O004122,2,"Product is okay, average quality.",2023-10-12,2023-10-13,2023-10-15
R002924,O004123,4,"Product is okay, average quality.",2024-11-23,2024-11-24,2024-11-28
R002925,O004124,4,"Works fine, nothing special.",2024-04-08,2024-04-10,2024-04-12
R002926,O004125,5,Exactly as described. Very happy.,2023-03-11,2023-03-09,2023-03-13
R002927,O004126,5,"Excellent quality, will buy again.",2024-12-20,2024-12-19,2024-12-20
R002928,O004128,4,Exactly as described. Very happy.,2023-10-01,2023-09-30,2023-10-04
R002929,O004129,5,"Excellent quality, will buy again.",2023-10-24,2023-10-23,2023-10-26
R002930,O004130,5,"Great product, fast delivery!",2023-02-14,2023-02-13,2023-02-14
R002931,O004131,3,"Product is okay, average quality.",2023-12-08,2023-12-08,2023-12-09
R002932,O004132,5,Good value for money.,2023-04-05,2023-04-05,2023-04-06
R002933,O004133,5,Exactly as described. Very happy.,2023-10-14,2023-10-12,2023-10-13
R002934,O004134,5,"Excellent quality, will buy again.",2023-09-29,2023-09-27,2023-09-30
R002935,O004135,4,Good value for money.,2024-06-10,2024-06-10,2024-06-13
R002936,O004136,3,"Works fine, nothing special.",2024-08-12,2024-08-15,2024-08-17
R002937,O004137,3,Delivery took longer than expected.,2023-04-19,2023-04-22,2023-04-25
R002938,O004138,4,"Works fine, nothing special.",2023-09-28,2023-10-01,2023-10-03
R002939,O004139,3,"Works fine, nothing special.",2023-10-29,2023-10-30,2023-10-31
R002940,O004140,4,"Works fine, nothing special.",2023-04-17,2023-04-20,2023-04-24
R002941,O004142,3,"Works fine, nothing special.",2024-05-31,2024-06-01,2024-06-04
R002942,O004145,4,Loved it!,2023-03-13,2023-03-12,2023-03-16
R002943,O004146,2,"Product is okay, average quality.",2024-03-30,2024-04-02,2024-04-04
R002944,O004147,4,"Product is okay, average quality.",2023-04-29,2023-05-01,2023-05-03
R002945,O004149,1,"Very late delivery, disappointed.",2024-07-20,2024-07-25,2024-07-28
R002946,O004150,4,"Great product, fast delivery!",2023-10-23,2023-10-22,2023-10-25
R002947,O004151,5,Loved it!,2024-02-21,2024-02-19,2024-02-22
R002948,O004153,5,Loved it!,2024-01-09,2024-01-09,2024-01-13
R002949,O004154,4,"Works fine, nothing special.",2023-05-27,2023-05-30,2023-06-01
R002950,O004156,5,Loved it!,2024-10-08,2024-10-06,2024-10-07
R002951,O004158,4,"Works fine, nothing special.",2024-04-30,2024-05-02,2024-05-05
R002952,O004159,5,"Great product, fast delivery!",2024-10-12,2024-10-11,2024-10-14
R002953,O004160,5,Loved it!,2024-12-01,2024-12-01,2024-12-04
R002954,O004165,3,"Product is okay, average quality.",2024-06-23,2024-06-25,2024-06-28
R002955,O004166,2,"Works fine, nothing special.",2024-02-29,2024-03-03,2024-03-05
R002956,O004167,5,Exactly as described. Very happy.,2023-05-10,2023-05-10,2023-05-13
R002957,O004168,1,Not worth the price.,2024-08-20,2024-08-26,2024-08-28
R002958,O004169,5,Loved it!,2024-05-17,2024-05-15,2024-05-18
R002959,O004171,5,Good value for money.,2023-11-20,2023-11-18,2023-11-20
R002960,O004172,4,"Works fine, nothing special.",2023-05-09,2023-05-10,2023-05-11
R002961,O004173,4,Good value for money.,2023-09-10,2023-09-08,2023-09-09
R002962,O004174,5,Good value for money.,2023-01-21,2023-01-20,2023-01-23
R002963,O004175,5,Exactly as described. Very happy.,2023-10-27,2023-10-25,2023-10-28
R002964,O004176,4,Decent but packaging could improve.,2024-01-17,2024-01-20,2024-01-22
R002965,O004179,1,Received a damaged item.,2024-10-03,2024-10-10,2024-10-11
R002966,O004180,2,"Works fine, nothing special.",2023-07-05,2023-07-07,2023-07-11
R002967,O004181,3,Delivery took longer than expected.,2023-05-03,2023-05-06,2023-05-08
R002968,O004182,5,"Great product, fast delivery!",2024-10-27,2024-10-25,2024-10-29
R002969,O004183,3,"Product is okay, average quality.",2023-06-01,2023-06-04,2023-06-07
R002970,O004184,4,Decent but packaging could improve.,2024-12-21,2024-12-23,2024-12-27
R002971,O004188,3,Delivery took longer than expected.,2023-03-12,2023-03-10,2023-03-13
R002972,O004189,5,Good value for money.,2023-08-18,2023-08-16,2023-08-19
R002973,O004190,3,"Product is okay, average quality.",2024-03-18,2024-03-20,2024-03-23
R002974,O004193,3,Decent but packaging could improve.,2023-03-03,2023-03-01,2023-03-05
R002975,O004195,4,"Product is okay, average quality.",2024-02-21,2024-02-22,2024-02-26
R002976,O004197,5,"Excellent quality, will buy again.",2023-07-27,2023-07-27,2023-07-31
R002977,O004198,5,Exactly as described. Very happy.,2023-09-28,2023-09-28,2023-10-02
R002978,O004199,4,Decent but packaging could improve.,2024-10-27,2024-10-30,2024-11-03
R002979,O004200,5,"Great product, fast delivery!",2023-06-24,2023-06-22,2023-06-23
